-- ============================================================================
-- InvestorLens India -- 2_DATA_complete.sql
-- ============================================================================
-- THE ONE data file: every row of research for all 107 companies.
--
-- HOW IT WORKS (read this once, it matters):
--   Step 1 of this file WIPES all existing rows from the data tables.
--   Step 2 rebuilds everything from scratch: 107 companies, all metrics,
--          value chains, real-time tags, bull/bear cases, management
--          profiles, market caps and cross-company narratives.
--
-- WHY WIPE FIRST? Because it makes this file impossible to mess up:
--   * Database currently has the old 58 companies?  -> ends with 107.
--   * Database has 58 + a few batches you ran before? -> ends with 107.
--   * You accidentally run this file TWICE?           -> still exactly 107.
--   No duplicate-key errors. No "which batch did I already run?" anxiety.
--   One file, one run, one guaranteed end state.
--
-- IS WIPING SAFE? Yes, in this specific database: every row it deletes is
-- recreated by this same file seconds later. Nothing user-generated lives
-- in these tables, and the robot's staging table is empty by design.
--
-- PREREQUISITE: run 1_SCHEMA_complete.sql first (it is safe to re-run).
-- Generated: 2026-07-03
-- ============================================================================

BEGIN;

-- ---------------------------------------------------------------------------
-- STEP 1: CLEAN SLATE
-- One statement empties every data table. CASCADE handles the table
-- relationships; RESTART IDENTITY resets the auto-numbering counters.
-- ---------------------------------------------------------------------------
TRUNCATE TABLE
  bull_bear_cases,
  chain_nodes,
  tech_geo_tags,
  metric_snapshots,
  mgmt_profiles,
  cross_company_narratives,
  staged_metric_snapshots,
  companies
RESTART IDENTITY CASCADE;

-- ---------------------------------------------------------------------------
-- STEP 2: REBUILD -- all 107 companies, in the order they were researched
-- ---------------------------------------------------------------------------


-- ---------------------------------------------------------------------------
-- SECTION 1: Original 58 companies (Phase 1 research)
-- ---------------------------------------------------------------------------
-- InvestorLens India — Phase 1 bulk import (auto-generated)
-- Run AFTER SCHEMA.sql (plus the value_chain columns migration below).
-- 58 companies. Idempotent-ish: wrapped in one transaction.

-- value_chain in the seed is narrative, so add two columns to hold it as-is:


INSERT INTO companies (ticker,name,exchange,sector,sub_sector,compare_group,business_core,source_note,moat_note,value_chain_position,value_chain_note) VALUES ('HDFCBANK','HDFC Bank','NSE','Banking','Private Bank','Banks','HDFC Bank takes public deposits and lends the money back out across home loans, vehicle loans, credit cards, SME and corporate credit. It earns mainly on the spread between what it pays depositors and what it charges borrowers (net interest margin), plus fees from cards, insurance distribution and transaction banking. It absorbed parent HDFC Ltd, India''s largest mortgage lender, in a July 2023 merger.','HDFC Bank Q3 FY26 results filing (SEC Form 6-K) and Q4 FY26 investor presentation','Scale + branch network (9,455+ branches) + brand trust. India''s largest private bank by assets and one of three systemically important banks.','No physical value chain — banks face a platform disintermediation dynamic instead. HDFC Bank holds the customer''s account and the underlying money, but the customer-facing ''app layer'' for everyday payments increasingly belongs to someone else.','BIS research on UPI confirms this directly: banks hold a small share of the UPI transaction-initiation market by value, even as the dominant non-bank apps (Google Pay, PhonePe) capture the customer relationship at the point of use.');
INSERT INTO metric_snapshots (ticker,snapshot_date,metric_key,metric_value,metric_unit,metric_label,metric_note,higher_is_better,status) VALUES ('HDFCBANK','2025-12-31','nim',3.51,'%','Net Interest Margin','On interest-earning assets. Core lending profit margin.',TRUE,'verified');
INSERT INTO metric_snapshots (ticker,snapshot_date,metric_key,metric_value,metric_unit,metric_label,metric_note,higher_is_better,status) VALUES ('HDFCBANK','2025-12-31','gnpa_pct',1.24,'%','Gross NPA','Share of loans categorised as bad, before provisions.',FALSE,'verified');
INSERT INTO metric_snapshots (ticker,snapshot_date,metric_key,metric_value,metric_unit,metric_label,metric_note,higher_is_better,status) VALUES ('HDFCBANK','2025-12-31','nnpa_pct',0.42,'%','Net NPA','Bad loans after the bank''s own provisioning cushion.',FALSE,'verified');
INSERT INTO metric_snapshots (ticker,snapshot_date,metric_key,metric_value,metric_unit,metric_label,metric_note,higher_is_better,status) VALUES ('HDFCBANK','2025-12-31','casa_pct',33.6,'%','CASA Ratio','Share of deposits that are ''cheap'' current + savings money.',TRUE,'verified');
INSERT INTO metric_snapshots (ticker,snapshot_date,metric_key,metric_value,metric_unit,metric_label,metric_note,higher_is_better,status) VALUES ('HDFCBANK','2025-12-31','car_pct',19.9,'%','Capital Adequacy','Safety cushion vs. an 11.9% regulatory minimum.',TRUE,'verified');
INSERT INTO metric_snapshots (ticker,snapshot_date,metric_key,metric_value,metric_unit,metric_label,metric_note,higher_is_better,status) VALUES ('HDFCBANK','2025-12-31','loan_book_growth',11.9,'%','Loan Book Growth','YoY growth in gross advances.',TRUE,'verified');
INSERT INTO tech_geo_tags (ticker,label,tag_type,is_active) VALUES ('HDFCBANK','Platform disintermediation: UPI''s customer-facing layer is increasingly owned by non-bank apps, not banks themselves, per BIS research','risk',TRUE);
INSERT INTO tech_geo_tags (ticker,label,tag_type,is_active) VALUES ('HDFCBANK','Account Aggregator framework: facilitated an estimated $19.5bn in loans in FY24-25 via consent-based data sharing — a new lending distribution channel banks can tap, not purely a threat','tailwind',TRUE);
INSERT INTO tech_geo_tags (ticker,label,tag_type,is_active) VALUES ('HDFCBANK','Zero-MDR policy: UPI merchant fees remain government-mandated at zero — banks carry real infrastructure cost on this rail with no direct transaction revenue from it','risk',TRUE);
INSERT INTO bull_bear_cases (ticker,snapshot_date,case_type,case_text,case_order) VALUES ('HDFCBANK','2025-12-31','bull','Net NPA of just 0.42% — asset quality is exceptionally clean by Indian banking standards.',1);
INSERT INTO bull_bear_cases (ticker,snapshot_date,case_type,case_text,case_order) VALUES ('HDFCBANK','2025-12-31','bull','Capital cushion (19.9% CAR) sits well above the 11.9% regulatory floor, room to grow without raising fresh capital.',2);
INSERT INTO bull_bear_cases (ticker,snapshot_date,case_type,case_text,case_order) VALUES ('HDFCBANK','2025-12-31','bull','Advances (+11.9% YoY) and deposits (+11.6% YoY) are growing in lockstep — balanced, not over-extended growth.',3);
INSERT INTO bull_bear_cases (ticker,snapshot_date,case_type,case_text,case_order) VALUES ('HDFCBANK','2025-12-31','bear','CASA ratio of 33.6% is moderate, not best-in-class — more reliance on costlier term deposits than some peers.',1);
INSERT INTO bull_bear_cases (ticker,snapshot_date,case_type,case_text,case_order) VALUES ('HDFCBANK','2025-12-31','bear','The HDFC Ltd merger (July 2023) means pre-FY24 multi-year comparisons aren''t meaningful — read older trend data with care.',2);
INSERT INTO bull_bear_cases (ticker,snapshot_date,case_type,case_text,case_order) VALUES ('HDFCBANK','2025-12-31','bear','Sector-wide NIM compression as deposit costs catch up with loan repricing is worth watching over the next few quarters.',3);
INSERT INTO companies (ticker,name,exchange,sector,sub_sector,compare_group,business_core,source_note,moat_note,value_chain_position,value_chain_note) VALUES ('ICICIBANK','ICICI Bank','NSE','Banking','Private Bank','Banks','ICICI Bank runs the same core model as any large bank &mdash; deposits fund a loan book spanning retail mortgages, vehicle loans, SME and corporate credit &mdash; and profits from the interest spread plus fee income from cards, wealth management and insurance cross-sold through its digital apps (iMobile, InstaBIZ).','ICICI Bank''s own Q3 FY26 performance review (icicibank.com) and Screener.in''s Q3 FY26 ratio summary','Brand trust + scale + a deep retail/digital franchise. India''s second-largest private bank, consistently gaining share in retail and MSME lending.','No physical value chain — like all banks it faces platform disintermediation: it holds the customer account and the money, while the everyday-payments app layer increasingly belongs to third-party UPI apps. ICICI has answered with one of the strongest in-house digital franchises (iMobile, InstaBIZ) among private banks.','A well-diversified retail and corporate book — no single-segment concentration flagged.');
INSERT INTO metric_snapshots (ticker,snapshot_date,metric_key,metric_value,metric_unit,metric_label,metric_note,higher_is_better,status) VALUES ('ICICIBANK','2025-12-31','nim',4.3,'%','Net Interest Margin','Highest among India''s large banks this quarter.',TRUE,'verified');
INSERT INTO metric_snapshots (ticker,snapshot_date,metric_key,metric_value,metric_unit,metric_label,metric_note,higher_is_better,status) VALUES ('ICICIBANK','2025-12-31','gnpa_pct',1.53,'%','Gross NPA','Share of loans categorised as bad, before provisions.',FALSE,'verified');
INSERT INTO metric_snapshots (ticker,snapshot_date,metric_key,metric_value,metric_unit,metric_label,metric_note,higher_is_better,status) VALUES ('ICICIBANK','2025-12-31','nnpa_pct',0.37,'%','Net NPA','Bad loans after the bank''s own provisioning cushion.',FALSE,'verified');
INSERT INTO metric_snapshots (ticker,snapshot_date,metric_key,metric_value,metric_unit,metric_label,metric_note,higher_is_better,status) VALUES ('ICICIBANK','2025-12-31','casa_pct',39,'%','CASA Ratio','Average CASA ratio for the quarter.',TRUE,'verified');
INSERT INTO metric_snapshots (ticker,snapshot_date,metric_key,metric_value,metric_unit,metric_label,metric_note,higher_is_better,status) VALUES ('ICICIBANK','2025-12-31','car_pct',17.11,'%','Capital Adequacy','Safety cushion vs. an 11.70% regulatory minimum.',TRUE,'verified');
INSERT INTO metric_snapshots (ticker,snapshot_date,metric_key,metric_value,metric_unit,metric_label,metric_note,higher_is_better,status) VALUES ('ICICIBANK','2025-12-31','loan_book_growth',11.5,'%','Loan Book Growth','YoY growth in domestic loan portfolio.',TRUE,'verified');
INSERT INTO tech_geo_tags (ticker,label,tag_type,is_active) VALUES ('ICICIBANK','Platform disintermediation: non-bank UPI apps (PhonePe, Google Pay) own the customer-facing payments layer, and zero-MDR means banks carry the UPI rails cost with no direct fee revenue','risk',TRUE);
INSERT INTO tech_geo_tags (ticker,label,tag_type,is_active) VALUES ('ICICIBANK','Account Aggregator plus a strong in-house digital stack let ICICI use consent-based data for underwriting rather than only defend against fintechs','tailwind',TRUE);
INSERT INTO tech_geo_tags (ticker,label,tag_type,is_active) VALUES ('ICICIBANK','RBI policy transmission: the June 2026 repo hold at 5.50% with a raised inflation forecast means deposit-cost relief is slower than hoped — a sector-wide margin factor','neutral',TRUE);
INSERT INTO bull_bear_cases (ticker,snapshot_date,case_type,case_text,case_order) VALUES ('ICICIBANK','2025-12-31','bull','NIM of 4.30% is the highest among India''s large banks — directly boosts core lending profitability.',1);
INSERT INTO bull_bear_cases (ticker,snapshot_date,case_type,case_text,case_order) VALUES ('ICICIBANK','2025-12-31','bull','Net NPA of just 0.37%, with a 75.4% provisioning coverage ratio — an unusually strong cushion against future shocks.',2);
INSERT INTO bull_bear_cases (ticker,snapshot_date,case_type,case_text,case_order) VALUES ('ICICIBANK','2025-12-31','bull','Loan growth (11.5% YoY) is broad-based across retail, SME and business banking, not reliant on one segment.',3);
INSERT INTO bull_bear_cases (ticker,snapshot_date,case_type,case_text,case_order) VALUES ('ICICIBANK','2025-12-31','bear','A one-time RBI-mandated provision (₹1,283 crore on agri-sector loans) dented Q3 profit growth — regulatory directives can bite even strong banks.',1);
INSERT INTO bull_bear_cases (ticker,snapshot_date,case_type,case_text,case_order) VALUES ('ICICIBANK','2025-12-31','bear','CASA ratio of 39% has been gradually moderating as depositors chase higher-yielding term deposits, a sector-wide funding-cost headwind.',2);
INSERT INTO bull_bear_cases (ticker,snapshot_date,case_type,case_text,case_order) VALUES ('ICICIBANK','2025-12-31','bear','Contingent liabilities are very large in absolute terms — typical for a bank this size, but worth understanding before treating it as a red flag on its own.',3);
INSERT INTO companies (ticker,name,exchange,sector,sub_sector,compare_group,business_core,source_note,moat_note,value_chain_position,value_chain_note) VALUES ('SBIN','State Bank of India','NSE','Banking','PSU Bank','Banks','State Bank of India is the country''s largest bank by assets and branch reach, majority government-owned. It takes deposits and lends across retail, agriculture, SME and corporate India, and earns additional fee income through subsidiaries like SBI Life, SBI Cards and SBI Mutual Fund that sit alongside the core lending business.','SBI''s own Q3 FY26 press release and analyst presentation (sbi.bank.in)','Sovereign-backed trust + an unmatched branch and agent network (23,000+ branches, more than the next five banks combined) + default banker for government and PSU flows.','No physical chain; the shared platform-disintermediation dynamic — but as a majority government-owned bank, SBI also carries the state''s policy priorities (financial-inclusion mandates, social schemes, sovereign borrowing programmes) alongside commercial goals. Its BHIM and YONO stack keep it closer to the payments layer than most.',NULL);
INSERT INTO metric_snapshots (ticker,snapshot_date,metric_key,metric_value,metric_unit,metric_label,metric_note,higher_is_better,status) VALUES ('SBIN','2025-12-31','nim',3.36,'%','Net Interest Margin','Whole-bank NIM; management guides to keep it above 3%.',TRUE,'verified');
INSERT INTO metric_snapshots (ticker,snapshot_date,metric_key,metric_value,metric_unit,metric_label,metric_note,higher_is_better,status) VALUES ('SBIN','2025-12-31','gnpa_pct',1.57,'%','Gross NPA','Lowest level in over two decades for SBI.',FALSE,'verified');
INSERT INTO metric_snapshots (ticker,snapshot_date,metric_key,metric_value,metric_unit,metric_label,metric_note,higher_is_better,status) VALUES ('SBIN','2025-12-31','nnpa_pct',0.39,'%','Net NPA','Lowest level in over two decades for SBI.',FALSE,'verified');
INSERT INTO metric_snapshots (ticker,snapshot_date,metric_key,metric_value,metric_unit,metric_label,metric_note,higher_is_better,status) VALUES ('SBIN','2025-12-31','casa_pct',39.13,'%','CASA Ratio','Held nearly flat even as the sector lost CASA share to term deposits.',TRUE,'verified');
INSERT INTO metric_snapshots (ticker,snapshot_date,metric_key,metric_value,metric_unit,metric_label,metric_note,higher_is_better,status) VALUES ('SBIN','2025-12-31','car_pct',14.04,'%','Capital Adequacy','Thinnest cushion of the three banks here, still above the regulatory floor.',TRUE,'verified');
INSERT INTO metric_snapshots (ticker,snapshot_date,metric_key,metric_value,metric_unit,metric_label,metric_note,higher_is_better,status) VALUES ('SBIN','2025-12-31','loan_book_growth',15.14,'%','Loan Book Growth','YoY growth in gross advances, ahead of prior guidance.',TRUE,'verified');
INSERT INTO tech_geo_tags (ticker,label,tag_type,is_active) VALUES ('SBIN','Government majority ownership: SBI executes national financial-inclusion and social-scheme mandates a purely commercial bank would not — a dual objective that cuts both ways','neutral',TRUE);
INSERT INTO tech_geo_tags (ticker,label,tag_type,is_active) VALUES ('SBIN','Platform disintermediation plus zero-MDR: SBI carries enormous UPI rails volume with no direct transaction revenue','risk',TRUE);
INSERT INTO tech_geo_tags (ticker,label,tag_type,is_active) VALUES ('SBIN','Sovereign backing plus unmatched branch and agent reach make it the default channel for government and PSU flows','tailwind',TRUE);
INSERT INTO bull_bear_cases (ticker,snapshot_date,case_type,case_text,case_order) VALUES ('SBIN','2025-12-31','bull','Net NPA (0.39%) and Gross NPA (1.57%) are both at their lowest in over two decades — a structural improvement, not a one-off quarter.',1);
INSERT INTO bull_bear_cases (ticker,snapshot_date,case_type,case_text,case_order) VALUES ('SBIN','2025-12-31','bull','CASA ratio held nearly flat at 39.13% even as the sector saw outflows to term deposits — its 23,000+ branch network and government/PSU banking relationships are a funding edge competitors can''t easily copy.',2);
INSERT INTO bull_bear_cases (ticker,snapshot_date,case_type,case_text,case_order) VALUES ('SBIN','2025-12-31','bull','Loan book grew 15.14% YoY, ahead of its own guidance, prompting management to raise FY26 credit-growth guidance to 13–15%.',3);
INSERT INTO bull_bear_cases (ticker,snapshot_date,case_type,case_text,case_order) VALUES ('SBIN','2025-12-31','bear','Capital adequacy (14.04%) is comfortably above the regulatory minimum but is the thinnest cushion of the three banks on this dashboard — less room to absorb a shock without raising capital.',1);
INSERT INTO bull_bear_cases (ticker,snapshot_date,case_type,case_text,case_order) VALUES ('SBIN','2025-12-31','bear','NIM has been on a gradual multi-quarter downtrend as deposit costs catch up; management is guiding to hold it ''above 3%,'' not expand it.',2);
INSERT INTO bull_bear_cases (ticker,snapshot_date,case_type,case_text,case_order) VALUES ('SBIN','2025-12-31','bear','As a majority government-owned bank, financial-inclusion mandates and policy priorities can occasionally take precedence over pure profit-maximisation — a structural, not one-off, consideration.',3);
INSERT INTO companies (ticker,name,exchange,sector,sub_sector,compare_group,business_core,source_note,moat_note,value_chain_position,value_chain_note) VALUES ('KOTAKBANK','Kotak Mahindra Bank','NSE','Banking','Private Bank','Banks','Kotak Mahindra Bank grew out of a diversified NBFC before converting to a bank &mdash; its book still leans toward secured retail and vehicle lending alongside corporate credit. Beyond deposits and loans, the wider Kotak group earns from broking, asset management and insurance, cross-sold to the same customer base.','Kotak Mahindra Bank''s own Q3 FY26 press release (kotak.bank.in) and corroborating market coverage','Digital-first franchise + disciplined underwriting culture + one of the strongest capital positions in Indian banking — historically commands a premium valuation for exactly that reason.','No physical chain; the same platform-disintermediation dynamic as every bank. Kotak''s distinctive sensitivity: in 2024 the RBI temporarily barred it from onboarding customers digitally and issuing new credit cards over IT-resilience gaps — a reminder that for a digital-first bank, tech-compliance is itself a core operational dependency.',NULL);
INSERT INTO metric_snapshots (ticker,snapshot_date,metric_key,metric_value,metric_unit,metric_label,metric_note,higher_is_better,status) VALUES ('KOTAKBANK','2025-12-31','nim',4.54,'%','Net Interest Margin','Down from 4.93% a year ago — margin compression is the key watch item.',TRUE,'verified');
INSERT INTO metric_snapshots (ticker,snapshot_date,metric_key,metric_value,metric_unit,metric_label,metric_note,higher_is_better,status) VALUES ('KOTAKBANK','2025-12-31','gnpa_pct',1.3,'%','Gross NPA','Improved from 1.50% a year ago.',FALSE,'verified');
INSERT INTO metric_snapshots (ticker,snapshot_date,metric_key,metric_value,metric_unit,metric_label,metric_note,higher_is_better,status) VALUES ('KOTAKBANK','2025-12-31','nnpa_pct',0.31,'%','Net NPA','Improved from 0.41% a year ago.',FALSE,'verified');
INSERT INTO metric_snapshots (ticker,snapshot_date,metric_key,metric_value,metric_unit,metric_label,metric_note,higher_is_better,status) VALUES ('KOTAKBANK','2025-12-31','casa_pct',41.3,'%','CASA Ratio','Highest of the banks tracked here.',TRUE,'verified');
INSERT INTO metric_snapshots (ticker,snapshot_date,metric_key,metric_value,metric_unit,metric_label,metric_note,higher_is_better,status) VALUES ('KOTAKBANK','2025-12-31','car_pct',22.6,'%','Capital Adequacy','Strongest capital cushion of any bank on this dashboard.',TRUE,'verified');
INSERT INTO metric_snapshots (ticker,snapshot_date,metric_key,metric_value,metric_unit,metric_label,metric_note,higher_is_better,status) VALUES ('KOTAKBANK','2025-12-31','loan_book_growth',16,'%','Loan Book Growth','YoY growth in net advances.',TRUE,'verified');
INSERT INTO tech_geo_tags (ticker,label,tag_type,is_active) VALUES ('KOTAKBANK','Regulatory-tech dependency: the 2024 RBI restriction on digital onboarding and new cards showed how tech-resilience compliance can directly gate growth for a digital-first bank','risk',TRUE);
INSERT INTO tech_geo_tags (ticker,label,tag_type,is_active) VALUES ('KOTAKBANK','Platform disintermediation plus zero-MDR — the same UPI dynamic facing all banks, with customer-facing payments owned by non-bank apps','risk',TRUE);
INSERT INTO tech_geo_tags (ticker,label,tag_type,is_active) VALUES ('KOTAKBANK','A premium, high-CASA deposit franchise plus Account Aggregator access give it a low-cost base and consent-based data for underwriting','tailwind',TRUE);
INSERT INTO bull_bear_cases (ticker,snapshot_date,case_type,case_text,case_order) VALUES ('KOTAKBANK','2025-12-31','bull','Capital adequacy of 22.6% is the strongest cushion of any bank on this dashboard — more than double the regulatory minimum.',1);
INSERT INTO bull_bear_cases (ticker,snapshot_date,case_type,case_text,case_order) VALUES ('KOTAKBANK','2025-12-31','bull','Net NPA (0.31%) and Gross NPA (1.30%) both improved YoY — a genuinely strengthening asset-quality trend, not just a stable one.',2);
INSERT INTO bull_bear_cases (ticker,snapshot_date,case_type,case_text,case_order) VALUES ('KOTAKBANK','2025-12-31','bull','CASA ratio of 41.3% is the highest of the five banks tracked here — a structural low-cost-funding edge.',3);
INSERT INTO bull_bear_cases (ticker,snapshot_date,case_type,case_text,case_order) VALUES ('KOTAKBANK','2025-12-31','bear','NIM compressed sharply to 4.54% from 4.93% a year ago, and management itself flagged only a ''moderate'' recovery ahead, not a sharp one.',1);
INSERT INTO bull_bear_cases (ticker,snapshot_date,case_type,case_text,case_order) VALUES ('KOTAKBANK','2025-12-31','bear','Provisions jumped on stress in credit cards, microfinance, and retail commercial vehicles — a segment to keep watching, not a closed issue.',2);
INSERT INTO bull_bear_cases (ticker,snapshot_date,case_type,case_text,case_order) VALUES ('KOTAKBANK','2025-12-31','bear','The stock has historically traded at a premium valuation versus peers, leaving less room for error if growth or margins disappoint further.',3);
INSERT INTO companies (ticker,name,exchange,sector,sub_sector,compare_group,business_core,source_note,moat_note,value_chain_position,value_chain_note) VALUES ('AXISBANK','Axis Bank','NSE','Banking','Private Bank','Banks','Axis Bank is India''s third-largest private bank: it takes deposits and lends across retail, SME and corporate banking, earning the interest spread plus fee income from cards, transaction banking and third-party product distribution (insurance, mutual funds) sold to its customers.','Axis Bank''s own Q3 FY26 results announcement (axis.bank.in) and corroborating market coverage','Scale as India''s third-largest private bank + a strong digital/UPI franchise (~36-39% market share in UPI Payer PSP volume) + a diversified retail/SME/corporate mix that spreads concentration risk.','No physical chain, but Axis sits unusually close to the payments layer itself — it is one of the largest UPI payer-PSP (sponsor) banks by volume, routing a big share of UPI payer-side transactions. That is strategically central to the rails, yet revenue-light under zero-MDR.',NULL);
INSERT INTO metric_snapshots (ticker,snapshot_date,metric_key,metric_value,metric_unit,metric_label,metric_note,higher_is_better,status) VALUES ('AXISBANK','2025-12-31','nim',3.64,'%','Net Interest Margin','Down from 3.73% the prior quarter — margin pressure persists.',TRUE,'verified');
INSERT INTO metric_snapshots (ticker,snapshot_date,metric_key,metric_value,metric_unit,metric_label,metric_note,higher_is_better,status) VALUES ('AXISBANK','2025-12-31','gnpa_pct',1.4,'%','Gross NPA','Improved from 1.46% the prior quarter.',FALSE,'verified');
INSERT INTO metric_snapshots (ticker,snapshot_date,metric_key,metric_value,metric_unit,metric_label,metric_note,higher_is_better,status) VALUES ('AXISBANK','2025-12-31','nnpa_pct',0.42,'%','Net NPA','Improved from 0.44% the prior quarter.',FALSE,'verified');
INSERT INTO metric_snapshots (ticker,snapshot_date,metric_key,metric_value,metric_unit,metric_label,metric_note,higher_is_better,status) VALUES ('AXISBANK','2025-12-31','casa_pct',39,'%','CASA Ratio','Bank calls this ''among the best across large peer banks,'' though it''s eased from 41% a year ago.',TRUE,'verified');
INSERT INTO metric_snapshots (ticker,snapshot_date,metric_key,metric_value,metric_unit,metric_label,metric_note,higher_is_better,status) VALUES ('AXISBANK','2025-12-31','car_pct',16.55,'%','Capital Adequacy','CET1 ratio of 14.50% within this.',TRUE,'verified');
INSERT INTO metric_snapshots (ticker,snapshot_date,metric_key,metric_value,metric_unit,metric_label,metric_note,higher_is_better,status) VALUES ('AXISBANK','2025-12-31','loan_book_growth',14,'%','Loan Book Growth','YoY growth in advances.',TRUE,'verified');
INSERT INTO tech_geo_tags (ticker,label,tag_type,is_active) VALUES ('AXISBANK','Deep UPI PSP role: Axis processes a large share of UPI payer-side volume as a sponsor bank — central to the rails, but carrying real infrastructure cost under zero-MDR','neutral',TRUE);
INSERT INTO tech_geo_tags (ticker,label,tag_type,is_active) VALUES ('AXISBANK','Platform disintermediation: customer-facing payments increasingly owned by non-bank apps even though banks hold the underlying accounts','risk',TRUE);
INSERT INTO tech_geo_tags (ticker,label,tag_type,is_active) VALUES ('AXISBANK','Account Aggregator plus a heavy fintech-partnership model give Axis consent-based data and extended distribution reach','tailwind',TRUE);
INSERT INTO bull_bear_cases (ticker,snapshot_date,case_type,case_text,case_order) VALUES ('AXISBANK','2025-12-31','bull','Gross NPA (1.40%) and Net NPA (0.42%) both improved sequentially and YoY — asset quality genuinely getting better.',1);
INSERT INTO bull_bear_cases (ticker,snapshot_date,case_type,case_text,case_order) VALUES ('AXISBANK','2025-12-31','bull','Net profit rebounded sharply (+27.5% QoQ) on a 36.7% drop in provisions — the earlier credit-cost spike looks like it''s normalising.',2);
INSERT INTO bull_bear_cases (ticker,snapshot_date,case_type,case_text,case_order) VALUES ('AXISBANK','2025-12-31','bull','CASA ratio of 39% remains, in the bank''s own words, ''among the best across large peer banks'' despite the sector-wide funding-cost squeeze.',3);
INSERT INTO bull_bear_cases (ticker,snapshot_date,case_type,case_text,case_order) VALUES ('AXISBANK','2025-12-31','bear','NIM compressed to 3.64% from 3.73% the prior quarter, with no clear sign yet of a quick reversal.',1);
INSERT INTO bull_bear_cases (ticker,snapshot_date,case_type,case_text,case_order) VALUES ('AXISBANK','2025-12-31','bear','Provision coverage ratio fell sharply to 70% from 78% a year ago, even as headline NPA ratios improved — a thinner safety cushion against any fresh stress.',2);
INSERT INTO bull_bear_cases (ticker,snapshot_date,case_type,case_text,case_order) VALUES ('AXISBANK','2025-12-31','bear','CASA has slid for several straight quarters (41% a year ago to 39% now) — sector-wide, but worth tracking closely for Axis specifically.',3);
INSERT INTO companies (ticker,name,exchange,sector,sub_sector,compare_group,business_core,source_note,moat_note,value_chain_position,value_chain_note) VALUES ('BAJFINANCE','Bajaj Finance','NSE','Banking','NBFC - Diversified','NBFCs','Bajaj Finance is a non-deposit-taking NBFC &mdash; instead of collecting public deposits like a bank, it borrows wholesale from banks and bond markets and re-lends that money at a spread. Its signature business is point-of-sale consumer lending (EMI financing for electronics and appliances in-store), alongside personal loans, SME loans and mortgages.','Bajaj Finance''s own Q3 FY26 investor presentation (bajajfinserv.in) and corroborating market coverage','Scale + a 115 million+ customer franchise + an early, aggressive bet on embedding AI into underwriting and collections (its own ''FinAI'' platform) — a distribution and data moat that''s hard for smaller NBFCs to replicate.','No physical chain — an NBFC''s value chain is funding cost versus lending yield. Bajaj borrows wholesale (it has no CASA deposits) and lends across consumer and SME, so it is structurally more rate- and funding-sensitive than a bank, and squarely inside the unsecured-consumer-credit segment RBI has been tightening.',NULL);
INSERT INTO metric_snapshots (ticker,snapshot_date,metric_key,metric_value,metric_unit,metric_label,metric_note,higher_is_better,status) VALUES ('BAJFINANCE','2025-12-31','nim',NULL,'%','Net Interest Margin','Not separately headlined this quarter — management said NIM ''remained steady,'' without a number. Shown as — rather than guessed.',TRUE,'verified');
INSERT INTO metric_snapshots (ticker,snapshot_date,metric_key,metric_value,metric_unit,metric_label,metric_note,higher_is_better,status) VALUES ('BAJFINANCE','2025-12-31','gnpa_pct',1.21,'%','Gross NPA','Improved from 1.24% the prior quarter.',FALSE,'verified');
INSERT INTO metric_snapshots (ticker,snapshot_date,metric_key,metric_value,metric_unit,metric_label,metric_note,higher_is_better,status) VALUES ('BAJFINANCE','2025-12-31','nnpa_pct',0.47,'%','Net NPA','Improved from 0.60% the prior quarter.',FALSE,'verified');
INSERT INTO metric_snapshots (ticker,snapshot_date,metric_key,metric_value,metric_unit,metric_label,metric_note,higher_is_better,status) VALUES ('BAJFINANCE','2025-12-31','cost_of_borrowing_pct',7.45,'%','Cost of Borrowing','What it costs Bajaj Finance to fund itself — the NBFC equivalent of a bank''s CASA ratio. Lower is better.',FALSE,'verified');
INSERT INTO metric_snapshots (ticker,snapshot_date,metric_key,metric_value,metric_unit,metric_label,metric_note,higher_is_better,status) VALUES ('BAJFINANCE','2025-12-31','car_pct',21.45,'%','Capital Adequacy','CRAR including Tier-II capital; Tier-1 alone was 20.60%.',TRUE,'verified');
INSERT INTO metric_snapshots (ticker,snapshot_date,metric_key,metric_value,metric_unit,metric_label,metric_note,higher_is_better,status) VALUES ('BAJFINANCE','2025-12-31','loan_book_growth',22,'%','AUM Growth','YoY growth in Assets Under Management — an NBFC''s equivalent of loan book growth.',TRUE,'verified');
INSERT INTO tech_geo_tags (ticker,label,tag_type,is_active) VALUES ('BAJFINANCE','Unsecured-consumer-credit regulation: RBI raised risk weights on unsecured consumer loans (Nov 2023) over overheating, and FY26 is flagged as a stress year for exactly this segment — Bajaj''s large consumer book sits in the crosshairs','risk',TRUE);
INSERT INTO tech_geo_tags (ticker,label,tag_type,is_active) VALUES ('BAJFINANCE','Funding-cost sensitivity: with no low-cost CASA base, Bajaj''s margins move with wholesale funding costs and the RBI rate path (repo held at 5.50%, June 2026)','risk',TRUE);
INSERT INTO tech_geo_tags (ticker,label,tag_type,is_active) VALUES ('BAJFINANCE','Scale plus an early, aggressive bet on AI in underwriting (its FinAI platform) give it a data and cost moat smaller NBFCs cannot match','tailwind',TRUE);
INSERT INTO bull_bear_cases (ticker,snapshot_date,case_type,case_text,case_order) VALUES ('BAJFINANCE','2025-12-31','bull','Asset quality keeps improving, not just holding steady: Gross NPA 1.21% and Net NPA 0.47%, both down from the prior quarter.',1);
INSERT INTO bull_bear_cases (ticker,snapshot_date,case_type,case_text,case_order) VALUES ('BAJFINANCE','2025-12-31','bull','AUM grew 22% YoY, on track for management''s own ~22-23% guidance and crossing ₹5 lakh crore in scale shortly after this quarter.',2);
INSERT INTO bull_bear_cases (ticker,snapshot_date,case_type,case_text,case_order) VALUES ('BAJFINANCE','2025-12-31','bull','Capital adequacy of 21.45% is far above the regulatory minimum, with cost of borrowing easing slightly (7.45%, down 7bps QoQ) even as rates stayed elevated sector-wide.',3);
INSERT INTO bull_bear_cases (ticker,snapshot_date,case_type,case_text,case_order) VALUES ('BAJFINANCE','2025-12-31','bear','Reported consolidated profit actually fell ~6% YoY this quarter due to an accelerated provisioning charge — core profit (excluding that one-off) still grew 23%, but headline optics were weak.',1);
INSERT INTO bull_bear_cases (ticker,snapshot_date,case_type,case_text,case_order) VALUES ('BAJFINANCE','2025-12-31','bear','Unlike every bank on this dashboard, Bajaj Finance doesn''t headline a single NIM% figure — a reminder that NBFC disclosures aren''t a drop-in replacement for bank disclosures, even when the underlying business is healthy.',2);
INSERT INTO bull_bear_cases (ticker,snapshot_date,case_type,case_text,case_order) VALUES ('BAJFINANCE','2025-12-31','bear','MSME growth has been deliberately muted for several quarters (management itself guides 2-3 more soft quarters there) — a self-imposed brake, not a crisis, but a real near-term growth drag.',3);
INSERT INTO companies (ticker,name,exchange,sector,sub_sector,compare_group,business_core,source_note,moat_note,value_chain_position,value_chain_note) VALUES ('CHOLAFIN','Cholamandalam Investment & Finance','NSE','Banking','NBFC - Diversified','NBFCs','Cholamandalam Investment & Finance (Murugappa Group) is an NBFC built mainly around vehicle finance &mdash; commercial vehicles, cars and tractors &mdash; plus home loans and SME lending. Like Bajaj Finance, it borrows wholesale and lends at a spread, so its profit is driven by loan-book growth, asset quality through vehicle-financing cycles, and its own cost of borrowing.','Cholamandalam''s own Q3 FY26 press release (murugappa.com) and corroborating market/analyst coverage','A decades-old vehicle-finance distribution network (1,600+ branches) under the Murugappa Group umbrella, now diversifying into home loans, SME and gold loans to reduce reliance on any single credit cycle — though vehicle finance concentration is still its biggest single swing factor.','No physical chain — funding cost versus lending yield. Chola is anchored in vehicle finance, so it rides the commercial-vehicle and auto cycle, with a large rural and semi-urban customer base sensitive to the monsoon and rural income.',NULL);
INSERT INTO metric_snapshots (ticker,snapshot_date,metric_key,metric_value,metric_unit,metric_label,metric_note,higher_is_better,status) VALUES ('CHOLAFIN','2025-12-31','nim',NULL,'%','Net Interest Margin','Not headlined as an absolute number this quarter — management discussed only the direction (''NIM expansion expected''), not a figure. Shown as — rather than guessed.',TRUE,'verified');
INSERT INTO metric_snapshots (ticker,snapshot_date,metric_key,metric_value,metric_unit,metric_label,metric_note,higher_is_better,status) VALUES ('CHOLAFIN','2025-12-31','gnpa_pct',4.63,'%','Gross NPA','RBI/IRACP-norms basis (the more conservative of two bases Chola reports — its Ind-AS ''Stage 3'' figure runs lower, around 3.4%).',FALSE,'verified');
INSERT INTO metric_snapshots (ticker,snapshot_date,metric_key,metric_value,metric_unit,metric_label,metric_note,higher_is_better,status) VALUES ('CHOLAFIN','2025-12-31','nnpa_pct',3.13,'%','Net NPA','RBI/IRACP-norms basis, up slightly from 3.07% the prior quarter.',FALSE,'verified');
INSERT INTO metric_snapshots (ticker,snapshot_date,metric_key,metric_value,metric_unit,metric_label,metric_note,higher_is_better,status) VALUES ('CHOLAFIN','2025-12-31','cost_of_borrowing_pct',NULL,'%','Cost of Borrowing','Not disclosed as a single absolute figure this quarter in available sources — shown as — rather than estimated.',FALSE,'verified');
INSERT INTO metric_snapshots (ticker,snapshot_date,metric_key,metric_value,metric_unit,metric_label,metric_note,higher_is_better,status) VALUES ('CHOLAFIN','2025-12-31','car_pct',19.79,'%','Capital Adequacy','Closest available figure is as of late Nov 2025, just before quarter-end — well above the 15% regulatory minimum.',TRUE,'verified');
INSERT INTO metric_snapshots (ticker,snapshot_date,metric_key,metric_value,metric_unit,metric_label,metric_note,higher_is_better,status) VALUES ('CHOLAFIN','2025-12-31','loan_book_growth',21,'%','AUM Growth','YoY growth in Assets Under Management, consistent across the surrounding quarters.',TRUE,'verified');
INSERT INTO tech_geo_tags (ticker,label,tag_type,is_active) VALUES ('CHOLAFIN','Vehicle and CV-cycle dependence: its largest segment tracks freight demand and the auto cycle — a slowdown flows through faster than for a diversified lender','risk',TRUE);
INSERT INTO tech_geo_tags (ticker,label,tag_type,is_active) VALUES ('CHOLAFIN','Rural income and climate sensitivity: a big rural and semi-urban book is exposed to monsoon-linked income volatility, a structural risk RBI has flagged for FY26','risk',TRUE);
INSERT INTO tech_geo_tags (ticker,label,tag_type,is_active) VALUES ('CHOLAFIN','Diversification into home loans, SME and gold loans is reducing single-cycle dependence, and funding access stays strong under the Murugappa Group umbrella','tailwind',TRUE);
INSERT INTO bull_bear_cases (ticker,snapshot_date,case_type,case_text,case_order) VALUES ('CHOLAFIN','2025-12-31','bull','AUM grew ~21% YoY with broad-based strength — SME loans up 41%, home loans up 23%, and its largest segment (vehicle finance) regaining momentum after a soft patch.',1);
INSERT INTO bull_bear_cases (ticker,snapshot_date,case_type,case_text,case_order) VALUES ('CHOLAFIN','2025-12-31','bull','Capital adequacy of ~19.8% is comfortably above the 15% regulatory minimum, real headroom to sustain 20%+ AUM growth ambitions.',2);
INSERT INTO bull_bear_cases (ticker,snapshot_date,case_type,case_text,case_order) VALUES ('CHOLAFIN','2025-12-31','bull','Profitability stayed strong (ROE around 18-19%) even while investing in newer, faster-growing lines like gold loans and SME finance.',3);
INSERT INTO bull_bear_cases (ticker,snapshot_date,case_type,case_text,case_order) VALUES ('CHOLAFIN','2025-12-31','bear','Asset quality is the recurring worry: Gross NPA under RBI norms (4.63%) reads meaningfully worse than the Ind-AS ''Stage 3'' figure (~3.4%) the company also reports — know which number you''re looking at before comparing Chola''s asset quality to a bank''s GNPA%, since they''re not computed the same way.',1);
INSERT INTO bull_bear_cases (ticker,snapshot_date,case_type,case_text,case_order) VALUES ('CHOLAFIN','2025-12-31','bear','Vehicle finance, still its single largest segment, has seen rising delinquencies tied to weaker rural economies more than once in the past year — a cyclical risk, not a one-off.',2);
INSERT INTO bull_bear_cases (ticker,snapshot_date,case_type,case_text,case_order) VALUES ('CHOLAFIN','2025-12-31','bear','Trades at a premium valuation (P/E well above peer median) — several analysts have flagged this as pricing in close-to-flawless execution, leaving little room for a misstep.',3);
INSERT INTO companies (ticker,name,exchange,sector,sub_sector,compare_group,business_core,source_note,moat_note,value_chain_position,value_chain_note) VALUES ('SHRIRAMFIN','Shriram Finance','NSE','Banking','NBFC - Diversified','NBFCs','Shriram Finance is India''s largest NBFC focused on financing used commercial vehicles &mdash; trucks bought by small, individual transport operators who banks typically won''t lend to. It''s a relationship- and cash-flow-underwriting-driven business (formed by the 2022 merger of Shriram Transport and Shriram City Union Finance) that also does two-wheeler, gold and MSME loans.','Shriram Finance''s own Q3 FY26 earnings call and CARE/ICRA rating notes (Dec 2025)','India''s largest player in used/pre-owned commercial vehicle financing, built on a four-decade-old distribution network (3,200+ branches, ~55% rural/semi-urban) and credit-assessment expertise in a segment most banks avoid — a genuine niche-scale moat.','No physical chain — funding cost versus lending yield. Shriram is India''s largest used commercial-vehicle financier, serving a structurally riskier, more rural and self-employed borrower base most banks avoid — high yield, high funding cost, deep cycle exposure.',NULL);
INSERT INTO metric_snapshots (ticker,snapshot_date,metric_key,metric_value,metric_unit,metric_label,metric_note,higher_is_better,status) VALUES ('SHRIRAMFIN','2025-12-31','nim',8.58,'%','Net Interest Margin','Up from 8.48% a year ago and 8.19% the prior quarter — actually expanding, unlike most lenders on this dashboard. Note: this NBFC does headline NIM clearly, unlike Bajaj Finance and Cholamandalam — disclosure varies by company, not by bank-vs-NBFC as a rule.',TRUE,'verified');
INSERT INTO metric_snapshots (ticker,snapshot_date,metric_key,metric_value,metric_unit,metric_label,metric_note,higher_is_better,status) VALUES ('SHRIRAMFIN','2025-12-31','gnpa_pct',4.54,'%','Gross NPA','Reported as ''Gross Stage 3 assets'' (Ind-AS basis) — improved YoY and sequentially.',FALSE,'verified');
INSERT INTO metric_snapshots (ticker,snapshot_date,metric_key,metric_value,metric_unit,metric_label,metric_note,higher_is_better,status) VALUES ('SHRIRAMFIN','2025-12-31','nnpa_pct',2.38,'%','Net NPA','Reported as ''Net Stage 3 assets'' — also improved.',FALSE,'verified');
INSERT INTO metric_snapshots (ticker,snapshot_date,metric_key,metric_value,metric_unit,metric_label,metric_note,higher_is_better,status) VALUES ('SHRIRAMFIN','2025-12-31','cost_of_borrowing_pct',8.69,'%','Cost of Borrowing','Overall cost of liabilities; new incremental borrowing was cheaper at 7.73% this quarter on recent credit-rating upgrades.',FALSE,'verified');
INSERT INTO metric_snapshots (ticker,snapshot_date,metric_key,metric_value,metric_unit,metric_label,metric_note,higher_is_better,status) VALUES ('SHRIRAMFIN','2025-12-31','car_pct',20.7,'%','Capital Adequacy','As of 30 Sep 2025 (closest available) — a pending ₹39,618 crore MUFG Bank equity infusion hadn''t yet been reflected at quarter-end.',TRUE,'verified');
INSERT INTO metric_snapshots (ticker,snapshot_date,metric_key,metric_value,metric_unit,metric_label,metric_note,higher_is_better,status) VALUES ('SHRIRAMFIN','2025-12-31','loan_book_growth',14.63,'%','AUM Growth','YoY growth in Assets Under Management.',TRUE,'verified');
INSERT INTO tech_geo_tags (ticker,label,tag_type,is_active) VALUES ('SHRIRAMFIN','Used-CV and freight-cycle dependence: earnings track the used commercial-vehicle and freight cycle and rural incomes — a more volatile base than a diversified lender','risk',TRUE);
INSERT INTO tech_geo_tags (ticker,label,tag_type,is_active) VALUES ('SHRIRAMFIN','A pending ~39,618-crore equity infusion from Japan''s MUFG Bank brings major foreign capital and a strong external vote of confidence','tailwind',TRUE);
INSERT INTO tech_geo_tags (ticker,label,tag_type,is_active) VALUES ('SHRIRAMFIN','Funding-cost sensitivity: the highest cost of borrowing among NBFCs tracked here, though recent rating upgrades have lowered incremental borrowing costs','neutral',TRUE);
INSERT INTO bull_bear_cases (ticker,snapshot_date,case_type,case_text,case_order) VALUES ('SHRIRAMFIN','2025-12-31','bull','NIM actually expanded to 8.58%, up from 8.48% a year ago — a rare case of margin growth while most lenders on this dashboard are seeing compression.',1);
INSERT INTO bull_bear_cases (ticker,snapshot_date,case_type,case_text,case_order) VALUES ('SHRIRAMFIN','2025-12-31','bull','Asset quality keeps improving (Gross Stage 3 4.54%, Net Stage 3 2.38%, both down YoY and sequentially) despite serving a structurally riskier customer base — used commercial vehicles, MSME, rural borrowers — than almost any other lender here.',2);
INSERT INTO bull_bear_cases (ticker,snapshot_date,case_type,case_text,case_order) VALUES ('SHRIRAMFIN','2025-12-31','bull','A pending ₹39,618 crore equity infusion from MUFG Bank (Japan''s largest bank) would materially strengthen the capital base and is a strong external vote of confidence in the franchise.',3);
INSERT INTO bull_bear_cases (ticker,snapshot_date,case_type,case_text,case_order) VALUES ('SHRIRAMFIN','2025-12-31','bear','Reported profit fell 22% YoY this quarter — almost entirely because last year''s quarter included a one-off gain from selling its housing-finance subsidiary; core profit (excluding that) actually grew over 21%, but the headline number alone looks weak.',1);
INSERT INTO bull_bear_cases (ticker,snapshot_date,case_type,case_text,case_order) VALUES ('SHRIRAMFIN','2025-12-31','bear','Cost of liabilities (8.69%) is the highest of any NBFC on this dashboard — a structurally more expensive funding base that comes with serving a riskier, more rural/retail borrower profile.',2);
INSERT INTO bull_bear_cases (ticker,snapshot_date,case_type,case_text,case_order) VALUES ('SHRIRAMFIN','2025-12-31','bear','Heavily tied to India''s commercial-vehicle cycle and rural/semi-urban incomes — a freight slowdown or weak monsoon flows through to this book faster than it would for a diversified bank.',3);
INSERT INTO companies (ticker,name,exchange,sector,sub_sector,compare_group,business_core,source_note,moat_note,value_chain_position,value_chain_note) VALUES ('BANKBARODA','Bank of Baroda','NSE','Banking','PSU Bank','Banks','Bank of Baroda is a government-owned (PSU) bank that takes deposits and lends across retail, agriculture, MSME and corporate India, with a meaningful overseas branch network left from its historically international footprint. Profitability is driven by its interest spread and continued recovery in asset quality after the sector-wide PSU-bank bad-loan cycle.','Bank of Baroda''s own Q3 FY26 results and corroborating market coverage','Scale as India''s second-largest PSU bank + an extensive pan-India branch network + government-backed trust — the same structural advantages as SBI, at a smaller scale, with a credibly improving balance sheet after years of post-merger cleanup.','No physical chain; the shared platform-disintermediation dynamic. As a large government-owned bank, Bank of Baroda carries state policy priorities alongside commercial goals, and emerged bigger from India''s PSU-bank consolidation (the Vijaya and Dena merger).',NULL);
INSERT INTO metric_snapshots (ticker,snapshot_date,metric_key,metric_value,metric_unit,metric_label,metric_note,higher_is_better,status) VALUES ('BANKBARODA','2025-12-31','nim',2.79,'%','Net Interest Margin','Global NIM (domestic alone was stronger, 2.93%). Lowest of any bank here, and management flags further compression below 2.75% as a key risk.',TRUE,'verified');
INSERT INTO metric_snapshots (ticker,snapshot_date,metric_key,metric_value,metric_unit,metric_label,metric_note,higher_is_better,status) VALUES ('BANKBARODA','2025-12-31','gnpa_pct',2.04,'%','Gross NPA','The bank''s lowest-ever Gross NPA ratio.',FALSE,'verified');
INSERT INTO metric_snapshots (ticker,snapshot_date,metric_key,metric_value,metric_unit,metric_label,metric_note,higher_is_better,status) VALUES ('BANKBARODA','2025-12-31','nnpa_pct',0.57,'%','Net NPA','Provision coverage ratio of 92.73% sits behind this.',FALSE,'verified');
INSERT INTO metric_snapshots (ticker,snapshot_date,metric_key,metric_value,metric_unit,metric_label,metric_note,higher_is_better,status) VALUES ('BANKBARODA','2025-12-31','casa_pct',38.45,'%','CASA Ratio','Lowest of any bank on this dashboard, and slipping from 39.33% a year ago.',TRUE,'verified');
INSERT INTO metric_snapshots (ticker,snapshot_date,metric_key,metric_value,metric_unit,metric_label,metric_note,higher_is_better,status) VALUES ('BANKBARODA','2025-12-31','car_pct',15.29,'%','Capital Adequacy','Down from 16.54% the prior quarter, mostly on risk-weighted-asset growth — still comfortably above the regulatory minimum.',TRUE,'verified');
INSERT INTO metric_snapshots (ticker,snapshot_date,metric_key,metric_value,metric_unit,metric_label,metric_note,higher_is_better,status) VALUES ('BANKBARODA','2025-12-31','loan_book_growth',14.65,'%','Loan Book Growth','YoY growth in global advances; RAM (Retail/Agri/MSME) now 61.8% of the book.',TRUE,'verified');
INSERT INTO tech_geo_tags (ticker,label,tag_type,is_active) VALUES ('BANKBARODA','Government majority ownership: policy and social-mandate obligations alongside commercial objectives','neutral',TRUE);
INSERT INTO tech_geo_tags (ticker,label,tag_type,is_active) VALUES ('BANKBARODA','Platform disintermediation plus zero-MDR, the shared UPI dynamic','risk',TRUE);
INSERT INTO tech_geo_tags (ticker,label,tag_type,is_active) VALUES ('BANKBARODA','PSU-consolidation scale (post Vijaya and Dena merger) plus a cleaned-up balance sheet make it one of the stronger PSU franchises','tailwind',TRUE);
INSERT INTO bull_bear_cases (ticker,snapshot_date,case_type,case_text,case_order) VALUES ('BANKBARODA','2025-12-31','bull','Gross NPA fell to 2.04% — the lowest in the bank''s history — backed by a 92.73% provision coverage ratio.',1);
INSERT INTO bull_bear_cases (ticker,snapshot_date,case_type,case_text,case_order) VALUES ('BANKBARODA','2025-12-31','bull','Loan growth accelerated to 14.65% YoY, with RAM (Retail/Agri/MSME) now 61.8% of advances — a real shift toward higher-quality, less concentrated lending.',2);
INSERT INTO bull_bear_cases (ticker,snapshot_date,case_type,case_text,case_order) VALUES ('BANKBARODA','2025-12-31','bull','Five-year net profit CAGR above 50% reflects a genuine post-recapitalisation turnaround, not a one-quarter blip.',3);
INSERT INTO bull_bear_cases (ticker,snapshot_date,case_type,case_text,case_order) VALUES ('BANKBARODA','2025-12-31','bear','NIM kept compressing to 2.79% from 2.96% the prior quarter — the lowest of any bank on this dashboard, with management itself flagging further compression below 2.75% as a real risk.',1);
INSERT INTO bull_bear_cases (ticker,snapshot_date,case_type,case_text,case_order) VALUES ('BANKBARODA','2025-12-31','bear','Capital adequacy slid from 16.54% to 15.29% in a single quarter, mostly from risk-weighted-asset growth — still well above the regulatory floor, but the trend is worth tracking.',2);
INSERT INTO bull_bear_cases (ticker,snapshot_date,case_type,case_text,case_order) VALUES ('BANKBARODA','2025-12-31','bear','CASA ratio (38.45%) is the lowest of any bank here and continuing to slip — a structurally thinner cheap-funding cushion than the larger private banks.',3);
INSERT INTO companies (ticker,name,exchange,sector,sub_sector,compare_group,business_core,source_note,moat_note,value_chain_position,value_chain_note) VALUES ('PNB','Punjab National Bank','NSE','Banking','PSU Bank','Banks','Punjab National Bank is a large PSU bank (it absorbed Oriental Bank of Commerce and United Bank of India in 2020) that takes deposits and lends across retail, agriculture and MSME India. It has historically carried a heavier bad-loan legacy than private-bank peers, a position that has been steadily improving.','PNB''s own Q3 FY26 earnings call transcript and corroborating market coverage','Over 130 years of legacy + a 10,000+ branch pan-India network + ~70% government ownership — classic PSU scale and trust, paired with an aggressive digital push (95%+ of transactions now digital).','No physical chain; the shared platform-disintermediation dynamic. Around 70% government-owned. PNB''s history includes the 2018 ~14,000-crore Nirav Modi fraud, after which its governance and operational-risk controls were rebuilt — a durable reminder that operational risk is a real line item for a bank this size and structure.',NULL);
INSERT INTO metric_snapshots (ticker,snapshot_date,metric_key,metric_value,metric_unit,metric_label,metric_note,higher_is_better,status) VALUES ('PNB','2025-12-31','nim',2.52,'%','Net Interest Margin','Global NIM, per management''s own earnings-call figure (domestic alone was 2.65%). Down from 2.93% a year ago.',TRUE,'verified');
INSERT INTO metric_snapshots (ticker,snapshot_date,metric_key,metric_value,metric_unit,metric_label,metric_note,higher_is_better,status) VALUES ('PNB','2025-12-31','gnpa_pct',3.19,'%','Gross NPA','Down sharply from 4.09% a year ago and from 9.76% a few years before that.',FALSE,'verified');
INSERT INTO metric_snapshots (ticker,snapshot_date,metric_key,metric_value,metric_unit,metric_label,metric_note,higher_is_better,status) VALUES ('PNB','2025-12-31','nnpa_pct',0.32,'%','Net NPA','Down from 0.41% a year ago, with provision coverage near 97%.',FALSE,'verified');
INSERT INTO metric_snapshots (ticker,snapshot_date,metric_key,metric_value,metric_unit,metric_label,metric_note,higher_is_better,status) VALUES ('PNB','2025-12-31','casa_pct',37.1,'%','CASA Ratio','Among the lowest here, and still slipping.',TRUE,'verified');
INSERT INTO metric_snapshots (ticker,snapshot_date,metric_key,metric_value,metric_unit,metric_label,metric_note,higher_is_better,status) VALUES ('PNB','2025-12-31','car_pct',16.77,'%','Capital Adequacy','Up 136 bps YoY — genuinely strengthening, not just stable.',TRUE,'verified');
INSERT INTO metric_snapshots (ticker,snapshot_date,metric_key,metric_value,metric_unit,metric_label,metric_note,higher_is_better,status) VALUES ('PNB','2025-12-31','loan_book_growth',10.9,'%','Loan Book Growth','YoY growth in advances; retail lending alone grew 18.9%, led by vehicle loans (+35.7%).',TRUE,'verified');
INSERT INTO tech_geo_tags (ticker,label,tag_type,is_active) VALUES ('PNB','Government majority ownership (~70%): policy and social mandates sit alongside commercial goals','neutral',TRUE);
INSERT INTO tech_geo_tags (ticker,label,tag_type,is_active) VALUES ('PNB','Platform disintermediation plus zero-MDR, the shared UPI dynamic','risk',TRUE);
INSERT INTO tech_geo_tags (ticker,label,tag_type,is_active) VALUES ('PNB','Sharply improved asset quality and rising capital adequacy show the post-cleanup turnaround is real','tailwind',TRUE);
INSERT INTO bull_bear_cases (ticker,snapshot_date,case_type,case_text,case_order) VALUES ('PNB','2025-12-31','bull','Net NPA fell to just 0.32% (from 0.41% a year ago), with provision coverage near 97% — among the strongest asset-quality positions of any PSU bank.',1);
INSERT INTO bull_bear_cases (ticker,snapshot_date,case_type,case_text,case_order) VALUES ('PNB','2025-12-31','bull','Capital adequacy improved meaningfully to 16.77%, up 136 bps from a year ago — a genuinely strengthening position, not just a stable one.',2);
INSERT INTO bull_bear_cases (ticker,snapshot_date,case_type,case_text,case_order) VALUES ('PNB','2025-12-31','bull','Retail loan growth was sharp (+18.9% YoY), led by vehicle loans (+35.7%) and housing (+14.5%) — a real shift toward higher-quality retail lending.',3);
INSERT INTO bull_bear_cases (ticker,snapshot_date,case_type,case_text,case_order) VALUES ('PNB','2025-12-31','bear','NIM fell to 2.52% (global) from 2.93% a year ago — among the steepest margin compression of any bank on this dashboard, with management guiding for further near-term pressure before stabilising around FY27.',1);
INSERT INTO bull_bear_cases (ticker,snapshot_date,case_type,case_text,case_order) VALUES ('PNB','2025-12-31','bear','CASA ratio (37.1%) is among the lowest here, and continuing to slip — a structurally costlier funding base than top private banks.',2);
INSERT INTO bull_bear_cases (ticker,snapshot_date,case_type,case_text,case_order) VALUES ('PNB','2025-12-31','bear','This quarter''s profit included a ₹700 crore one-off treasury gain from a stake sale — worth separating core banking profit from one-time gains when judging earnings quality.',3);
INSERT INTO companies (ticker,name,exchange,sector,sub_sector,compare_group,business_core,source_note,moat_note,value_chain_position,value_chain_note) VALUES ('FEDERALBNK','Federal Bank','NSE','Banking','Private Bank','Banks','Federal Bank is a Kerala-headquartered private bank with an unusually large share of India''s inward NRI remittances flowing through its accounts, on top of standard retail, SME and corporate lending. It earns the interest spread plus fee income tied to that remittance and treasury franchise.','Federal Bank''s own Q3 FY26 results and Screener.in''s Q3 FY26 ratio summary','A century-old, deeply entrenched franchise among India''s NRI/Kerala diaspora (an unusually sticky, high-quality deposit base) + a newly secured large strategic capital partner (Blackstone) positioning it toward a top-5 private-bank ambition.','No physical chain; the shared platform-disintermediation dynamic. Federal''s distinctive exposure is a century-old NRI and Kerala-diaspora deposit franchise, giving it unusual sensitivity to global-Indian remittance flows and currency movements (Gulf economies, USD/INR).',NULL);
INSERT INTO metric_snapshots (ticker,snapshot_date,metric_key,metric_value,metric_unit,metric_label,metric_note,higher_is_better,status) VALUES ('FEDERALBNK','2025-12-31','nim',3.18,'%','Net Interest Margin','Up from 3.11% a year ago.',TRUE,'verified');
INSERT INTO metric_snapshots (ticker,snapshot_date,metric_key,metric_value,metric_unit,metric_label,metric_note,higher_is_better,status) VALUES ('FEDERALBNK','2025-12-31','gnpa_pct',1.72,'%','Gross NPA','Down from 1.95% a year ago.',FALSE,'verified');
INSERT INTO metric_snapshots (ticker,snapshot_date,metric_key,metric_value,metric_unit,metric_label,metric_note,higher_is_better,status) VALUES ('FEDERALBNK','2025-12-31','nnpa_pct',0.42,'%','Net NPA','The bank''s best in a decade.',FALSE,'verified');
INSERT INTO metric_snapshots (ticker,snapshot_date,metric_key,metric_value,metric_unit,metric_label,metric_note,higher_is_better,status) VALUES ('FEDERALBNK','2025-12-31','casa_pct',32.07,'%','CASA Ratio','Up 191 bps YoY, with record fee income reducing reliance on interest income alone.',TRUE,'verified');
INSERT INTO metric_snapshots (ticker,snapshot_date,metric_key,metric_value,metric_unit,metric_label,metric_note,higher_is_better,status) VALUES ('FEDERALBNK','2025-12-31','car_pct',15.2,'%','Capital Adequacy','A Blackstone capital infusion is expected to add ~50bps in Q4 FY26 alone, more through FY28.',TRUE,'verified');
INSERT INTO metric_snapshots (ticker,snapshot_date,metric_key,metric_value,metric_unit,metric_label,metric_note,higher_is_better,status) VALUES ('FEDERALBNK','2025-12-31','loan_book_growth',10.94,'%','Loan Book Growth','Slowest of any bank here — a deliberate choice, per management, to prioritise quality of growth over pace.',TRUE,'verified');
INSERT INTO tech_geo_tags (ticker,label,tag_type,is_active) VALUES ('FEDERALBNK','Diaspora and remittance exposure: a large NRI deposit base ties Federal to Gulf-economy health and USD/INR moves more than a typical domestic bank','neutral',TRUE);
INSERT INTO tech_geo_tags (ticker,label,tag_type,is_active) VALUES ('FEDERALBNK','A large strategic capital partner (Blackstone) and a heavy fintech-partnership model extend distribution well beyond its Kerala base','tailwind',TRUE);
INSERT INTO tech_geo_tags (ticker,label,tag_type,is_active) VALUES ('FEDERALBNK','Platform disintermediation plus zero-MDR — the same UPI dynamic facing all banks','risk',TRUE);
INSERT INTO bull_bear_cases (ticker,snapshot_date,case_type,case_text,case_order) VALUES ('FEDERALBNK','2025-12-31','bull','Net NPA improved to 0.42% — the bank''s best in a decade — with Gross NPA down to 1.72%, both moving the right direction for several straight quarters.',1);
INSERT INTO bull_bear_cases (ticker,snapshot_date,case_type,case_text,case_order) VALUES ('FEDERALBNK','2025-12-31','bull','CASA ratio crossed 32% with record fee income (+19% YoY), genuine revenue diversification rather than just margin-chasing.',2);
INSERT INTO bull_bear_cases (ticker,snapshot_date,case_type,case_text,case_order) VALUES ('FEDERALBNK','2025-12-31','bull','A landmark Blackstone capital infusion is expected to lift capital adequacy by roughly 50bps in Q4 FY26 alone, with more capital still arriving through FY28 — a multi-year capital tailwind most banks here don''t have lined up.',3);
INSERT INTO bull_bear_cases (ticker,snapshot_date,case_type,case_text,case_order) VALUES ('FEDERALBNK','2025-12-31','bear','Loan growth (under 11% YoY) is the slowest of any bank on this dashboard — management is deliberately prioritising ''quality of growth'' over pace, which is defensible, but it does mean ceding scale gains to faster-growing peers right now.',1);
INSERT INTO bull_bear_cases (ticker,snapshot_date,case_type,case_text,case_order) VALUES ('FEDERALBNK','2025-12-31','bear','Return on equity (12.9% over the last 3 years per Screener) trails most peers here — a structurally lower profitability ceiling unless the Blackstone capital and mix-shift translate into materially higher returns.',2);
INSERT INTO bull_bear_cases (ticker,snapshot_date,case_type,case_text,case_order) VALUES ('FEDERALBNK','2025-12-31','bear','Contingent liabilities are large in absolute terms (₹2.17 lakh crore) — standard for a bank this size, but worth understanding what''s inside that figure rather than treating it as a red flag on its own.',3);
INSERT INTO companies (ticker,name,exchange,sector,sub_sector,compare_group,business_core,source_note,moat_note,value_chain_position,value_chain_note) VALUES ('IDFCFIRSTB','IDFC First Bank','NSE','Banking','Private Bank','Banks','IDFC First Bank is a young private bank (formed from the 2018 merger of IDFC Bank and Capital First) that built a mostly retail loan book from scratch &mdash; home loans, vehicle loans, MSME credit and a fast-growing credit-card business &mdash; while still working through legacy corporate/infrastructure-project loans inherited from IDFC''s earlier project-finance roots.','IDFC First Bank''s own Q3 FY26 press release, investor presentation, and earnings-call transcript','A purpose-built, fintech-grade digital banking experience (built fresh after the 2018 IDFC Bank–Capital First merger, not retrofitted onto a legacy core) + the fastest CASA-funded growth among private banks tracked here — still a relatively young, unproven-through-a-full-credit-cycle franchise compared to century-old peers.','No physical chain; the shared platform-disintermediation dynamic. IDFC First''s specific exposure is a meaningful microfinance and unsecured book at a time of sector-wide MFI stress — even as its purpose-built digital stack and high CASA give it a strong funding base to weather it.',NULL);
INSERT INTO metric_snapshots (ticker,snapshot_date,metric_key,metric_value,metric_unit,metric_label,metric_note,higher_is_better,status) VALUES ('IDFCFIRSTB','2025-12-31','nim',5.76,'%','Net Interest Margin','Highest of any bank here — but the bank itself reports this ''gross of IBPC & sell-down,'' a different methodology than most peers use, so treat the ranking directionally, not as a perfectly apples-to-apples figure.',TRUE,'verified');
INSERT INTO metric_snapshots (ticker,snapshot_date,metric_key,metric_value,metric_unit,metric_label,metric_note,higher_is_better,status) VALUES ('IDFCFIRSTB','2025-12-31','gnpa_pct',1.69,'%','Gross NPA','Improved from 1.86% the prior quarter and 1.94% a year ago.',FALSE,'verified');
INSERT INTO metric_snapshots (ticker,snapshot_date,metric_key,metric_value,metric_unit,metric_label,metric_note,higher_is_better,status) VALUES ('IDFCFIRSTB','2025-12-31','nnpa_pct',0.53,'%','Net NPA','Ticked up slightly from 0.52% a year ago, even as Gross NPA improved.',FALSE,'verified');
INSERT INTO metric_snapshots (ticker,snapshot_date,metric_key,metric_value,metric_unit,metric_label,metric_note,higher_is_better,status) VALUES ('IDFCFIRSTB','2025-12-31','casa_pct',51.64,'%','CASA Ratio','Highest of any bank on this dashboard, up 390 bps YoY.',TRUE,'verified');
INSERT INTO metric_snapshots (ticker,snapshot_date,metric_key,metric_value,metric_unit,metric_label,metric_note,higher_is_better,status) VALUES ('IDFCFIRSTB','2025-12-31','car_pct',16.22,'%','Capital Adequacy','Includes the effect of ₹7,500 crore in CCPS converting to equity this quarter.',TRUE,'verified');
INSERT INTO metric_snapshots (ticker,snapshot_date,metric_key,metric_value,metric_unit,metric_label,metric_note,higher_is_better,status) VALUES ('IDFCFIRSTB','2025-12-31','loan_book_growth',20.93,'%','Loan Book Growth','Fastest of any bank here; 89% of the growth came from mortgages, vehicle loans, consumer loans, business banking and wholesale — a diversified mix.',TRUE,'verified');
INSERT INTO tech_geo_tags (ticker,label,tag_type,is_active) VALUES ('IDFCFIRSTB','Microfinance and unsecured exposure: sector-wide MFI stress (NBFC-MFI GNPA doubled to ~4.1% by March 2025, expected to peak by March 2026) touches its book directly — it flagged MFI slippages improving, but the cycle is not over','risk',TRUE);
INSERT INTO tech_geo_tags (ticker,label,tag_type,is_active) VALUES ('IDFCFIRSTB','Platform disintermediation plus zero-MDR, the shared UPI dynamic','risk',TRUE);
INSERT INTO tech_geo_tags (ticker,label,tag_type,is_active) VALUES ('IDFCFIRSTB','A purpose-built digital stack and the highest CASA among banks tracked here give it a low-cost funding base to absorb the cycle','tailwind',TRUE);
INSERT INTO bull_bear_cases (ticker,snapshot_date,case_type,case_text,case_order) VALUES ('IDFCFIRSTB','2025-12-31','bull','NIM (5.76%) and CASA (51.64%) are both the highest of any bank on this dashboard by a wide margin — a genuinely differentiated funding and margin profile for a bank still under 8 years old in its current form.',1);
INSERT INTO bull_bear_cases (ticker,snapshot_date,case_type,case_text,case_order) VALUES ('IDFCFIRSTB','2025-12-31','bull','Loan book grew 20.93% YoY, the fastest here, with 89% of that growth spread across mortgages, vehicle loans, consumer loans, business banking and wholesale — a diversified mix, not one risky segment.',2);
INSERT INTO bull_bear_cases (ticker,snapshot_date,case_type,case_text,case_order) VALUES ('IDFCFIRSTB','2025-12-31','bull','Asset quality kept improving even through rapid growth: Gross NPA fell to 1.69%, with MFI-related slippages specifically called out as improving.',3);
INSERT INTO bull_bear_cases (ticker,snapshot_date,case_type,case_text,case_order) VALUES ('IDFCFIRSTB','2025-12-31','bear','NIM is reported ''gross of IBPC & sell-down'' — a different methodology than most banks use, so this figure isn''t perfectly apples-to-apples with other banks'' NIM on this dashboard.',1);
INSERT INTO bull_bear_cases (ticker,snapshot_date,case_type,case_text,case_order) VALUES ('IDFCFIRSTB','2025-12-31','bear','Net NPA ticked up slightly (0.53% from 0.52%) even as Gross NPA improved — a small but real divergence worth watching given past stress in its MFI/unsecured book.',2);
INSERT INTO bull_bear_cases (ticker,snapshot_date,case_type,case_text,case_order) VALUES ('IDFCFIRSTB','2025-12-31','bear','Return on assets, by management''s own admission on the earnings call, remains low (around 0.5%) — a bank still proving out the profitability of its post-merger retail transformation, not yet a finished story.',3);
INSERT INTO companies (ticker,name,exchange,sector,sub_sector,compare_group,business_core,source_note,moat_note,value_chain_position,value_chain_note) VALUES ('BANDHANBNK','Bandhan Bank','NSE','Banking','Private Bank','Banks','Bandhan Bank grew out of India''s largest microfinance institution, so a meaningful share of its book is still unsecured, group-liability microfinance lending to low-income borrowers &mdash; higher-yield but higher-risk &mdash; alongside a growing secured retail and housing-finance business it''s been building to diversify.','Bandhan Bank''s own Q3 FY26 press release and corroborating market coverage','Deep, two-decade-old rural/semi-urban microfinance distribution and credit-assessment expertise — a genuine niche moat in a segment most universal banks avoid, though it carries structurally higher volatility through credit cycles than a diversified bank.','No physical chain, but Bandhan''s model is built on microfinance (its EEB book), so it sits at the sharp end of the sector-wide MFI stress cycle — and its footprint is also geographically concentrated in East India.',NULL);
INSERT INTO metric_snapshots (ticker,snapshot_date,metric_key,metric_value,metric_unit,metric_label,metric_note,higher_is_better,status) VALUES ('BANDHANBNK','2025-12-31','nim',5.9,'%','Net Interest Margin','Highest on this dashboard — but read this as compensation for high-risk microfinance lending, not superior banking economics. It comes paired with the lowest CASA ratio here and one of the higher Gross NPA ratios.',TRUE,'verified');
INSERT INTO metric_snapshots (ticker,snapshot_date,metric_key,metric_value,metric_unit,metric_label,metric_note,higher_is_better,status) VALUES ('BANDHANBNK','2025-12-31','gnpa_pct',3.33,'%','Gross NPA','Down sharply from 5.02% just one quarter earlier — a 169bps improvement in a single quarter.',FALSE,'verified');
INSERT INTO metric_snapshots (ticker,snapshot_date,metric_key,metric_value,metric_unit,metric_label,metric_note,higher_is_better,status) VALUES ('BANDHANBNK','2025-12-31','nnpa_pct',0.99,'%','Net NPA','Down from 1.37% the prior quarter, with provision coverage at 70.8-84.3% depending on whether technical write-offs are included.',FALSE,'verified');
INSERT INTO metric_snapshots (ticker,snapshot_date,metric_key,metric_value,metric_unit,metric_label,metric_note,higher_is_better,status) VALUES ('BANDHANBNK','2025-12-31','casa_pct',27.3,'%','CASA Ratio','Lowest of any bank on this dashboard, down from 31.7% a year ago — fast-eroding cheap-deposit base.',TRUE,'verified');
INSERT INTO metric_snapshots (ticker,snapshot_date,metric_key,metric_value,metric_unit,metric_label,metric_note,higher_is_better,status) VALUES ('BANDHANBNK','2025-12-31','car_pct',17.33,'%','Capital Adequacy','Tier-1 alone was 16.5% — comfortably above regulatory requirements.',TRUE,'verified');
INSERT INTO metric_snapshots (ticker,snapshot_date,metric_key,metric_value,metric_unit,metric_label,metric_note,higher_is_better,status) VALUES ('BANDHANBNK','2025-12-31','loan_book_growth',10,'%','Loan Book Growth','YoY growth in gross advances.',TRUE,'verified');
INSERT INTO tech_geo_tags (ticker,label,tag_type,is_active) VALUES ('BANDHANBNK','Microfinance stress cycle: NBFC-MFI GNPA doubled to ~4.1% by March 2025 and is expected to peak by March 2026; Bandhan already sold ~6,872 crore of bad MFI loans (Dec 2025) and saw its own GNPA swing sharply — a direct read on this cycle','risk',TRUE);
INSERT INTO tech_geo_tags (ticker,label,tag_type,is_active) VALUES ('BANDHANBNK','Geographic concentration: a heavy East-India footprint amplifies exposure to regional income shocks and climate-linked rural volatility','risk',TRUE);
INSERT INTO tech_geo_tags (ticker,label,tag_type,is_active) VALUES ('BANDHANBNK','RBI cut the microfinance consumer-credit risk weight from 125% back to 100% (March 2025), and collection efficiency is recovering — early signs the worst of the cycle may be passing','tailwind',TRUE);
INSERT INTO bull_bear_cases (ticker,snapshot_date,case_type,case_text,case_order) VALUES ('BANDHANBNK','2025-12-31','bull','Gross NPA fell sharply to 3.33% from 5.02% just one quarter earlier — a remarkable 169bps improvement suggesting the worst of its microfinance stress cycle may be behind it.',1);
INSERT INTO bull_bear_cases (ticker,snapshot_date,case_type,case_text,case_order) VALUES ('BANDHANBNK','2025-12-31','bull','Profit rebounded 84% sequentially on materially better collections, with microfinance (EEB) collection efficiency holding strong at 98.2%.',2);
INSERT INTO bull_bear_cases (ticker,snapshot_date,case_type,case_text,case_order) VALUES ('BANDHANBNK','2025-12-31','bull','Capital adequacy of 17.33% remains comfortably above regulatory requirements, leaving room to keep growing without needing fresh capital soon.',3);
INSERT INTO bull_bear_cases (ticker,snapshot_date,case_type,case_text,case_order) VALUES ('BANDHANBNK','2025-12-31','bear','That headline 5.9% NIM is the highest on this dashboard, but it reflects high-yield, high-risk microfinance lending, not efficient banking — it comes paired with the lowest CASA ratio here (27.3%) and one of the higher Gross NPA ratios (3.33%). Read it as ''compensation for risk taken,'' not ''best margins.''',1);
INSERT INTO bull_bear_cases (ticker,snapshot_date,case_type,case_text,case_order) VALUES ('BANDHANBNK','2025-12-31','bear','CASA ratio kept sliding — 31.7% a year ago to 28.0% to 27.3% now — the lowest and fastest-eroding cheap-deposit base of any bank tracked here.',2);
INSERT INTO bull_bear_cases (ticker,snapshot_date,case_type,case_text,case_order) VALUES ('BANDHANBNK','2025-12-31','bear','Profit is still down 51.7% YoY despite the sequential rebound, and the bank sold ₹6,872 crore of bad microfinance loans to asset reconstruction companies in December 2025 — a sign the cleanup is real, but also that there was a lot to clean up.',3);
INSERT INTO companies (ticker,name,exchange,sector,sub_sector,compare_group,business_core,source_note,moat_note,value_chain_position,value_chain_note) VALUES ('AUBANK','AU Small Finance Bank','NSE','Banking','Small Finance Bank','Banks','AU Small Finance Bank converted from a vehicle-finance NBFC into a small finance bank in 2017. It lends heavily to underbanked retail and MSME customers in semi-urban and rural Rajasthan and neighbouring states &mdash; vehicle and MSME loans originally, now alongside a fuller banking suite of deposits and cards.','AU Small Finance Bank''s own Q3 FY26 results and corroborating market coverage','A digital-first, tech-forward small finance bank with the broadest branch network among SFBs (2,700+ touchpoints across 21 states) + a fresh in-principle approval to become a Universal Bank, a structural upgrade most SFB peers don''t yet have in hand.','No physical chain; the shared platform-disintermediation dynamic. AU''s specific exposure is the small-finance-bank sector''s microfinance stress plus an intense deposit-competition environment — set against a structural upgrade, an in-principle RBI approval to become a Universal Bank.',NULL);
INSERT INTO metric_snapshots (ticker,snapshot_date,metric_key,metric_value,metric_unit,metric_label,metric_note,higher_is_better,status) VALUES ('AUBANK','2025-12-31','nim',5.7,'%','Net Interest Margin','Down from 5.9% a year ago, as deposit competition stays intense.',TRUE,'verified');
INSERT INTO metric_snapshots (ticker,snapshot_date,metric_key,metric_value,metric_unit,metric_label,metric_note,higher_is_better,status) VALUES ('AUBANK','2025-12-31','gnpa_pct',2.3,'%','Gross NPA','Improved from 2.41% the prior quarter; stable for three straight quarters.',FALSE,'verified');
INSERT INTO metric_snapshots (ticker,snapshot_date,metric_key,metric_value,metric_unit,metric_label,metric_note,higher_is_better,status) VALUES ('AUBANK','2025-12-31','nnpa_pct',0.88,'%','Net NPA','Unchanged for three consecutive quarters — a sign of consistent, not volatile, credit performance.',FALSE,'verified');
INSERT INTO metric_snapshots (ticker,snapshot_date,metric_key,metric_value,metric_unit,metric_label,metric_note,higher_is_better,status) VALUES ('AUBANK','2025-12-31','casa_pct',29,'%','CASA Ratio','Down from 31.0% a year ago.',TRUE,'verified');
INSERT INTO metric_snapshots (ticker,snapshot_date,metric_key,metric_value,metric_unit,metric_label,metric_note,higher_is_better,status) VALUES ('AUBANK','2025-12-31','car_pct',19.01,'%','Capital Adequacy','Well above regulatory requirements, supporting continued growth.',TRUE,'verified');
INSERT INTO metric_snapshots (ticker,snapshot_date,metric_key,metric_value,metric_unit,metric_label,metric_note,higher_is_better,status) VALUES ('AUBANK','2025-12-31','loan_book_growth',19.3,'%','Loan Book Growth','YoY growth in gross loan portfolio.',TRUE,'verified');
INSERT INTO tech_geo_tags (ticker,label,tag_type,is_active) VALUES ('AUBANK','Universal Bank transition: in-principle RBI approval to convert from an SFB should lower funding costs and widen its addressable market over time','tailwind',TRUE);
INSERT INTO tech_geo_tags (ticker,label,tag_type,is_active) VALUES ('AUBANK','Microfinance and unsecured stress: as an SFB with meaningful unsecured exposure, AU sits in the segment RBI flagged as FY26''s most stressed (unsecured personal loans, microfinance, SME)','risk',TRUE);
INSERT INTO tech_geo_tags (ticker,label,tag_type,is_active) VALUES ('AUBANK','Deposit-competition intensity: management itself calls the deposit environment highly competitive — NIM and CASA are under the same pressure as the whole sector','neutral',TRUE);
INSERT INTO bull_bear_cases (ticker,snapshot_date,case_type,case_text,case_order) VALUES ('AUBANK','2025-12-31','bull','Net profit jumped 26% YoY with provisions down 34% YoY even as the loan book grew a healthy 19.3% — growth and credit discipline improving together, not at each other''s expense.',1);
INSERT INTO bull_bear_cases (ticker,snapshot_date,case_type,case_text,case_order) VALUES ('AUBANK','2025-12-31','bull','Received in-principle RBI approval to transition into a Universal Bank — a structural unlock that should lower funding costs over time and let it compete more directly with full-service private banks.',2);
INSERT INTO bull_bear_cases (ticker,snapshot_date,case_type,case_text,case_order) VALUES ('AUBANK','2025-12-31','bull','Asset quality has been stable for three straight quarters (GNPA 2.30%, NNPA 0.88% unchanged), weathering the small-finance-bank sector''s recent microfinance stress better than several peers.',3);
INSERT INTO bull_bear_cases (ticker,snapshot_date,case_type,case_text,case_order) VALUES ('AUBANK','2025-12-31','bear','NIM kept compressing — 5.7%, down from 5.9% a year ago — as competition for deposits stays intense; management itself called the deposit environment ''highly competitive.''',1);
INSERT INTO bull_bear_cases (ticker,snapshot_date,case_type,case_text,case_order) VALUES ('AUBANK','2025-12-31','bear','CASA ratio slipped from 31.0% a year ago to 29.0% now — the same cheap-deposit erosion playing out across nearly every bank on this dashboard, not unique to AU SFB.',2);
INSERT INTO bull_bear_cases (ticker,snapshot_date,case_type,case_text,case_order) VALUES ('AUBANK','2025-12-31','bear','At least one tracker has flagged the valuation as ''very expensive'' with a PEG ratio above 2 — a reminder that strong execution doesn''t automatically mean a cheap stock.',3);
INSERT INTO companies (ticker,name,exchange,sector,sub_sector,compare_group,business_core,source_note,moat_note,value_chain_position,value_chain_note) VALUES ('CANBK','Canara Bank','NSE','Banking','PSU Bank','Banks','Canara Bank is a PSU bank with a large branch network concentrated in South India, taking deposits and lending across retail, agriculture, MSME and corporate customers. Like other PSU banks, its profitability is tied to the interest spread and to continued recovery in legacy asset quality.','Canara Bank''s own Q3 FY26 results, Screener.in''s ratio summary, and India Ratings commentary','Scale as India''s fourth-largest PSU bank and sixth-largest bank overall (10,000+ domestic branches), ranked #4 as lead bank across India''s states/UTs/districts — deep, sovereign-anchored distribution that''s nearly impossible for a private bank to replicate quickly.','No physical chain; the shared platform-disintermediation dynamic. Government-owned, and one of India''s largest PSU banks with a lead-bank role coordinating banking across many states and districts — deep, sovereign-anchored distribution.',NULL);
INSERT INTO metric_snapshots (ticker,snapshot_date,metric_key,metric_value,metric_unit,metric_label,metric_note,higher_is_better,status) VALUES ('CANBK','2025-12-31','nim',2.5,'%','Net Interest Margin','Down from 2.80% for all of FY25 — management is guiding to recover toward 2.75-2.80% during FY26.',TRUE,'verified');
INSERT INTO metric_snapshots (ticker,snapshot_date,metric_key,metric_value,metric_unit,metric_label,metric_note,higher_is_better,status) VALUES ('CANBK','2025-12-31','gnpa_pct',2.08,'%','Gross NPA','A record low for the bank, down from 3.34% a year ago.',FALSE,'verified');
INSERT INTO metric_snapshots (ticker,snapshot_date,metric_key,metric_value,metric_unit,metric_label,metric_note,higher_is_better,status) VALUES ('CANBK','2025-12-31','nnpa_pct',0.45,'%','Net NPA','Down from 0.89% a year ago, with provision coverage above 94%.',FALSE,'verified');
INSERT INTO metric_snapshots (ticker,snapshot_date,metric_key,metric_value,metric_unit,metric_label,metric_note,higher_is_better,status) VALUES ('CANBK','2025-12-31','casa_pct',29.52,'%','CASA Ratio','Among the lower end of this dashboard; management''s own target is to recover to just 32%, still below its 32.4% level two years ago.',TRUE,'verified');
INSERT INTO metric_snapshots (ticker,snapshot_date,metric_key,metric_value,metric_unit,metric_label,metric_note,higher_is_better,status) VALUES ('CANBK','2025-12-31','car_pct',16.5,'%','Capital Adequacy','CET1 alone is lower (12.37%) than most PSU peers with similar asset quality — the headline figure leans more on AT1/Tier-2 instruments.',TRUE,'verified');
INSERT INTO metric_snapshots (ticker,snapshot_date,metric_key,metric_value,metric_unit,metric_label,metric_note,higher_is_better,status) VALUES ('CANBK','2025-12-31','loan_book_growth',13.59,'%','Loan Book Growth','YoY growth in global advances.',TRUE,'verified');
INSERT INTO tech_geo_tags (ticker,label,tag_type,is_active) VALUES ('CANBK','Government majority ownership plus lead-bank role: coordinates priority-sector and inclusion banking across states, a mandate beyond pure commercial lending','neutral',TRUE);
INSERT INTO tech_geo_tags (ticker,label,tag_type,is_active) VALUES ('CANBK','Platform disintermediation plus zero-MDR, the shared UPI dynamic','risk',TRUE);
INSERT INTO tech_geo_tags (ticker,label,tag_type,is_active) VALUES ('CANBK','Record-low NPAs and strong profit growth show a genuine turnaround, though core CET1 capital is thinner than some peers','tailwind',TRUE);
INSERT INTO bull_bear_cases (ticker,snapshot_date,case_type,case_text,case_order) VALUES ('CANBK','2025-12-31','bull','Gross NPA hit a record low of 2.08% (from 3.34% a year ago) with Net NPA at just 0.45% and provision coverage above 94% — asset quality now genuinely rivals the better private banks, not just other PSU peers.',1);
INSERT INTO bull_bear_cases (ticker,snapshot_date,case_type,case_text,case_order) VALUES ('CANBK','2025-12-31','bull','Profit grew 25.6% YoY for the seventh straight quarter of 18%+ YoY growth — a sustained trend, not a one-off beat.',2);
INSERT INTO bull_bear_cases (ticker,snapshot_date,case_type,case_text,case_order) VALUES ('CANBK','2025-12-31','bull','Raised ₹3,500 crore via AT1 bonds during the quarter, reinforcing an already-comfortable 16.50% capital adequacy ratio with room to keep growing.',3);
INSERT INTO bull_bear_cases (ticker,snapshot_date,case_type,case_text,case_order) VALUES ('CANBK','2025-12-31','bear','A meaningful share of this quarter''s profit growth came from a one-time ~₹1,800 crore gain on reclassifying two subsidiaries (Canara Robeco AMC, Canara HSBC Life) as associates — worth separating from core lending performance when judging earnings quality.',1);
INSERT INTO bull_bear_cases (ticker,snapshot_date,case_type,case_text,case_order) VALUES ('CANBK','2025-12-31','bear','NIM kept falling to 2.50% from 2.80% across FY25, and CASA (29.52%) is among the lower end of this dashboard, with management''s own near-term target being just 32% — still below its level two years ago.',2);
INSERT INTO bull_bear_cases (ticker,snapshot_date,case_type,case_text,case_order) VALUES ('CANBK','2025-12-31','bear','CET1 — the purest measure of core capital — at 12.37% is lower than most PSU peers with comparable asset quality, per India Ratings; the comfortable headline capital ratio leans more on AT1/Tier-2 instruments than some peers.',3);
INSERT INTO companies (ticker,name,exchange,sector,sub_sector,compare_group,business_core,source_note,moat_note,value_chain_position,value_chain_note) VALUES ('HINDUNILVR','Hindustan Unilever','NSE','FMCG','FMCG - Diversified','FMCG','Hindustan Unilever (Unilever''s Indian arm) is India''s largest FMCG company: it manufactures and sells everyday packaged goods &mdash; soaps, detergents, shampoos, packaged foods, skincare &mdash; under brands like Lux, Surf Excel and Dove, distributed through India''s largest retail reach network. Margins depend on brand pricing power versus input costs (palm oil and other commodity derivatives).','HUL''s own Q3 FY26 earnings call (Feb 12 2026), Business Standard, Axis Direct research note, Screener.in (FY26 annual), MarketsMojo — six sources cross-checked','20 ''billion-rupee brands'' including Dove, Surf Excel, Lux, Lipton, Horlicks, and Lakmé — a brand portfolio moat paired with a 9-million-outlet distribution network built over 90+ years. The moat is real; the question is whether the premium valuation already prices it in fully.','Downstream brand owner and manufacturer — HUL doesn''t grow its own raw materials, it captures value through 20 ''billion-rupee'' brands and a 9-million-outlet distribution network that turns commodity inputs into premium-priced finished goods.','Import-dependent on palm oil and crude-linked raw materials, named directly as the Q3 gross-margin headwind — a live, current example of the import-exposure pattern, not a hypothetical.');
INSERT INTO metric_snapshots (ticker,snapshot_date,metric_key,metric_value,metric_unit,metric_label,metric_note,higher_is_better,status) VALUES ('HINDUNILVR','2025-12-31','revenue_growth_pct',5.7,'%','Revenue Growth (YoY)','Continuing operations only, after the Dec 2025 ice cream (Kwality Wall''s) demerger. Underlying Sales Growth (USG) was 5%.',TRUE,'verified');
INSERT INTO metric_snapshots (ticker,snapshot_date,metric_key,metric_value,metric_unit,metric_label,metric_note,higher_is_better,status) VALUES ('HINDUNILVR','2025-12-31','volume_growth_pct',4,'%','Volume Growth (UVG)','Underlying Volume Growth — HUL''s own preferred demand measure. Management called this the highest UVG in the last 12 quarters.',TRUE,'verified');
INSERT INTO metric_snapshots (ticker,snapshot_date,metric_key,metric_value,metric_unit,metric_label,metric_note,higher_is_better,status) VALUES ('HINDUNILVR','2025-12-31','gross_margin_pct',49.7,'%','Gross Margin','Down 28 bps YoY (Axis Direct). Key headwind: palm oil and crude-linked raw material inflation.',TRUE,'verified');
INSERT INTO metric_snapshots (ticker,snapshot_date,metric_key,metric_value,metric_unit,metric_label,metric_note,higher_is_better,status) VALUES ('HINDUNILVR','2025-12-31','ebitda_margin_pct',23.3,'%','EBITDA Margin','Down 70 bps YoY. Within HUL''s own guided range of 22–23%; management reaffirmed the range for FY26.',TRUE,'verified');
INSERT INTO metric_snapshots (ticker,snapshot_date,metric_key,metric_value,metric_unit,metric_label,metric_note,higher_is_better,status) VALUES ('HINDUNILVR','2025-12-31','roce_pct',31.61,'%','ROCE','Return on Capital Employed for FY26 (trailing). Zero long-term debt means essentially all capital is equity — the ROCE reflects genuine business quality, not financial leverage.',TRUE,'verified');
INSERT INTO metric_snapshots (ticker,snapshot_date,metric_key,metric_value,metric_unit,metric_label,metric_note,higher_is_better,status) VALUES ('HINDUNILVR','2025-12-31','anp_spend_pct',9.4,'%','A&P Spend % Revenue','₹1,522 crore on advertising & promotion in Q3 FY26. Full-year FY26 was 9.8% of turnover. Display-only metric — higher is brand investment, not waste; lower isn''t automatically better.',NULL,'verified');
INSERT INTO tech_geo_tags (ticker,label,tag_type,is_active) VALUES ('HINDUNILVR','Distribution disintermediation: quick-commerce now ~3% of sales and doubling each quarter — reshaping who controls shelf access and at what margin, a genuinely new risk this category didn''t face five years ago','risk',TRUE);
INSERT INTO tech_geo_tags (ticker,label,tag_type,is_active) VALUES ('HINDUNILVR','Commodity/import exposure: palm oil and crude-linked raw materials, directly cited as the quarter''s gross-margin pressure point','risk',TRUE);
INSERT INTO tech_geo_tags (ticker,label,tag_type,is_active) VALUES ('HINDUNILVR','Premium digital-native brand acquisitions (Minimalist, OZiva) give HUL its own foothold in the same disruptive channel rather than only defending against it','tailwind',TRUE);
INSERT INTO bull_bear_cases (ticker,snapshot_date,case_type,case_text,case_order) VALUES ('HINDUNILVR','2025-12-31','bull','Volume growth (4% UVG) is the highest in 12 quarters, and management described demand trends as showing ''early signs of recovery'' on the Q3 earnings call — a genuine turning point after several quarters of soft volumes, not just narrative.',1);
INSERT INTO bull_bear_cases (ticker,snapshot_date,case_type,case_text,case_order) VALUES ('HINDUNILVR','2025-12-31','bull','ROCE of 31.61% and zero long-term debt — this company creates substantial returns on capital without leverage; that''s a quality of earnings test most companies fail.',2);
INSERT INTO bull_bear_cases (ticker,snapshot_date,case_type,case_text,case_order) VALUES ('HINDUNILVR','2025-12-31','bull','The portfolio rotation is real: ice cream (low-margin) is now demerged and separately listed; premium digital-native brands Minimalist and OZiva are fully owned; quick-commerce now ~3% of sales and doubling every quarter.',3);
INSERT INTO bull_bear_cases (ticker,snapshot_date,case_type,case_text,case_order) VALUES ('HINDUNILVR','2025-12-31','bear','The reported 121% profit surge is almost entirely a one-time accounting gain (₹4,485 crore exceptional item from the ice cream demerger) — adjusted PAT from continuing operations grew about 1% YoY, which is the real underlying number.',1);
INSERT INTO bull_bear_cases (ticker,snapshot_date,case_type,case_text,case_order) VALUES ('HINDUNILVR','2025-12-31','bear','EBITDA margins compressed 70 bps YoY to 23.3% — palm oil and crude-linked raw material costs are the named culprit; management guided to staying within 22–23%, not expanding back to historical 24–25%.',2);
INSERT INTO bull_bear_cases (ticker,snapshot_date,case_type,case_text,case_order) VALUES ('HINDUNILVR','2025-12-31','bear','Revenue growth of 5.7% (and 5-year sales CAGR of just ~6.5%) is unspectacular for a company trading at over 49x FY27E earnings per analyst estimates — the valuation assumes flawless execution on premiumisation and quick-commerce scaling, with little room for a miss.',3);
INSERT INTO companies (ticker,name,exchange,sector,sub_sector,compare_group,business_core,source_note,moat_note,value_chain_position,value_chain_note) VALUES ('ITC','ITC Limited','NSE','FMCG','FMCG - Cigarettes & Diversified','FMCG','ITC is a diversified conglomerate whose historically dominant, highest-margin business is cigarettes (Gold Flake and other brands) &mdash; a reliable cash generator that funds a fast-growing FMCG-foods and personal-care portfolio (Aashirvaad, Sunfeast, Bingo, Savlon), plus hotels, paperboard/packaging and agri-trading businesses. Its profit mix remains cigarette-heavy even as management pushes to diversify.','ITC''s own Q3 FY26 investor presentation (itcportal.com), Motilal Oswal research note, Business Standard, Tobacco Insider, MarketsMojo, Screener.in — seven sources cross-checked','~80% share of India''s organized domestic cigarette market (entrenched brands, unique distribution, high switching friction) + a genuinely growing FMCG portfolio (Sunfeast, Bingo, Fiama, Classmate) + a valuable hotel and real estate portfolio. The core moat is durable; the regulatory and ESG risk discount on it is the ongoing debate.','Unusually vertically integrated for an FMCG company — ITC sources leaf tobacco directly through its own Agri Business arm, manufactures, brands, and distributes through a network giving it ~80% share of the organized cigarette market, capturing value at nearly every stage rather than depending on outside suppliers.',NULL);
INSERT INTO metric_snapshots (ticker,snapshot_date,metric_key,metric_value,metric_unit,metric_label,metric_note,higher_is_better,status) VALUES ('ITC','2025-12-31','revenue_growth_pct',6.7,'%','Revenue Growth (YoY)','Consolidated gross revenue +7.1% per ITC''s own presentation; net-of-excise revenue used here (+6.7%). Cigarettes excise duty flows through gross revenue — both bases are valid, but this is the net figure for comparability.',TRUE,'verified');
INSERT INTO metric_snapshots (ticker,snapshot_date,metric_key,metric_value,metric_unit,metric_label,metric_note,higher_is_better,status) VALUES ('ITC','2025-12-31','volume_growth_pct',6.5,'%','Volume Growth','Cigarette segment volume growth, ITC''s single largest segment by revenue and profit. FMCG-Others (packaged foods, personal care) revenues grew +11.1% YoY — no single volume % disclosed for the combined company.',TRUE,'verified');
INSERT INTO metric_snapshots (ticker,snapshot_date,metric_key,metric_value,metric_unit,metric_label,metric_note,higher_is_better,status) VALUES ('ITC','2025-12-31','gross_margin_pct',NULL,'%','Gross Margin','Not directly comparable to HUL. ITC''s gross revenue includes cigarette excise duty (a pass-through tax), which inflates the revenue denominator and makes computed gross margin meaningfully different in kind from a pure-FMCG company''s. Shown as — rather than presenting a misleading number.',TRUE,'verified');
INSERT INTO metric_snapshots (ticker,snapshot_date,metric_key,metric_value,metric_unit,metric_label,metric_note,higher_is_better,status) VALUES ('ITC','2025-12-31','ebitda_margin_pct',35.1,'%','EBITDA Margin','Standalone EBITDA margin, up 50 bps YoY to 35.1%. Higher than HUL''s 23.3%, but driven primarily by the structurally higher-margin cigarette business — not a like-for-like comparison.',TRUE,'verified');
INSERT INTO metric_snapshots (ticker,snapshot_date,metric_key,metric_value,metric_unit,metric_label,metric_note,higher_is_better,status) VALUES ('ITC','2025-12-31','roce_pct',44.26,'%','ROCE','Highest of any company on this dashboard. Reflects the high-margin, capital-light cigarette franchise. ROE was 27.82%.',TRUE,'verified');
INSERT INTO metric_snapshots (ticker,snapshot_date,metric_key,metric_value,metric_unit,metric_label,metric_note,higher_is_better,status) VALUES ('ITC','2025-12-31','anp_spend_pct',NULL,'%','A&P Spend % Revenue','Not disclosed as a combined % of net revenue for Q3. ITC reports advertising and promotion costs selectively at segment level. Shown as — rather than estimated.',NULL,'verified');
INSERT INTO tech_geo_tags (ticker,label,tag_type,is_active) VALUES ('ITC','Regulatory/tax exposure: a cigarette excise duty hike (₹2.05-8.50 per stick) took effect Feb 1, 2026, just after this quarter closed — the single largest near-term risk to the value chain this profit depends on most','risk',TRUE);
INSERT INTO tech_geo_tags (ticker,label,tag_type,is_active) VALUES ('ITC','Illicit trade risk: every legal price increase historically expands the untaxed market, eroding the volume base the legal, taxed supply chain depends on','risk',TRUE);
INSERT INTO tech_geo_tags (ticker,label,tag_type,is_active) VALUES ('ITC','FMCG-Others diversification (+11.1% revenue growth this quarter) is a genuine, working hedge that reduces dependence on the cigarette value chain over time, even if it''s not yet large enough to offset it','tailwind',TRUE);
INSERT INTO bull_bear_cases (ticker,snapshot_date,case_type,case_text,case_order) VALUES ('ITC','2025-12-31','bull','ROCE of 44.26% is the highest of any company on this dashboard — a direct result of the cigarette business''s structurally high margins and low capital requirements. The business model itself generates extraordinary returns on the capital it actually deploys.',1);
INSERT INTO bull_bear_cases (ticker,snapshot_date,case_type,case_text,case_order) VALUES ('ITC','2025-12-31','bull','FMCG-Others (non-cigarette packaged foods, personal care, agarbattis) grew +11.1% revenue YoY with EBITDA margins expanding 145 bps — the diversification away from cigarettes is actually delivering results, not just a stated ambition.',2);
INSERT INTO bull_bear_cases (ticker,snapshot_date,case_type,case_text,case_order) VALUES ('ITC','2025-12-31','bull','Dividend yield of ~2% is the highest among FMCG peers tracked here, backed by consistent FCF from the cigarette franchise. Management declared ₹6.50/share interim dividend this quarter.',3);
INSERT INTO bull_bear_cases (ticker,snapshot_date,case_type,case_text,case_order) VALUES ('ITC','2025-12-31','bear','A cigarette excise duty hike effective February 1, 2026 (₹2.05–₹8.50 per stick by length, replacing compensation cess) came just after Q3 ended — so this quarter''s results don''t reflect it yet. The stock fell ~20% from its 52-week high near ₹471 to ₹303–318 around results, pricing in the regulatory risk the numbers haven''t yet shown.',1);
INSERT INTO bull_bear_cases (ticker,snapshot_date,case_type,case_text,case_order) VALUES ('ITC','2025-12-31','bear','Cigarette EBIT margins already contracted 140 bps YoY to 56.7% even before the excise hike, on rising leaf tobacco costs — margin pressure was already building in the core business.',2);
INSERT INTO bull_bear_cases (ticker,snapshot_date,case_type,case_text,case_order) VALUES ('ITC','2025-12-31','bear','~70–75% of total profit still comes from cigarettes: a business facing annual regulatory risk, secular volume headwinds from health awareness, and an illicit trade market that grows every time legal prices are raised. The entire conglomerate''s financial health is structurally dependent on one regulated, shrinking-by-design category.',3);
INSERT INTO companies (ticker,name,exchange,sector,sub_sector,compare_group,business_core,source_note,moat_note,value_chain_position,value_chain_note) VALUES ('TCS','Tata Consultancy Services','NSE','IT Services','IT - Large Cap','IT','Tata Consultancy Services sells software development, IT consulting and outsourced technology operations to large global enterprises, billed largely on consultant time or fixed-price/outcome contracts. Because revenue is fundamentally billed hours and project fees, headcount, utilisation rates and pricing per hour drive margins &mdash; and it now discloses a distinct, growing AI-services revenue line.','TCS''s own Q3 FY26 press release, fact sheet, and earnings-call transcript (tcs.com)','Scale (582,000+ employees, 202 delivery centers, 55 countries) + five decades of enterprise relationships + a Tata Group balance sheet that can absorb AI-transition investment most competitors can''t. The open question — explicit in the project plan''s value-chain analysis — is whether scale remains a moat or becomes a cost disadvantage as AI compresses the traditional staffing-pyramid economics this scale was built around.','Downstream IT service provider — there''s no physical raw-material chain here; the enterprise client sets project scope and retains the anchor position, while TCS competes on delivery quality, cost, and increasingly AI-augmented productivity within that scope.','Revenue is broadly diversified across BFSI (~28%), manufacturing, energy/utilities, and retail — no single client or vertical disclosed as a concentration risk.');
INSERT INTO metric_snapshots (ticker,snapshot_date,metric_key,metric_value,metric_unit,metric_label,metric_note,higher_is_better,status) VALUES ('TCS','2025-12-31','revenue_growth_pct',4.9,'%','Revenue Growth (YoY)','Reported INR terms. Constant-currency revenue actually fell 2.6% YoY — the gap is currency translation, not real growth. Worth reading both numbers together.',TRUE,'verified');
INSERT INTO metric_snapshots (ticker,snapshot_date,metric_key,metric_value,metric_unit,metric_label,metric_note,higher_is_better,status) VALUES ('TCS','2025-12-31','operating_margin_pct',25.2,'%','Operating Margin','Held steady YoY despite wage hikes — margin discipline maintained through a soft-growth environment.',TRUE,'verified');
INSERT INTO metric_snapshots (ticker,snapshot_date,metric_key,metric_value,metric_unit,metric_label,metric_note,higher_is_better,status) VALUES ('TCS','2025-12-31','attrition_pct',13.5,'%','Attrition (LTM)','Voluntary attrition, trailing twelve months, IT services.',FALSE,'verified');
INSERT INTO metric_snapshots (ticker,snapshot_date,metric_key,metric_value,metric_unit,metric_label,metric_note,higher_is_better,status) VALUES ('TCS','2025-12-31','deal_tcv_usd_bn',9.3,'$bn','Deal TCV (Quarter)','Total Contract Value signed this quarter, including one mega deal in North America. A forward-looking demand signal, not revenue already booked.',TRUE,'verified');
INSERT INTO metric_snapshots (ticker,snapshot_date,metric_key,metric_value,metric_unit,metric_label,metric_note,higher_is_better,status) VALUES ('TCS','2025-12-31','roce_pct',NULL,'%','ROCE','Not separately headlined by TCS in its own Q3 disclosures — shown as — rather than estimated.',TRUE,'verified');
INSERT INTO metric_snapshots (ticker,snapshot_date,metric_key,metric_value,metric_unit,metric_label,metric_note,higher_is_better,status) VALUES ('TCS','2025-12-31','ai_revenue_growth_pct',17.3,'%','AI Revenue Growth (QoQ)','Annualised AI services revenue reached $1.8bn, up 17.3% sequentially in constant currency. Display-only: this is a new, inconsistently-disclosed metric across the sector — see the bear case for why it can''t yet be ranked fairly against peers.',TRUE,'verified');
INSERT INTO tech_geo_tags (ticker,label,tag_type,is_active) VALUES ('TCS','AI/automation exposure: structural threat to the traditional staffing-pyramid billing model — this quarter''s constant-currency revenue actually fell 2.6% YoY even as reported INR revenue grew, the live evidence of pricing/volume pressure','risk',TRUE);
INSERT INTO tech_geo_tags (ticker,label,tag_type,is_active) VALUES ('TCS','AI/automation exposure: also a measurable tailwind — $1.8bn annualised AI-native revenue, +17.3% QoQ, the fastest-growing disclosed line in the business','tailwind',TRUE);
INSERT INTO tech_geo_tags (ticker,label,tag_type,is_active) VALUES ('TCS','Currency exposure: the bulk of revenue is billed in USD/GBP/EUR — a weaker rupee flatters reported INR growth even when underlying demand (constant-currency) is flat or falling','neutral',TRUE);
INSERT INTO bull_bear_cases (ticker,snapshot_date,case_type,case_text,case_order) VALUES ('TCS','2025-12-31','bull','AI is becoming a real, measurable revenue line, not just a talking point: annualised AI services revenue hit $1.8 billion, growing 17.3% sequentially — management''s stated ambition is to become ''the world''s largest AI-led technology services company.''',1);
INSERT INTO bull_bear_cases (ticker,snapshot_date,case_type,case_text,case_order) VALUES ('TCS','2025-12-31','bull','Deal TCV of $9.3 billion this quarter (with a North America mega deal) gives strong revenue visibility — a forward indicator that current bookings exceed current billing, a healthy sign for future quarters.',2);
INSERT INTO bull_bear_cases (ticker,snapshot_date,case_type,case_text,case_order) VALUES ('TCS','2025-12-31','bull','Operating margin held steady at 25.2% despite wage hikes — disciplined cost management even while growth stayed modest.',3);
INSERT INTO bull_bear_cases (ticker,snapshot_date,case_type,case_text,case_order) VALUES ('TCS','2025-12-31','bear','Constant-currency revenue actually declined 2.6% YoY — the headline 4.9% INR growth is mostly currency translation, not real organic demand. This is the structural GenAI-era story the project plan flagged: pricing and volume pressure in traditional delivery work, even at the sector''s largest, most efficient player.',1);
INSERT INTO bull_bear_cases (ticker,snapshot_date,case_type,case_text,case_order) VALUES ('TCS','2025-12-31','bear','Reported net profit fell YoY, driven by exceptional items this quarter — management says this doesn''t reflect core business weakness, but it''s worth separating headline profit from underlying trend regardless.',2);
INSERT INTO bull_bear_cases (ticker,snapshot_date,case_type,case_text,case_order) VALUES ('TCS','2025-12-31','bear','AI revenue, while growing fast, is still a small fraction of TCS''s ~$30bn annual revenue base — the disclosed dollar figure ($1.8bn annualised) needs context against total scale, not just its growth rate, before treating it as a turnaround signal.',3);
INSERT INTO companies (ticker,name,exchange,sector,sub_sector,compare_group,business_core,source_note,moat_note,value_chain_position,value_chain_note) VALUES ('INFY','Infosys','NSE','IT Services','IT - Large Cap','IT','Infosys runs the same core IT-services business model as TCS &mdash; global enterprise clients pay for software development, consulting and outsourced technology operations &mdash; with margins driven by utilisation, the offshore/onsite delivery mix and wage inflation. Unlike TCS, it does not disclose a separate standalone AI-revenue figure.','Infosys''s own Q3 FY26 SEC Form 6-K press release and fact sheet, plus corroborating market coverage (Zee Business, Republic World)','Deep enterprise AI partnerships (Topaz platform) + consulting-led client relationships across BFSI, manufacturing, and retail + one of the industry''s strongest cash-generation track records (consistently 100%+ FCF-to-net-profit conversion). Like TCS, the moat built on engineering headcount scale is the exact thing GenAI is putting the most pressure on — the project plan''s flagged sector risk, not a hypothetical one.','Downstream IT service provider — the same structural position as TCS: no physical chain, the enterprise client sets scope, and Infosys competes on consulting-led delivery and, increasingly, on enterprise AI integration through its Topaz platform.','Revenue concentration by segment is broadly similar to sector peers (financial services, manufacturing, retail) — no single client disclosed as a standout concentration risk.');
INSERT INTO metric_snapshots (ticker,snapshot_date,metric_key,metric_value,metric_unit,metric_label,metric_note,higher_is_better,status) VALUES ('INFY','2025-12-31','revenue_growth_pct',3.2,'%','Revenue Growth (YoY)','Reported INR terms, per Infosys''s own fact sheet. Constant-currency growth was just 1.7% — similar currency-vs-real gap to TCS, same sector-wide pattern.',TRUE,'verified');
INSERT INTO metric_snapshots (ticker,snapshot_date,metric_key,metric_value,metric_unit,metric_label,metric_note,higher_is_better,status) VALUES ('INFY','2025-12-31','operating_margin_pct',18.4,'%','Operating Margin','Reported IFRS basis. Adjusted (excluding a one-time Labour Codes charge) was higher at 21.2%, sequentially up 0.2pp — the cleaner read of underlying margin trend.',TRUE,'verified');
INSERT INTO metric_snapshots (ticker,snapshot_date,metric_key,metric_value,metric_unit,metric_label,metric_note,higher_is_better,status) VALUES ('INFY','2025-12-31','attrition_pct',12.3,'%','Attrition (LTM)','Down from 14.3% the prior quarter and 13.7% a year ago — the lowest of the two IT companies tracked here, and genuinely improving, not just stable.',FALSE,'verified');
INSERT INTO metric_snapshots (ticker,snapshot_date,metric_key,metric_value,metric_unit,metric_label,metric_note,higher_is_better,status) VALUES ('INFY','2025-12-31','deal_tcv_usd_bn',4.8,'$bn','Deal TCV (Quarter)','Total Contract Value of large deal wins this quarter, with 57% net new (i.e., not just renewals of existing work).',TRUE,'verified');
INSERT INTO metric_snapshots (ticker,snapshot_date,metric_key,metric_value,metric_unit,metric_label,metric_note,higher_is_better,status) VALUES ('INFY','2025-12-31','roce_pct',NULL,'%','ROCE','Not separately headlined in Q3 disclosures (ROE was cited at 32.8% in the earnings call, a related but different measure) — shown as — rather than conflating the two.',TRUE,'verified');
INSERT INTO metric_snapshots (ticker,snapshot_date,metric_key,metric_value,metric_unit,metric_label,metric_note,higher_is_better,status) VALUES ('INFY','2025-12-31','ai_revenue_growth_pct',NULL,'%','AI Revenue Growth (QoQ)','Infosys discloses AI traction qualitatively (via its ''Topaz'' platform) and ties it to deal wins and market-share commentary, but doesn''t publish a standalone AI-revenue growth % the way TCS does. Shown as — rather than guessed — itself a useful data point: AI-revenue disclosure isn''t yet standardised across the sector.',TRUE,'verified');
INSERT INTO tech_geo_tags (ticker,label,tag_type,is_active) VALUES ('INFY','AI/automation exposure: structural threat to the traditional billing model — constant-currency revenue growth of just 1.7% YoY this quarter, barely positive, the same sector-wide pattern visible at TCS','risk',TRUE);
INSERT INTO tech_geo_tags (ticker,label,tag_type,is_active) VALUES ('INFY','AI/automation exposure: Topaz platform is management''s stated growth strategy, tied to raised FY26 guidance — but without a disclosed revenue figure, it''s a qualitative tailwind for now, not yet a quantified one','neutral',TRUE);
INSERT INTO tech_geo_tags (ticker,label,tag_type,is_active) VALUES ('INFY','Currency exposure: similar USD-heavy revenue mix to TCS — the reported-vs-constant-currency growth gap (3.2% vs 1.7%) reflects rupee movement more than real demand change','neutral',TRUE);
INSERT INTO bull_bear_cases (ticker,snapshot_date,case_type,case_text,case_order) VALUES ('INFY','2025-12-31','bull','Attrition fell to 12.3% LTM, down from 14.3% the prior quarter — a real, improving trend, and the lowest of the two IT companies tracked here, suggesting better employee retention even amid sector-wide AI-driven uncertainty.',1);
INSERT INTO bull_bear_cases (ticker,snapshot_date,case_type,case_text,case_order) VALUES ('INFY','2025-12-31','bull','Management raised FY26 revenue guidance (to 3.0-3.5% constant currency) rather than cutting it — a vote of confidence from the company closest to its own numbers, not just analyst optimism.',2);
INSERT INTO bull_bear_cases (ticker,snapshot_date,case_type,case_text,case_order) VALUES ('INFY','2025-12-31','bull','Deal TCV of $4.8bn with 57% net new business signals real incremental demand, not just contract renewals — a healthier mix than pure renewal-driven bookings.',3);
INSERT INTO bull_bear_cases (ticker,snapshot_date,case_type,case_text,case_order) VALUES ('INFY','2025-12-31','bear','Constant-currency revenue growth of just 1.7% YoY is barely positive — the same structural pattern as TCS, the clearest evidence yet that this is a sector-wide GenAI-era growth slowdown, not one company''s execution problem.',1);
INSERT INTO bull_bear_cases (ticker,snapshot_date,case_type,case_text,case_order) VALUES ('INFY','2025-12-31','bear','Reported operating margin (18.4%) was meaningfully below the adjusted figure (21.2%) due to a one-time Labour Codes charge — worth using the adjusted number for trend analysis, but the gap itself shows how much one-off items can swing a single quarter''s headline margin.',2);
INSERT INTO bull_bear_cases (ticker,snapshot_date,case_type,case_text,case_order) VALUES ('INFY','2025-12-31','bear','Unlike TCS, Infosys doesn''t publish a standalone AI-revenue growth metric — making it genuinely harder to judge whether its AI investments (branded ''Topaz'') are translating into revenue at a comparable pace, or whether the absence of a disclosed number is itself information.',3);
INSERT INTO companies (ticker,name,exchange,sector,sub_sector,compare_group,business_core,source_note,moat_note,value_chain_position,value_chain_note) VALUES ('SUNPHARMA','Sun Pharmaceutical Industries','NSE','Pharma','Pharma - Specialty & Generics','Pharma','Sun Pharmaceutical Industries, India''s largest drugmaker, sells both low-margin, volume-driven generic drugs (mainly in the US and India) and increasingly higher-margin branded specialty medicines &mdash; particularly dermatology &mdash; sold mostly in the US under its Innovative Medicines franchise. Recent profit growth has come from this shift toward specialty products, not just generic volumes.','Sun Pharma''s own Q3 FY26 press release and earnings call transcript (sunpharma.com), cross-checked against Business Standard and AlphaStreet','World''s largest specialty generics company + India''s #1 pharma franchise by both market share and prescription volume + a genuinely differentiated innovative pipeline (5 novel entities in clinical stage) smaller peers can''t easily replicate — though even this scale doesn''t fully insulate the legacy US generics book from sector-wide pricing pressure.','Vertically integrated specialty/generics manufacturer — API production mostly feeds its own formulation business internally (external API sales are tiny, under 4% of revenue), with an increasingly important Innovative/Specialty Medicines arm sold directly into the regulated US market.','Manufacturing facilities span five continents serving 100+ countries — geographically diversified supply, not concentrated in one country''s regulatory or trade-policy risk the way some peers are.');
INSERT INTO metric_snapshots (ticker,snapshot_date,metric_key,metric_value,metric_unit,metric_label,metric_note,higher_is_better,status) VALUES ('SUNPHARMA','2025-12-31','revenue_growth_pct',15.1,'%','Revenue Growth (YoY)','Includes a $55 million one-time milestone payment within Global Innovative Medicines — underlying growth ex-milestone was still strong but slightly lower.',TRUE,'verified');
INSERT INTO metric_snapshots (ticker,snapshot_date,metric_key,metric_value,metric_unit,metric_label,metric_note,higher_is_better,status) VALUES ('SUNPHARMA','2025-12-31','gross_margin_pct',81,'%','Gross Margin','Up YoY on a better product mix — reflects the growing share of higher-margin specialty/branded business.',TRUE,'verified');
INSERT INTO metric_snapshots (ticker,snapshot_date,metric_key,metric_value,metric_unit,metric_label,metric_note,higher_is_better,status) VALUES ('SUNPHARMA','2025-12-31','ebitda_margin_pct',31.9,'%','EBITDA Margin','Up 260bps YoY — rare to see margin expand alongside double-digit revenue growth in pharma this quarter.',TRUE,'verified');
INSERT INTO metric_snapshots (ticker,snapshot_date,metric_key,metric_value,metric_unit,metric_label,metric_note,higher_is_better,status) VALUES ('SUNPHARMA','2025-12-31','us_business_growth_pct',0.6,'%','US Business Growth','Flat — Innovative Medicines growth offset by generic price erosion. The same US pricing pressure hitting the whole sector, just better-hedged here by the specialty mix.',TRUE,'verified');
INSERT INTO metric_snapshots (ticker,snapshot_date,metric_key,metric_value,metric_unit,metric_label,metric_note,higher_is_better,status) VALUES ('SUNPHARMA','2025-12-31','rd_pct_sales',5.8,'%','R&D % of Sales','₹892.8 crore this quarter. Display-only: higher R&D is pipeline investment, not unambiguously ''better'' without knowing what it funds.',NULL,'verified');
INSERT INTO metric_snapshots (ticker,snapshot_date,metric_key,metric_value,metric_unit,metric_label,metric_note,higher_is_better,status) VALUES ('SUNPHARMA','2025-12-31','anda_pending_approval_pipeline',116,'','ANDAs Pending FDA Approval','550 already approved in the US; 116 pending (28 with tentative approval). Display-only — pipeline depth, not a ranked quality measure.',NULL,'verified');
INSERT INTO tech_geo_tags (ticker,label,tag_type,is_active) VALUES ('SUNPHARMA','US regulatory exposure: 116 ANDAs pending FDA approval — normal pipeline, but each carries unpredictable inspection/approval-timeline risk standard to the sector','risk',TRUE);
INSERT INTO tech_geo_tags (ticker,label,tag_type,is_active) VALUES ('SUNPHARMA','US generic pricing pressure: flat US business this quarter as Innovative Medicines gains were offset by generic price erosion — a sector-wide structural headwind, not company-specific','risk',TRUE);
INSERT INTO tech_geo_tags (ticker,label,tag_type,is_active) VALUES ('SUNPHARMA','Mix-shift tailwind: Innovative/Specialty Medicines now 21%+ of sales and growing faster than the overall business — a genuine, working hedge against commodity generic pricing pressure','tailwind',TRUE);
INSERT INTO bull_bear_cases (ticker,snapshot_date,case_type,case_text,case_order) VALUES ('SUNPHARMA','2025-12-31','bull','Revenue grew 15.1% YoY while EBITDA margin simultaneously expanded 260bps to 31.9% — growth and margin expansion together is the harder combination to pull off, and most pharma peers this quarter are managing only one or the other.',1);
INSERT INTO bull_bear_cases (ticker,snapshot_date,case_type,case_text,case_order) VALUES ('SUNPHARMA','2025-12-31','bull','Global Innovative Medicines (the higher-margin, less price-competitive segment) grew 13.2% ex-milestone and now makes up 21.2% of sales — a real, working strategic shift away from commodity generics pricing pressure, not just a stated ambition.',2);
INSERT INTO bull_bear_cases (ticker,snapshot_date,case_type,case_text,case_order) VALUES ('SUNPHARMA','2025-12-31','bull','Maintains India''s #1 pharma position with market share still increasing (8.4%), plus a fortress balance sheet ($3.2 billion net cash) to keep funding the pipeline without urgency.',3);
INSERT INTO bull_bear_cases (ticker,snapshot_date,case_type,case_text,case_order) VALUES ('SUNPHARMA','2025-12-31','bear','US business was flat (+0.6%) — Innovative Medicines growth was offset by generic price erosion, the same structural US pricing pressure hitting the whole Indian pharma export sector. Better-hedged here, not immune.',1);
INSERT INTO bull_bear_cases (ticker,snapshot_date,case_type,case_text,case_order) VALUES ('SUNPHARMA','2025-12-31','bear','An exceptional charge of ₹489.5 crore this quarter (wage-code gratuity + a legal settlement provision) means the headline 16% profit growth somewhat overstates underlying performance — adjusted net profit grew a more modest 9.9%.',2);
INSERT INTO bull_bear_cases (ticker,snapshot_date,case_type,case_text,case_order) VALUES ('SUNPHARMA','2025-12-31','bear','116 ANDAs remain pending FDA approval — normal pipeline depth, but every pending filing carries unpredictable regulatory-timeline risk that can delay expected launches by quarters, sometimes years.',3);
INSERT INTO companies (ticker,name,exchange,sector,sub_sector,compare_group,business_core,source_note,moat_note,value_chain_position,value_chain_note) VALUES ('DRREDDY','Dr. Reddy''s Laboratories','NSE','Pharma','Pharma - Generics & Biosimilars','Pharma','Dr. Reddy''s Laboratories sells generic drugs globally (US, Russia/CIS, India, Europe) alongside a smaller branded and biosimilars business. Revenue leans heavily on the US generics market, where pricing is volatile and one-off patent-cliff opportunities (like its Revlimid/Lenalidomide authorised-generic window) can swing a single product''s contribution sharply from year to year.','Dr. Reddy''s own Q3 FY26 SEC Form 6-K filing and earnings call transcript, cross-checked against Investing.com and AlphaSpread','Genuine ''end-to-end'' API-to-formulation development capability (a real vertical-integration moat, not just a slogan) + an early, credible biosimilars pipeline in oncology/autoimmune — historically more reliant than Sun Pharma on a handful of high-value US generic opportunities like Lenalidomide, which cuts both ways: outsized windfalls when they land, and now, visible pain as one of those windfalls fades on a schedule set years ago.','Integrated generics and emerging biosimilars player — develops products ''end-to-end across API and formulations'' per its own FY26 annual report, with historically heavier reliance on a small number of high-value US generic opportunities than Sun Pharma''s more diversified, specialty-tilted mix.','10 manufacturing facilities, 7 FDA-approved and 3 EMA-approved — a credible, internationally-inspected manufacturing base, not a single-site concentration risk.');
INSERT INTO metric_snapshots (ticker,snapshot_date,metric_key,metric_value,metric_unit,metric_label,metric_note,higher_is_better,status) VALUES ('DRREDDY','2025-12-31','revenue_growth_pct',4.4,'%','Revenue Growth (YoY)','Broad-based growth in India/Europe/Emerging Markets/PSAI was largely offset by a sharp North America decline (see bear case).',TRUE,'verified');
INSERT INTO metric_snapshots (ticker,snapshot_date,metric_key,metric_value,metric_unit,metric_label,metric_note,higher_is_better,status) VALUES ('DRREDDY','2025-12-31','gross_margin_pct',53.6,'%','Gross Margin','Down from 58.7% a year earlier — a real, sizeable compression reflecting pricing pressure and product mix, not a rounding difference.',TRUE,'verified');
INSERT INTO metric_snapshots (ticker,snapshot_date,metric_key,metric_value,metric_unit,metric_label,metric_note,higher_is_better,status) VALUES ('DRREDDY','2025-12-31','ebitda_margin_pct',23.5,'%','EBITDA Margin','Down from 27.5% a year ago. 24.8% excluding a one-time Indian labour-code provision — still down meaningfully YoY even adjusted.',TRUE,'verified');
INSERT INTO metric_snapshots (ticker,snapshot_date,metric_key,metric_value,metric_unit,metric_label,metric_note,higher_is_better,status) VALUES ('DRREDDY','2025-12-31','us_business_growth_pct',-16,'%','US Business Growth','North America declined specifically on falling Lenalidomide sales and price erosion — see the value chain note below for why this is structural, not random.',TRUE,'verified');
INSERT INTO metric_snapshots (ticker,snapshot_date,metric_key,metric_value,metric_unit,metric_label,metric_note,higher_is_better,status) VALUES ('DRREDDY','2025-12-31','rd_pct_sales',7,'%','R&D % of Sales','Down from 8.0% a year ago (6.8% excluding a one-off), reflecting lower biosimilar development spend as Abatacept investment completes. Display-only.',NULL,'verified');
INSERT INTO metric_snapshots (ticker,snapshot_date,metric_key,metric_value,metric_unit,metric_label,metric_note,higher_is_better,status) VALUES ('DRREDDY','2025-12-31','anda_pending_approval_pipeline',75,'','ANDAs Pending FDA Approval','Per FY26 annual report: 75 pending, 43 of which are Paragraph IV filings (challenging existing patents — higher potential reward, also higher litigation risk). Display-only.',NULL,'verified');
INSERT INTO tech_geo_tags (ticker,label,tag_type,is_active) VALUES ('DRREDDY','Single-molecule concentration risk realized in real time: North America revenue fell 16% YoY as the Lenalidomide volume-cap settlement (from 2020 Celgene/BMS litigation) approaches its January 2026 full-unlock date, intensifying competition on what had been a uniquely profitable, volume-limited opportunity','risk',TRUE);
INSERT INTO tech_geo_tags (ticker,label,tag_type,is_active) VALUES ('DRREDDY','Paragraph IV pipeline risk/reward: 43 of 75 pending ANDAs are Paragraph IV filings (challenging existing patents) — higher potential reward (180-day exclusivity if first-to-file) but also real patent-litigation risk, as seen in the company''s own recent Esperion/NEXLETOL settlement','risk',TRUE);
INSERT INTO tech_geo_tags (ticker,label,tag_type,is_active) VALUES ('DRREDDY','Biosimilars pivot: active pipeline in oncology and autoimmune categories (trastuzumab, adalimumab) — a structural move toward higher-barrier-to-entry, higher-margin categories, away from commodity small-molecule generics','tailwind',TRUE);
INSERT INTO bull_bear_cases (ticker,snapshot_date,case_type,case_text,case_order) VALUES ('DRREDDY','2025-12-31','bull','India business grew a strong 19% YoY (organic growth over 17%), led by innovation brands, new launches, and the acquired Stugeron portfolio — proof the domestic franchise is healthy even as other markets wobble.',1);
INSERT INTO bull_bear_cases (ticker,snapshot_date,case_type,case_text,case_order) VALUES ('DRREDDY','2025-12-31','bull','Actively pivoting toward biosimilars (trastuzumab, adalimumab in pipeline) and complex generics — a deliberate strategic shift away from the commodity small-molecule pricing pressure visible in this quarter''s results.',2);
INSERT INTO bull_bear_cases (ticker,snapshot_date,case_type,case_text,case_order) VALUES ('DRREDDY','2025-12-31','bull','Net cash surplus of ₹3,069 crore and positive free cash flow (₹374 crore) even in a tougher quarter — balance sheet strength to fund the pipeline pivot without urgency.',3);
INSERT INTO bull_bear_cases (ticker,snapshot_date,case_type,case_text,case_order) VALUES ('DRREDDY','2025-12-31','bear','North America revenue fell 16% YoY, driven specifically by declining Lenalidomide sales as the volume-capped settlement period (from the 2020 Celgene/BMS patent settlement) approaches its January 31, 2026 full-volume-unlock date — a single-molecule concentration risk now visibly playing out in the numbers, not a hypothetical risk anymore.',1);
INSERT INTO bull_bear_cases (ticker,snapshot_date,case_type,case_text,case_order) VALUES ('DRREDDY','2025-12-31','bear','EBITDA margin compressed sharply to 23.5% from 27.5% a year ago — even the adjusted figure (24.8%, excluding a one-time labour-code provision) is still down nearly 300bps YoY, a real deterioration, not just a one-off accounting item.',2);
INSERT INTO bull_bear_cases (ticker,snapshot_date,case_type,case_text,case_order) VALUES ('DRREDDY','2025-12-31','bear','Net profit fell 14% YoY and 16% sequentially — alongside revenue growth slowing to 4.4% and margin compression, three separate data points pointing the same direction this quarter.',3);
INSERT INTO companies (ticker,name,exchange,sector,sub_sector,compare_group,business_core,source_note,moat_note,value_chain_position,value_chain_note) VALUES ('MARUTI','Maruti Suzuki India','NSE','Auto','Passenger Vehicles','Auto','Maruti Suzuki is India''s largest passenger-vehicle maker (majority owned by Japan''s Suzuki Motor Corp) — it designs, assembles and sells cars and SUVs (Swift, Baleno, Brezza, Fronx) mainly to Indian retail buyers through the country''s largest dealer network, plus a fast-growing export business. Revenue comes from vehicle sales; margin is squeezed between what buyers will pay and the cost of steel, semiconductors and other components.','Maruti Suzuki''s own Q3 FY26 results press release (marutisuzuki.com), Business Standard, and Multibagg AI''s ratio breakdown — cross-checked','Brand trust + India''s largest dealer/service network + decades of cost-engineering discipline with Suzuki. Still India''s largest carmaker by volume even as its share erodes.','Maruti sits at the assembly end of the auto value chain — it designs vehicles with Suzuki''s platform engineering and assembles them domestically, but depends on thousands of component suppliers for steel, electronics, semiconductors and, increasingly, rare-earth magnets used in hybrid/EV motors — a supply chain with real China exposure.','Its domestic dealer and service network is Maruti''s strongest moat layer — the widest reach of any Indian carmaker, hard for new entrants, including EV-first players, to replicate quickly.');
INSERT INTO metric_snapshots (ticker,snapshot_date,metric_key,metric_value,metric_unit,metric_label,metric_note,higher_is_better,status) VALUES ('MARUTI','2025-12-31','volume_growth_pct',17.9,'%','Volume Growth','Vehicles sold YoY — 667,769 units, its highest-ever quarterly sales.',TRUE,'verified');
INSERT INTO metric_snapshots (ticker,snapshot_date,metric_key,metric_value,metric_unit,metric_label,metric_note,higher_is_better,status) VALUES ('MARUTI','2025-12-31','revenue_growth_pct',29.2,'%','Revenue Growth (YoY)','Boosted by the Sept 2025 GST cut on small cars (28% → 18%) pulling forward demand.',TRUE,'verified');
INSERT INTO metric_snapshots (ticker,snapshot_date,metric_key,metric_value,metric_unit,metric_label,metric_note,higher_is_better,status) VALUES ('MARUTI','2025-12-31','ebitda_margin_pct',11.7,'%','EBITDA Margin','Down from 13.8% a year ago — a one-time ₹593.9 crore Labour Code provision alone cost ~125 bps.',TRUE,'verified');
INSERT INTO metric_snapshots (ticker,snapshot_date,metric_key,metric_value,metric_unit,metric_label,metric_note,higher_is_better,status) VALUES ('MARUTI','2025-12-31','realization_growth_pct',9.6,'%','Realization/Mix Growth','Implied average price/mix growth (revenue growth minus volume growth) — a richer SUV-heavy mix, not just more units.',TRUE,'verified');
INSERT INTO tech_geo_tags (ticker,label,tag_type,is_active) VALUES ('MARUTI','Rare-earth magnet supply: China''s export curbs on rare-earth magnets (used in EV/hybrid motors) are a sector-wide supply risk that touches Maruti''s hybrid and upcoming EV ramp-up directly','risk',TRUE);
INSERT INTO tech_geo_tags (ticker,label,tag_type,is_active) VALUES ('MARUTI','GST 2.0 tailwind: the Sept 2025 cut in small-car GST from 28% to 18% structurally lowered price points and pulled forward demand — a policy tailwind still working through the order book','tailwind',TRUE);
INSERT INTO tech_geo_tags (ticker,label,tag_type,is_active) VALUES ('MARUTI','BS-VII and stricter emission/safety norms on the horizon will require fresh R&D and capex across the industry, a cost sector-wide, not Maruti-specific','risk',TRUE);
INSERT INTO bull_bear_cases (ticker,snapshot_date,case_type,case_text,case_order) VALUES ('MARUTI','2025-12-31','bull','Highest-ever quarterly volumes (667,769 units) and a record December, with dealer inventory lean at just 3 days — real demand, not a stocking illusion.',1);
INSERT INTO bull_bear_cases (ticker,snapshot_date,case_type,case_text,case_order) VALUES ('MARUTI','2025-12-31','bull','Exports are now roughly 45% of India''s total PV exports, about double nearest rival Hyundai''s share — a genuine structural export moat.',2);
INSERT INTO bull_bear_cases (ticker,snapshot_date,case_type,case_text,case_order) VALUES ('MARUTI','2025-12-31','bull','Zero long-term debt and a large net-cash position fund its ₹70,000 crore FY31 investment plan (8 new SUVs, EV/hybrid rollout) without straining the balance sheet.',3);
INSERT INTO bull_bear_cases (ticker,snapshot_date,case_type,case_text,case_order) VALUES ('MARUTI','2025-12-31','bear','PV market share has slipped from around 50% in 2020 to below 40% now, as SUV-focused rivals (Mahindra, Tata, Hyundai) grow faster than the overall market.',1);
INSERT INTO bull_bear_cases (ticker,snapshot_date,case_type,case_text,case_order) VALUES ('MARUTI','2025-12-31','bear','EBITDA margin compressed 210 bps YoY on commodity costs, FX and a one-time labour-law provision — the GST-driven volume surge came at a real profitability cost.',2);
INSERT INTO bull_bear_cases (ticker,snapshot_date,case_type,case_text,case_order) VALUES ('MARUTI','2025-12-31','bear','Its first EV launched only in 2025, well behind Tata Motors and Mahindra, who already hold established EV market share — a late mover in the segment reshaping the industry.',3);
INSERT INTO companies (ticker,name,exchange,sector,sub_sector,compare_group,business_core,source_note,moat_note,value_chain_position,value_chain_note) VALUES ('TMPV','Tata Motors Passenger Vehicles','NSE','Auto','Passenger Vehicles + Jaguar Land Rover','Auto','IMPORTANT CONTEXT: ''Tata Motors'' split into two separately-listed companies in Oct-Nov 2025. This entry is Tata Motors Passenger Vehicles (NSE: TMPV) — the cars/SUVs/EVs business plus Jaguar Land Rover (JLR). The commercial-vehicle (trucks/buses) business was demerged out and, confusingly, kept the original ''Tata Motors'' name and NSE ticker TATAMOTORS for itself. TMPV sells mass-market Indian cars/SUVs/EVs (Nexon, Punch, Tiago) domestically and owns JLR, the British luxury carmaker (Jaguar, Land Rover, Range Rover, Defender) selling mainly in the US, Europe and China.','Tata Motors Passenger Vehicles'' own Q3 FY26 press release (cars.tatamotors.com), Storyboard18, and InvestyWise — cross-checked. Note: ticker/name changed in Oct-Nov 2025 demerger — see business_core.','JLR''s brand heritage (Range Rover, Defender, Jaguar) commands genuine luxury pricing power globally; the India business leans on Tata Group distribution scale and an early, credible EV push (Tata.ev has sold 250,000+ EVs).','Two very different value-chain positions live under one ticker: the India business is a mass-market assembler competing on price/features with Maruti and Mahindra, while JLR is a premium/luxury brand competing globally on design and heritage — with its own UK/Slovakia manufacturing footprint and chip and rare-earth-magnet dependencies for its EV push.','JLR''s near-total production shutdown after the cyber incident is a live case study in how digitally-dependent modern auto manufacturing has become — a single cyberattack cost hundreds of millions of pounds in lost output.');
INSERT INTO metric_snapshots (ticker,snapshot_date,metric_key,metric_value,metric_unit,metric_label,metric_note,higher_is_better,status) VALUES ('TMPV','2025-12-31','volume_growth_pct',22,'%','Volume Growth','India-market PV+EV wholesale volumes (171,000 units, its highest-ever quarter). JLR volumes fell sharply after a cyber incident and aren''t separately disclosed in units.',TRUE,'verified');
INSERT INTO metric_snapshots (ticker,snapshot_date,metric_key,metric_value,metric_unit,metric_label,metric_note,higher_is_better,status) VALUES ('TMPV','2025-12-31','revenue_growth_pct',-25.8,'%','Revenue Growth (YoY)','Consolidated, dominated by JLR: a cyberattack halted JLR production for weeks, collapsing its revenue 39% YoY. The India business alone grew 24%.',TRUE,'verified');
INSERT INTO metric_snapshots (ticker,snapshot_date,metric_key,metric_value,metric_unit,metric_label,metric_note,higher_is_better,status) VALUES ('TMPV','2025-12-31','ebitda_margin_pct',2.2,'%','EBITDA Margin','Consolidated margin crushed by the JLR shutdown; the India PV/EV business alone held a 7.0% EBITDA margin.',TRUE,'verified');
INSERT INTO metric_snapshots (ticker,snapshot_date,metric_key,metric_value,metric_unit,metric_label,metric_note,higher_is_better,status) VALUES ('TMPV','2025-12-31','realization_growth_pct',NULL,'%','Realization/Mix Growth','Not meaningful this quarter — the JLR cyber incident distorts the consolidated revenue/volume relationship. India-only realization grew roughly in line with its 24% revenue vs. 22% volume growth.',TRUE,'verified');
INSERT INTO tech_geo_tags (ticker,label,tag_type,is_active) VALUES ('TMPV','Cybersecurity as a production risk: a late-2025 cyberattack on JLR halted vehicle production for weeks — a direct demonstration that modern auto manufacturing''s IT/OT systems are now a single point of failure for revenue','risk',TRUE);
INSERT INTO tech_geo_tags (ticker,label,tag_type,is_active) VALUES ('TMPV','US and EU tariff relief: UK-US and EU-US trade deals are reducing tariffs on JLR-produced vehicles exported to the US from 27.5% toward 10-15%, a meaningful cost tailwind still phasing in','tailwind',TRUE);
INSERT INTO tech_geo_tags (ticker,label,tag_type,is_active) VALUES ('TMPV','China luxury-vehicle demand and a China-specific luxury tax are pressuring JLR''s China volumes, a market increasingly dominated by domestic premium EV brands','risk',TRUE);
INSERT INTO bull_bear_cases (ticker,snapshot_date,case_type,case_text,case_order) VALUES ('TMPV','2025-12-31','bull','India domestic PV+EV business hit its highest-ever quarterly wholesale (171,000 units, +22% YoY) and its first-ever 200,000+ retail month — the core India franchise is healthy independent of JLR''s troubles.',1);
INSERT INTO bull_bear_cases (ticker,snapshot_date,case_type,case_text,case_order) VALUES ('TMPV','2025-12-31','bull','The Oct-Nov 2025 demerger of the commercial-vehicle business unlocks a cleaner, focused PV+JLR entity — CV cyclicality and capital needs no longer distort this stock''s numbers.',2);
INSERT INTO bull_bear_cases (ticker,snapshot_date,case_type,case_text,case_order) VALUES ('TMPV','2025-12-31','bull','JLR''s cyber incident is a one-off operational shock, not a structural demand problem — production returned to normal by mid-November and management guides to a significant Q4 recovery.',3);
INSERT INTO bull_bear_cases (ticker,snapshot_date,case_type,case_text,case_order) VALUES ('TMPV','2025-12-31','bear','A cyberattack on JLR in late 2025 halted production for weeks, wiping out roughly 39% of JLR''s quarterly revenue and pushing the whole consolidated entity to a net loss — a stark reminder of how much this stock still depends on a single UK-based luxury subsidiary.',1);
INSERT INTO bull_bear_cases (ticker,snapshot_date,case_type,case_text,case_order) VALUES ('TMPV','2025-12-31','bear','JLR separately faces US tariffs, a China luxury-tax headwind, and the planned wind-down of legacy Jaguar models ahead of an unproven all-new electric Jaguar lineup — multiple overlapping risks stacked on top of the cyber recovery.',2);
INSERT INTO bull_bear_cases (ticker,snapshot_date,case_type,case_text,case_order) VALUES ('TMPV','2025-12-31','bear','FY26 JLR guidance was already cut to a 0-2% EBIT margin with a £2.2-2.5bn free cash outflow even before fully absorbing the cyber-incident hit.',3);
INSERT INTO companies (ticker,name,exchange,sector,sub_sector,compare_group,business_core,source_note,moat_note,value_chain_position,value_chain_note) VALUES ('M&M','Mahindra & Mahindra','NSE','Auto','Diversified Auto, Farm & Financial Services','Auto','Mahindra & Mahindra is India''s largest tractor maker and a top-3 SUV maker (XUV700, Scorpio, Thar, XEV electric SUVs), organised as a diversified group: Auto and Farm Equipment are the core manufacturing businesses, alongside listed and unlisted financial-services, IT-services (Tech Mahindra), logistics and real-estate arms. Revenue mainly comes from vehicle and tractor sales; the group''s other businesses add meaningfully to consolidated profit.','Mahindra & Mahindra''s own Q3 FY26 press release (mahindra.com), Autocar Professional, and Business Standard — cross-checked','Scale + brand trust built over decades in both SUVs (Thar, Scorpio cult following) and tractors (India''s largest tractor maker); diversification into financial services captures financing margin on the same vehicles it sells.','Mahindra sits at the assembly end for both its SUV and tractor lines, sourcing components from a large domestic supplier base, while its financial-services arm (Mahindra Finance) sits downstream financing the same vehicles it manufactures — a vertically-integrated demand engine unusual among Indian auto majors.','The group deliberately runs multiple ''Growth Gems'' (Logistics, Lifespaces, Last Mile Mobility) as call options on future growth beyond its core auto/farm value chain.');
INSERT INTO metric_snapshots (ticker,snapshot_date,metric_key,metric_value,metric_unit,metric_label,metric_note,higher_is_better,status) VALUES ('M&M','2025-12-31','volume_growth_pct',23,'%','Volume Growth','Both Auto (302,000 vehicles) and Farm Equipment (~150,000 tractors) segments grew unit volumes 23% YoY in the same quarter.',TRUE,'verified');
INSERT INTO metric_snapshots (ticker,snapshot_date,metric_key,metric_value,metric_unit,metric_label,metric_note,higher_is_better,status) VALUES ('M&M','2025-12-31','revenue_growth_pct',26,'%','Revenue Growth (YoY)','Consolidated — the first time M&M crossed ₹52,100 crore in a single quarter.',TRUE,'verified');
INSERT INTO metric_snapshots (ticker,snapshot_date,metric_key,metric_value,metric_unit,metric_label,metric_note,higher_is_better,status) VALUES ('M&M','2025-12-31','ebitda_margin_pct',13.7,'%','EBITDA Margin','Standalone (Auto+Farm) EBITDA margin; the wider consolidated group (incl. financial services, Tech Mahindra) reports profit separately by segment.',TRUE,'verified');
INSERT INTO metric_snapshots (ticker,snapshot_date,metric_key,metric_value,metric_unit,metric_label,metric_note,higher_is_better,status) VALUES ('M&M','2025-12-31','realization_growth_pct',2.4,'%','Realization/Mix Growth','Modest — management flagged ''lower average selling price growth'' in Auto this quarter; most of the revenue gain came from volume, not price/mix.',TRUE,'verified');
INSERT INTO tech_geo_tags (ticker,label,tag_type,is_active) VALUES ('M&M','US tariff relief on tractors: a US-India trade resolution cut tariffs from as high as 50% to 18%, directly unlocking previously-held export inventory — a live example of trade policy moving a business''s numbers quarter to quarter','tailwind',TRUE);
INSERT INTO tech_geo_tags (ticker,label,tag_type,is_active) VALUES ('M&M','Rural demand cycle: tractor volumes are tightly linked to monsoon quality and farm-income conditions — a structural weather/policy dependency unique to the Farm Equipment segment','risk',TRUE);
INSERT INTO tech_geo_tags (ticker,label,tag_type,is_active) VALUES ('M&M','EV/ICE transition capex: management flagged growing EV exposure may pressure Auto segment margins near-term even as it builds long-term optionality','neutral',TRUE);
INSERT INTO bull_bear_cases (ticker,snapshot_date,case_type,case_text,case_order) VALUES ('M&M','2025-12-31','bull','#1 revenue market share in SUVs (24.1%) and #1 in tractors (44.0%) — genuine category leadership in both core manufacturing businesses at once.',1);
INSERT INTO bull_bear_cases (ticker,snapshot_date,case_type,case_text,case_order) VALUES ('M&M','2025-12-31','bull','Financial services arm (Mahindra Finance) grew PAT 97% YoY while keeping asset quality strong, and two ''Growth Gems'' — Mahindra Logistics and Mahindra Lifespaces — turned sharply profitable this quarter, showing diversification is starting to pay off.',2);
INSERT INTO bull_bear_cases (ticker,snapshot_date,case_type,case_text,case_order) VALUES ('M&M','2025-12-31','bull','Sold 41,000+ electric SUVs since its March 2025 EV launch, with management signalling readiness for a Last Mile Mobility (electric 3W/4W) IPO — real EV traction, not just plans.',3);
INSERT INTO bull_bear_cases (ticker,snapshot_date,case_type,case_text,case_order) VALUES ('M&M','2025-12-31','bear','US tractor exports were choked for eight to nine months by tariffs as high as 50% before a trade resolution brought them down to 18% — a reminder that even ''domestic'' Indian manufacturers carry real global trade-policy exposure.',1);
INSERT INTO bull_bear_cases (ticker,snapshot_date,case_type,case_text,case_order) VALUES ('M&M','2025-12-31','bear','Realization/pricing growth was notably weaker than volume growth this quarter — growth is increasingly volume-led, not price-led, which caps margin expansion if commodity costs (copper, aluminium, precious metals) keep rising.',2);
INSERT INTO bull_bear_cases (ticker,snapshot_date,case_type,case_text,case_order) VALUES ('M&M','2025-12-31','bear','The group''s complexity — auto, farm, financial services, IT services, logistics, real estate all under one ticker — makes it harder to value cleanly against pure-play auto peers.',3);
INSERT INTO companies (ticker,name,exchange,sector,sub_sector,compare_group,business_core,source_note,moat_note,value_chain_position,value_chain_note) VALUES ('BAJAJ-AUTO','Bajaj Auto','NSE','Auto','Two-Wheelers & Three-Wheelers','Auto','Bajaj Auto is India''s largest exporter of two/three-wheelers and a top-3 domestic two-wheeler maker (Pulsar, Platina, Chetak electric scooter), with KTM and Triumph premium-motorcycle partnerships/stakes. It manufactures and sells motorcycles, scooters and three-wheelers domestically and to over 70 export markets (notably Africa, Latin America, ASEAN), plus a fast-growing electric-vehicle portfolio.','Bajaj Auto''s own Q3 FY26 press release (bajajauto.com), JM Financial, Business Standard, and ICICI Direct — cross-checked','Brand strength across price points (mass-market Pulsar/Platina to premium KTM/Triumph) plus the widest export distribution network of any Indian two-wheeler maker — a scale and reach moat few domestic rivals can match.','Bajaj assembles two/three-wheelers domestically (Pune/Chakan/Aurangabad) and exports nearly half its volumes — giving it direct, quarter-by-quarter exposure to emerging-market currencies (especially the Nigerian naira and other African currencies) that a purely domestic-focused peer wouldn''t carry. Its KTM (Austria) and Triumph (UK) partnerships/stakes also plug it into European motorcycle-brand value chains.','KTM AG (Austria), in which Bajaj holds a significant stake, went through public financial distress in 2024-25 — Bajaj has been infusing capital into its subsidiaries partly to support this relationship, a direct real-time link between European industrial trouble and an Indian company''s balance sheet.');
INSERT INTO metric_snapshots (ticker,snapshot_date,metric_key,metric_value,metric_unit,metric_label,metric_note,higher_is_better,status) VALUES ('BAJAJ-AUTO','2025-12-31','volume_growth_pct',9.5,'%','Volume Growth','Total two/three-wheeler units sold YoY (~13.4 lakh) — domestic volumes grew a modest 3%, while exports jumped 18% to their highest level in four years.',TRUE,'verified');
INSERT INTO metric_snapshots (ticker,snapshot_date,metric_key,metric_value,metric_unit,metric_label,metric_note,higher_is_better,status) VALUES ('BAJAJ-AUTO','2025-12-31','revenue_growth_pct',21.2,'%','Revenue Growth (YoY)','Company-level revenue from operations, a record quarterly high.',TRUE,'verified');
INSERT INTO metric_snapshots (ticker,snapshot_date,metric_key,metric_value,metric_unit,metric_label,metric_note,higher_is_better,status) VALUES ('BAJAJ-AUTO','2025-12-31','ebitda_margin_pct',20.8,'%','EBITDA Margin','Record-high margin, up 157 bps YoY, despite absorbing margin drag from record EV two-wheeler sales (lower-margin than ICE).',TRUE,'verified');
INSERT INTO metric_snapshots (ticker,snapshot_date,metric_key,metric_value,metric_unit,metric_label,metric_note,higher_is_better,status) VALUES ('BAJAJ-AUTO','2025-12-31','realization_growth_pct',10.7,'%','Realization/Mix Growth','Strong — a richer product mix (KTM/Triumph premium bikes, 125cc+ Pulsar segment) pushed average realization up well beyond volume growth alone.',TRUE,'verified');
INSERT INTO tech_geo_tags (ticker,label,tag_type,is_active) VALUES ('BAJAJ-AUTO','Emerging-market export currency exposure: nearly half of volumes are exported (Africa, LatAm, ASEAN), making reported revenue sensitive to currency swings in markets like Nigeria, where sales have been outright negative YoY','risk',TRUE);
INSERT INTO tech_geo_tags (ticker,label,tag_type,is_active) VALUES ('BAJAJ-AUTO','KTM Austria financial distress: continued capital infusions into subsidiaries (partly to support the KTM transaction) reflect real spillover risk from a European partner''s balance-sheet troubles','risk',TRUE);
INSERT INTO tech_geo_tags (ticker,label,tag_type,is_active) VALUES ('BAJAJ-AUTO','EV two/three-wheeler mix now 25% of domestic revenue — a genuine, monetizing transition rather than a future promise, though still margin-dilutive versus ICE','neutral',TRUE);
INSERT INTO bull_bear_cases (ticker,snapshot_date,case_type,case_text,case_order) VALUES ('BAJAJ-AUTO','2025-12-31','bull','Electric two- and three-wheelers now contribute 25% of domestic revenue, both individually crossing ₹1,000 crore in quarterly revenue — EV transition is already meaningful, not speculative.',1);
INSERT INTO bull_bear_cases (ticker,snapshot_date,case_type,case_text,case_order) VALUES ('BAJAJ-AUTO','2025-12-31','bull','Export volumes surpassed 600,000 units for the first time in 15 quarters, with KTM+Triumph domestic volumes/revenue up roughly 50% YoY — premiumization and geographic diversification happening simultaneously.',2);
INSERT INTO bull_bear_cases (ticker,snapshot_date,case_type,case_text,case_order) VALUES ('BAJAJ-AUTO','2025-12-31','bull','Record EBITDA margin (20.8%) even while absorbing lower-margin EV mix and cost inflation shows real pricing power and cost discipline.',3);
INSERT INTO bull_bear_cases (ticker,snapshot_date,case_type,case_text,case_order) VALUES ('BAJAJ-AUTO','2025-12-31','bear','Domestic motorcycle volume growth was a muted 3% YoY even with GST-rationalisation tailwinds and festive demand — most of this quarter''s strength came from exports and premiumization, not core domestic demand.',1);
INSERT INTO bull_bear_cases (ticker,snapshot_date,case_type,case_text,case_order) VALUES ('BAJAJ-AUTO','2025-12-31','bear','Long-term debt has risen sharply (from roughly ₹759 crore to over ₹6,200 crore within a year) as the company funds its financing subsidiary and the KTM Austria transaction — a real shift from its historically debt-free balance sheet.',2);
INSERT INTO bull_bear_cases (ticker,snapshot_date,case_type,case_text,case_order) VALUES ('BAJAJ-AUTO','2025-12-31','bear','A key export market, Nigeria, continues to show negative YoY sales — a reminder that Bajaj''s export-heavy model carries real emerging-market currency and demand volatility.',3);
INSERT INTO companies (ticker,name,exchange,sector,sub_sector,compare_group,business_core,source_note,moat_note,value_chain_position,value_chain_note) VALUES ('EICHERMOT','Eicher Motors','NSE','Auto','Two-Wheelers (Royal Enfield) + Commercial Vehicles (VECV)','Auto','Eicher Motors owns Royal Enfield, India''s dominant premium/mid-weight motorcycle brand (350cc-650cc range, sold domestically and increasingly exported to Europe/the Americas), which contributes over 90% of revenue. It also holds roughly half of VE Commercial Vehicles (VECV), a joint venture with Sweden''s Volvo Group that makes Eicher-brand trucks and buses — giving it a foothold in commercial vehicles without full standalone exposure to that cycle.','Eicher Motors'' own Q3 FY26 results (via ICICI Direct and Zee Business), and Business Standard — cross-checked','Royal Enfield''s brand and community moat (heritage, rider culture, global recognition around its 125-year milestone) is close to unique in Indian manufacturing — few domestic brands can charge premium prices purely on brand equity the way Royal Enfield does.','Eicher''s core value-chain position is brand-and-design-led, not scale-led: Royal Enfield competes on heritage, styling and community rather than lowest cost, letting it hold industry-leading margins on relatively modest volumes versus Bajaj or Hero. VECV, by contrast, is a straightforward JV manufacturing play riding India''s infrastructure/logistics capex cycle.','Exports remain a small share of Royal Enfield''s revenue today but are an explicit long-term lever, with Europe — aligning with the brand''s adventure-touring positioning — targeted as a key growth market.');
INSERT INTO metric_snapshots (ticker,snapshot_date,metric_key,metric_value,metric_unit,metric_label,metric_note,higher_is_better,status) VALUES ('EICHERMOT','2025-12-31','volume_growth_pct',21,'%','Volume Growth','Royal Enfield motorcycle sales YoY (325,773 units) — its best-ever Q3.',TRUE,'verified');
INSERT INTO metric_snapshots (ticker,snapshot_date,metric_key,metric_value,metric_unit,metric_label,metric_note,higher_is_better,status) VALUES ('EICHERMOT','2025-12-31','revenue_growth_pct',22.9,'%','Revenue Growth (YoY)','Consolidated (Royal Enfield + VECV).',TRUE,'verified');
INSERT INTO metric_snapshots (ticker,snapshot_date,metric_key,metric_value,metric_unit,metric_label,metric_note,higher_is_better,status) VALUES ('EICHERMOT','2025-12-31','ebitda_margin_pct',25.5,'%','EBITDA Margin','Consolidated; Royal Enfield standalone margin was even higher at 26.6%, its best quarterly margin on record.',TRUE,'verified');
INSERT INTO metric_snapshots (ticker,snapshot_date,metric_key,metric_value,metric_unit,metric_label,metric_note,higher_is_better,status) VALUES ('EICHERMOT','2025-12-31','realization_growth_pct',1.6,'%','Realization/Mix Growth','Modest — management is deliberately prioritising ''growth over profitability'' (volume and market share) over price hikes right now.',TRUE,'verified');
INSERT INTO tech_geo_tags (ticker,label,tag_type,is_active) VALUES ('EICHERMOT','GST 2.0 demand pull-forward: the same tax cut that boosted Q3 volumes across the auto sector is now normalizing, meaning Royal Enfield''s exceptional growth rate this quarter is unlikely to repeat as-is','risk',TRUE);
INSERT INTO tech_geo_tags (ticker,label,tag_type,is_active) VALUES ('EICHERMOT','Electric motorcycle entrants (Eicher''s own new ''Flying Flea'' EV sub-brand, alongside emerging EV-native competitors) represent the first real technology-transition test to Royal Enfield''s century-old ICE-centric brand identity','neutral',TRUE);
INSERT INTO tech_geo_tags (ticker,label,tag_type,is_active) VALUES ('EICHERMOT','CAFE emission-norm tightening from 2027 and BS7 will raise compliance costs sector-wide, a cost Royal Enfield''s premium pricing is better positioned to absorb than mass-market rivals','tailwind',TRUE);
INSERT INTO bull_bear_cases (ticker,snapshot_date,case_type,case_text,case_order) VALUES ('EICHERMOT','2025-12-31','bull','Royal Enfield''s EBITDA margin (26.6% standalone) is best-in-class for the entire Indian two-wheeler industry — brand pricing power no domestic competitor currently matches.',1);
INSERT INTO bull_bear_cases (ticker,snapshot_date,case_type,case_text,case_order) VALUES ('EICHERMOT','2025-12-31','bull','Crossed 1 million motorcycles sold year-to-date, and approved a brownfield capacity expansion (14.6 lakh → 20 lakh units/year) — real, funded confidence in sustained demand, not just a one-quarter bump.',2);
INSERT INTO bull_bear_cases (ticker,snapshot_date,case_type,case_text,case_order) VALUES ('EICHERMOT','2025-12-31','bull','VECV posted market-share gains across every commercial-vehicle segment it competes in, adding a second growth engine uncorrelated with two-wheeler demand cycles.',3);
INSERT INTO bull_bear_cases (ticker,snapshot_date,case_type,case_text,case_order) VALUES ('EICHERMOT','2025-12-31','bear','Analysts flag that this quarter''s domestic volume strength was largely a pull-forward effect from the September 2025 GST rate cut — demand has since ''stabilised,'' meaning this growth rate may not repeat.',1);
INSERT INTO bull_bear_cases (ticker,snapshot_date,case_type,case_text,case_order) VALUES ('EICHERMOT','2025-12-31','bear','Management''s explicit ''growth over profitability'' stance means margin expansion is likely to stay capped even as volumes grow — a strategic choice investors should price in, not assume away.',2);
INSERT INTO bull_bear_cases (ticker,snapshot_date,case_type,case_text,case_order) VALUES ('EICHERMOT','2025-12-31','bear','Royal Enfield remains almost entirely a single-brand, single-category bet (90%+ of revenue) — any shift in premium-motorcycle demand or new EV-native competitors hits Eicher harder than more diversified auto peers.',3);
INSERT INTO companies (ticker,name,exchange,sector,sub_sector,compare_group,business_core,source_note,moat_note,value_chain_position,value_chain_note) VALUES ('BHARTIARTL','Bharti Airtel','NSE','Telecom','Telecom Services','Telecom','Bharti Airtel sells mobile, home broadband and enterprise connectivity in India and 14 African countries, plus a growing digital/data-centre business. Revenue is billed per subscriber per month (ARPU) &mdash; so the whole thesis rests on getting more subscribers to pay more each month, in a market where a price war a few years ago wiped out a competitor (Vodafone Idea) and left effectively two strong players, Airtel and Reliance Jio.','Bharti Airtel''s own Q4 FY26 BSE filing/investor release (bseindia.com) and earnings-call highlights, cross-checked against multiple financial media reports','Spectrum licenses + a nationwide tower/fibre network are a real, expensive-to-replicate physical moat, reinforced by a rational two-player India pricing structure post-Vodafone Idea''s decline. The open question is whether Jio''s faster subscriber-acquisition pace (via FWA broadband) erodes Airtel''s premium-subscriber advantage over time.','Airtel sits as an infrastructure-owning network operator — it holds spectrum (licensed from the government, a major cost and regulatory dependency), builds towers/fibre, and sells connectivity directly to consumers and enterprises, with Africa run as a largely separate operating unit under its own listed subsidiary economics.','Effectively a two-player India wireless market after Vodafone Idea''s collapse in relevance — pricing discipline between Airtel and Jio (rather than aggressive share wars) has structurally supported ARPU premiumisation industry-wide.');
INSERT INTO metric_snapshots (ticker,snapshot_date,metric_key,metric_value,metric_unit,metric_label,metric_note,higher_is_better,status) VALUES ('BHARTIARTL','2026-03-31','revenue_growth_pct',15.7,'%','Revenue Growth (YoY)','Consolidated revenue ₹55,383 crore, driven by India premiumisation and a strong Africa business.',TRUE,'verified');
INSERT INTO metric_snapshots (ticker,snapshot_date,metric_key,metric_value,metric_unit,metric_label,metric_note,higher_is_better,status) VALUES ('BHARTIARTL','2026-03-31','arpu_inr',257,'₹','ARPU (Monthly)','Up from ₹245 a year ago (+4.9% YoY), though down slightly QoQ from ₹259 on two fewer billing days this quarter.',TRUE,'verified');
INSERT INTO metric_snapshots (ticker,snapshot_date,metric_key,metric_value,metric_unit,metric_label,metric_note,higher_is_better,status) VALUES ('BHARTIARTL','2026-03-31','ebitda_margin_pct',51.2,'%','EBITDA Margin (FY26)','Full-year FY26 consolidated margin per the earnings call. Africa''s margin runs lower than India''s; India wireless alone is comfortably above 55%.',TRUE,'verified');
INSERT INTO metric_snapshots (ticker,snapshot_date,metric_key,metric_value,metric_unit,metric_label,metric_note,higher_is_better,status) VALUES ('BHARTIARTL','2026-03-31','net_debt_ebitda',1.29,'x','Net Debt / EBITDA','Improved sharply from 1.86x a year ago — real deleveraging, not just a good quarter. Excluding lease obligations it''s just 0.79x.',FALSE,'verified');
INSERT INTO metric_snapshots (ticker,snapshot_date,metric_key,metric_value,metric_unit,metric_label,metric_note,higher_is_better,status) VALUES ('BHARTIARTL','2026-03-31','india_revenue_growth_pct',7.7,'%','India Revenue Growth (YoY)','India mobile revenue grew a similar 8.3% YoY; the Homes (broadband) segment grew a much faster 37.3% YoY off a smaller base.',TRUE,'verified');
INSERT INTO tech_geo_tags (ticker,label,tag_type,is_active) VALUES ('BHARTIARTL','Regulatory/spectrum exposure: AGR (Adjusted Gross Revenue) dues and spectrum-payment obligations to the Dept. of Telecom remain a structural liability overhang common to every Indian telco, Airtel included','risk',TRUE);
INSERT INTO tech_geo_tags (ticker,label,tag_type,is_active) VALUES ('BHARTIARTL','Africa currency exposure: African-market revenue and margins are sensitive to local currency appreciation/depreciation versus the rupee — a tailwind this year, but a two-way risk going forward','neutral',TRUE);
INSERT INTO tech_geo_tags (ticker,label,tag_type,is_active) VALUES ('BHARTIARTL','Data-centre and AI-infrastructure buildout (including a Google partnership on an AI hub in Visakhapatnam) is a genuine new adjacency being funded from telecom cash flows — optionality beyond the core connectivity business','tailwind',TRUE);
INSERT INTO bull_bear_cases (ticker,snapshot_date,case_type,case_text,case_order) VALUES ('BHARTIARTL','2026-03-31','bull','Consolidated net income before exceptional items jumped 38.7% YoY to ₹7,245 crore — a clean, comparable profit number, not flattered by one-offs the way the prior year''s headline PAT was.',1);
INSERT INTO bull_bear_cases (ticker,snapshot_date,case_type,case_text,case_order) VALUES ('BHARTIARTL','2026-03-31','bull','Deleveraging is real and fast: net debt/EBITDA fell from 1.86x to 1.29x in a single year while still funding heavy 5G, fibre and data-centre capex (₹16,066 crore this quarter alone) — rare to cut debt and invest aggressively at the same time.',2);
INSERT INTO bull_bear_cases (ticker,snapshot_date,case_type,case_text,case_order) VALUES ('BHARTIARTL','2026-03-31','bull','The Homes (broadband) business grew revenue 37.3% YoY with 1.1 million net customer adds this quarter — a genuine second growth engine beyond mobile, still early in its penetration curve.',3);
INSERT INTO bull_bear_cases (ticker,snapshot_date,case_type,case_text,case_order) VALUES ('BHARTIARTL','2026-03-31','bear','Management itself said India''s pricing architecture is ''fundamentally broken'' by unlimited-data plans that cap revenue per user — ARPU actually dipped slightly quarter-on-quarter, and a real tariff-hike catalyst remains more hoped-for than confirmed.',1);
INSERT INTO bull_bear_cases (ticker,snapshot_date,case_type,case_text,case_order) VALUES ('BHARTIARTL','2026-03-31','bear','Jio is pulling ahead in subscriber acquisition using fixed wireless access (FWA) for faster broadband rollout — the market-share gap between the two leaders is described as widening, not stable, in Airtel''s own segment commentary.',2);
INSERT INTO bull_bear_cases (ticker,snapshot_date,case_type,case_text,case_order) VALUES ('BHARTIARTL','2026-03-31','bear','Finance costs remain elevated relative to the pace of deleveraging, and international operations (Africa capex, INR depreciation) add a layer of currency and geopolitical cost sensitivity on top of the core India business.',3);
INSERT INTO companies (ticker,name,exchange,sector,sub_sector,compare_group,business_core,source_note,moat_note,value_chain_position,value_chain_note) VALUES ('RELIANCE','Reliance Industries','NSE','Conglomerate','Diversified — Energy, Retail, Telecom','Conglomerate','Reliance Industries runs four largely separate businesses under one holding company: Oil-to-Chemicals (O2C — refining and petrochemicals at the giant Jamnagar complex, plus declining KG-D6 gas production), Jio (India''s largest telecom/digital-services operator), Retail (grocery, fashion, electronics and fast-growing quick-commerce), and an early-stage New Energy business (solar, batteries, green hydrogen). Each segment earns money in a completely different way &mdash; which is the entire investment thesis: commodity-cycle energy profits funding the buildout of consumer-facing, higher-multiple businesses.','Reliance Industries'' own Q4 & FY26 results release (ril.com) and earnings-call transcript, cross-checked against Tradebrains, Goodreturns and DSIJ result coverage','Scale and vertical integration across energy, telecom and retail that essentially no single competitor can replicate end-to-end, backed by the Ambani family''s capital access and government relationships. The flip side of scale: RIL is now four different businesses with four different investment cases bundled into one stock, and the O2C segment''s commodity-cycle volatility still shows up loudly in the consolidated numbers, as this quarter demonstrated.','Uniquely vertically integrated across an entire value chain most peers only occupy one link of: upstream gas production feeds into the world''s largest single-site refining/petrochemical complex (Jamnagar), while Jio and Retail sit at the pure consumer-facing end, and New Energy is being built as a forward-looking fifth pillar (solar, batteries, green hydrogen/ammonia).','Jio''s FWA-led broadband push and Retail''s hyperlocal quick-commerce expansion (1,200+ cities, 5,100+ pin codes) both lean on the same underlying logistics and distribution muscle RIL has spent two decades building.');
INSERT INTO metric_snapshots (ticker,snapshot_date,metric_key,metric_value,metric_unit,metric_label,metric_note,higher_is_better,status) VALUES ('RELIANCE','2026-03-31','revenue_growth_pct',12.5,'%','Revenue Growth (YoY)','Consolidated revenue from operations ₹2,94,059 crore. O2C, Digital Services and Retail each posted double-digit growth; Oil & Gas (E&P) revenue declined on natural KG-D6 field decline.',TRUE,'verified');
INSERT INTO metric_snapshots (ticker,snapshot_date,metric_key,metric_value,metric_unit,metric_label,metric_note,higher_is_better,status) VALUES ('RELIANCE','2026-03-31','ebitda_margin_pct',15,'%','EBITDA Margin','Down from 16.8% a year ago — Middle East conflict disruption and higher crude premiums squeezed the O2C segment specifically; Jio and Retail margins held up far better.',TRUE,'verified');
INSERT INTO metric_snapshots (ticker,snapshot_date,metric_key,metric_value,metric_unit,metric_label,metric_note,higher_is_better,status) VALUES ('RELIANCE','2026-03-31','arpu_inr',214,'₹','Jio ARPU (Monthly)','Up 3.8% YoY. Jio''s own segment EBITDA margin was a much healthier 52.4%, up 170bps YoY — the digital-services engine running hot even as O2C struggled.',TRUE,'verified');
INSERT INTO metric_snapshots (ticker,snapshot_date,metric_key,metric_value,metric_unit,metric_label,metric_note,higher_is_better,status) VALUES ('RELIANCE','2026-03-31','retail_revenue_growth_pct',11.1,'%','Retail Revenue Growth (YoY)','Revenue from operations basis. Retail EBITDA margin fell to 7.9% on deliberate, heavy investment in hyper-local quick-commerce build-out — a growth-over-margin trade-off, not weakening demand.',TRUE,'verified');
INSERT INTO metric_snapshots (ticker,snapshot_date,metric_key,metric_value,metric_unit,metric_label,metric_note,higher_is_better,status) VALUES ('RELIANCE','2026-03-31','net_debt_ebitda',0.6,'x','Net Debt / EBITDA','Net debt ₹1,24,717 crore against FY26 capex of ₹1,44,271 crore — comfortable leverage (Interest Service Coverage 5.55x) even while funding Jio, Retail and New Energy build-out simultaneously.',FALSE,'verified');
INSERT INTO tech_geo_tags (ticker,label,tag_type,is_active) VALUES ('RELIANCE','Geopolitical crude exposure: the West Asia conflict directly disrupted O2C physical operations and margins this quarter — a live, not hypothetical, example of how Middle East instability hits Reliance''s largest legacy segment','risk',TRUE);
INSERT INTO tech_geo_tags (ticker,label,tag_type,is_active) VALUES ('RELIANCE','Jio IPO catalyst: an ''imminent'' Jio Platforms listing would be a major value-unlock event, separating a fast-growing digital business from the conglomerate discount applied to the whole group today','tailwind',TRUE);
INSERT INTO tech_geo_tags (ticker,label,tag_type,is_active) VALUES ('RELIANCE','New Energy build-out (green ammonia supply deal with Samsung C&T, battery gigafactories) is a genuine long-duration bet on India''s energy transition, funded by O2C and Jio cash flows rather than external capital','neutral',TRUE);
INSERT INTO bull_bear_cases (ticker,snapshot_date,case_type,case_text,case_order) VALUES ('RELIANCE','2026-03-31','bull','Jio and Retail together contributed over 55% of consolidated EBITDA for the first time in FY26 — real, structural diversification away from the commodity energy cycle that used to define this stock, not just a talking point.',1);
INSERT INTO bull_bear_cases (ticker,snapshot_date,case_type,case_text,case_order) VALUES ('RELIANCE','2026-03-31','bull','FY26 was a record year on every headline metric (revenue ₹11.76 lakh crore, EBITDA ₹2.08 lakh crore, PAT) despite a rough Q4 — the diversified portfolio genuinely absorbed a bad quarter in one segment (O2C) without dragging the whole company down.',2);
INSERT INTO bull_bear_cases (ticker,snapshot_date,case_type,case_text,case_order) VALUES ('RELIANCE','2026-03-31','bull','Management describes the Jio Platforms IPO as ''fairly imminent'' — a listing would crystallise Jio''s standalone value (roughly ₹1.46 lakh crore FY26 revenue, ~₹7,900 crore quarterly PAT) separately from the conglomerate discount RIL currently trades at.',3);
INSERT INTO bull_bear_cases (ticker,snapshot_date,case_type,case_text,case_order) VALUES ('RELIANCE','2026-03-31','bear','Q4 consolidated PAT fell 12.6% YoY and 9% QoQ to ₹16,971 crore, driven almost entirely by O2C margin compression from Middle East supply-chain disruption, higher crude premiums, and windfall taxes (SAED) — proof the energy business still swings group profit meaningfully, diversification narrative aside.',1);
INSERT INTO bull_bear_cases (ticker,snapshot_date,case_type,case_text,case_order) VALUES ('RELIANCE','2026-03-31','bear','Retail''s EBITDA margin compression (7.9%, down YoY) reflects the cost of competing in quick-commerce against well-funded, singularly-focused rivals like Blinkit and Zepto — an expensive land-grab with no confirmed payoff timeline yet.',2);
INSERT INTO bull_bear_cases (ticker,snapshot_date,case_type,case_text,case_order) VALUES ('RELIANCE','2026-03-31','bear','One independent analysis flagged a weak trailing ROE (~9.5%) against a P/E premium to the broader market — a valuation that assumes the Jio/Retail growth story executes cleanly, leaving little room for O2C-style disappointments to repeat.',3);
INSERT INTO companies (ticker,name,exchange,sector,sub_sector,compare_group,business_core,source_note,moat_note,value_chain_position,value_chain_note) VALUES ('ONGC','Oil and Natural Gas Corporation','NSE','Oil & Gas','Upstream E&P','Oil & Gas','ONGC is India''s largest crude oil and natural gas producer &mdash; a state-owned (Maharatna) upstream explorer that pumps oil and gas from fields like Bombay High and the KG basin. It has also built downstream integration through majority stakes in refiner HPCL and petrochemical arm OPaL/MRPL, so its blended results mix pure exploration-and-production economics (driven by global crude/gas prices) with refining-margin economics from its subsidiaries.','ONGC''s own Q4 & FY26 consolidated results (via Groww/BSE filing coverage), cross-checked against IndianChemicalNews and PSU Connect','State ownership of India''s largest producing domestic oil and gas fields is a genuinely irreplaceable, licence-and-resource-based moat — nobody else gets to drill Bombay High. That moat is capped, though, by the geological reality of ageing fields and by India''s structural crude-import dependency, which limits how much pricing power any single domestic producer can really have.','Sits at the extraction end of the energy value chain — explores and produces crude oil and natural gas from domestic fields — but has deliberately built downstream integration via majority ownership of refiner HPCL plus stakes in MRPL and petrochemical producer OPaL, capturing margin further along the barrel rather than just selling crude at the wellhead.','India still imports roughly 80-85% of its crude oil needs — even maximised domestic production from ONGC doesn''t materially change the country''s structural energy-import dependency, a macro backdrop worth keeping in view.');
INSERT INTO metric_snapshots (ticker,snapshot_date,metric_key,metric_value,metric_unit,metric_label,metric_note,higher_is_better,status) VALUES ('ONGC','2026-03-31','revenue_growth_pct',3.6,'%','Revenue Growth (YoY)','Consolidated revenue from operations ₹1,73,805 crore. Full-year FY26 revenue was broadly flat as lower average crude prices offset volume gains.',TRUE,'verified');
INSERT INTO metric_snapshots (ticker,snapshot_date,metric_key,metric_value,metric_unit,metric_label,metric_note,higher_is_better,status) VALUES ('ONGC','2026-03-31','pat_growth_pct',45.6,'%','PAT Growth (YoY)','Profit attributable to owners hit ₹10,820 crore this quarter — a record full-year profit of ₹41,424 crore, driven mainly by much stronger subsidiary (HPCL, MRPL) performance, not the core E&P business alone.',TRUE,'verified');
INSERT INTO metric_snapshots (ticker,snapshot_date,metric_key,metric_value,metric_unit,metric_label,metric_note,higher_is_better,status) VALUES ('ONGC','2026-03-31','domestic_ep_revenue_growth_pct',2.3,'%','Domestic E&P Revenue Growth (Q4 YoY)','The purer read on core upstream performance. Full-year domestic E&P revenue actually fell 3.4% on weaker average crude prices through the year — the Q4 uptick doesn''t undo a soft full year.',TRUE,'verified');
INSERT INTO metric_snapshots (ticker,snapshot_date,metric_key,metric_value,metric_unit,metric_label,metric_note,higher_is_better,status) VALUES ('ONGC','2026-03-31','dividend_payout_pct',51,'%','Dividend Payout Ratio (FY26)','Total FY26 dividend ₹16,669 crore (₹13.25/share) — a record payout. Display-only: a high PSU payout reflects government capital-allocation priorities as much as pure business strength.',NULL,'verified');
INSERT INTO metric_snapshots (ticker,snapshot_date,metric_key,metric_value,metric_unit,metric_label,metric_note,higher_is_better,status) VALUES ('ONGC','2026-03-31','new_well_gas_production_pct',17,'%','New-Well Gas Share of Production','Newer, higher-priced gas wells now supply 17% of production and over 21% of nomination-gas revenue — a favourable mix shift, though display-only since it''s a production-mix indicator, not a ranked performance metric.',TRUE,'verified');
INSERT INTO tech_geo_tags (ticker,label,tag_type,is_active) VALUES ('ONGC','Global crude price cyclicality: ONGC''s realizations move directly with international oil and gas prices — a full-year revenue decline in the core E&P segment this year despite steady production volumes shows this exposure isn''t theoretical','risk',TRUE);
INSERT INTO tech_geo_tags (ticker,label,tag_type,is_active) VALUES ('ONGC','Legacy field decline: mature assets like Bombay High require continuous new-well drilling and exploration capex just to hold production flat, let alone grow it — a structural treadmill common to all ageing oil basins','risk',TRUE);
INSERT INTO tech_geo_tags (ticker,label,tag_type,is_active) VALUES ('ONGC','Downstream diversification tailwind: HPCL, MRPL and the broader subsidiary portfolio delivering ''remarkable improvement'' this year shows the vertical-integration strategy has real earnings power when refining margins cooperate','tailwind',TRUE);
INSERT INTO bull_bear_cases (ticker,snapshot_date,case_type,case_text,case_order) VALUES ('ONGC','2026-03-31','bull','Consolidated PAT jumped 45.6% YoY to a record ₹41,424 crore for the full year, with subsidiaries HPCL, MRPL, OVL and OPaL delivering what the company itself called ''remarkable improvement'' — diversification beyond pure upstream E&P is genuinely paying off.',1);
INSERT INTO bull_bear_cases (ticker,snapshot_date,case_type,case_text,case_order) VALUES ('ONGC','2026-03-31','bull','New-well gas (priced higher than legacy nomination gas) now makes up 17% of production and over a fifth of nomination-gas revenue — a structural mix-shift toward better realizations as ONGC keeps investing in newer fields to offset natural decline in older ones.',2);
INSERT INTO bull_bear_cases (ticker,snapshot_date,case_type,case_text,case_order) VALUES ('ONGC','2026-03-31','bull','A record FY26 dividend of ₹13.25/share (₹16,669 crore total, ~51% payout) makes ONGC one of India''s most reliable large-cap dividend payers — a genuine, growing cash return to shareholders, not a one-off.',3);
INSERT INTO bull_bear_cases (ticker,snapshot_date,case_type,case_text,case_order) VALUES ('ONGC','2026-03-31','bear','Strip out the subsidiaries and the core story is softer: full-year domestic E&P revenue actually declined 3.4% as weaker average crude prices through the year offset production gains — the headline profit jump leans heavily on refining/downstream units, not the upstream business ONGC is fundamentally valued on.',1);
INSERT INTO bull_bear_cases (ticker,snapshot_date,case_type,case_text,case_order) VALUES ('ONGC','2026-03-31','bear','International operations (ONGC Videsh) revenue fell 22% YoY in Q4 — the overseas diversification arm, meant to reduce dependence on ageing domestic fields, underperformed even in a quarter when domestic subsidiaries did well.',2);
INSERT INTO bull_bear_cases (ticker,snapshot_date,case_type,case_text,case_order) VALUES ('ONGC','2026-03-31','bear','The petrochemicals arm (OPaL) posted a full-year loss of ₹382 crore — not every leg of ONGC''s downstream diversification strategy is working yet, a reminder that vertical integration doesn''t guarantee profitability in every segment.',3);
INSERT INTO companies (ticker,name,exchange,sector,sub_sector,compare_group,business_core,source_note,moat_note,value_chain_position,value_chain_note) VALUES ('COALINDIA','Coal India','NSE','Oil & Gas','Coal Mining / Consumable Fuels','Oil & Gas','Coal India is the world''s largest coal-mining company &mdash; a state-owned (Maharatna) PSU that mines roughly 80% of India''s domestic coal and supplies it to power plants and industry, mostly through long-term Fuel Supply Agreements at government-notified prices, plus a smaller, more profitable e-auction channel at market-linked premium pricing. Revenue is fundamentally a function of production volume, offtake (how much actually gets sold/dispatched) and per-tonne realization &mdash; not open commodity trading.','Coal India''s own Q4 & FY26 consolidated results and production/offtake filings, cross-checked against Business Standard, Upstox and IndianPSU coverage','A state-granted, near-monopoly position as India''s dominant domestic coal supplier — decades of mining rights, Fuel Supply Agreement relationships with power utilities, and evacuation infrastructure that would be near-impossible for a private entrant to replicate. The same government relationship that creates this moat also caps CIL''s ability to behave like a pure profit-maximising commodity producer — pricing and dividend decisions carry a policy dimension private miners don''t have.','Sits at the pure extraction end of the energy value chain, mining coal across 310 mines in 8 states and delivering it mainly through long-term Fuel Supply Agreements to power utilities and industrial buyers at largely government-notified prices — with a smaller e-auction channel offering the more market-sensitive, higher-margin slice of volume.','As a Maharatna PSU under the Ministry of Coal, capital allocation (dividend policy especially) is shaped as much by government fiscal priorities as by pure commercial logic — a structural feature of the stock, not a temporary condition.');
INSERT INTO metric_snapshots (ticker,snapshot_date,metric_key,metric_value,metric_unit,metric_label,metric_note,higher_is_better,status) VALUES ('COALINDIA','2026-03-31','revenue_growth_pct',5.75,'%','Revenue Growth (YoY)','Q4 FY26 revenue from operations ₹46,490 crore. Full-year FY26 revenue was roughly flat at ₹1,68,400 crore — the Q4 uptick doesn''t offset a soft first three quarters.',TRUE,'verified');
INSERT INTO metric_snapshots (ticker,snapshot_date,metric_key,metric_value,metric_unit,metric_label,metric_note,higher_is_better,status) VALUES ('COALINDIA','2026-03-31','ebitda_margin_pct',38.5,'%','EBITDA Margin (Q4)','Q4 EBITDA of ₹17,917 crore, up 12% YoY — genuine margin expansion this quarter from better realizations and lower stripping (overburden-removal) activity, not just higher volumes.',TRUE,'verified');
INSERT INTO metric_snapshots (ticker,snapshot_date,metric_key,metric_value,metric_unit,metric_label,metric_note,higher_is_better,status) VALUES ('COALINDIA','2026-03-31','production_growth_pct',-1.7,'%','Production Growth (FY26)','Full-year coal production fell to 768.2 million tonnes from 781.1MT. Q4 alone was actually up marginally (239MT vs 237.7MT) — the decline is concentrated earlier in the year.',TRUE,'verified');
INSERT INTO metric_snapshots (ticker,snapshot_date,metric_key,metric_value,metric_unit,metric_label,metric_note,higher_is_better,status) VALUES ('COALINDIA','2026-03-31','offtake_growth_pct',-2.4,'%','Offtake/Sales Growth (FY26)','Full-year coal sold/dispatched fell to 744.9MT from 763.0MT. Closing inventory jumped 21% YoY to 129.96MT — coal is piling up faster than it''s being absorbed by demand.',TRUE,'verified');
INSERT INTO metric_snapshots (ticker,snapshot_date,metric_key,metric_value,metric_unit,metric_label,metric_note,higher_is_better,status) VALUES ('COALINDIA','2026-03-31','pat_growth_pct',11.1,'%','PAT Growth (Q4 YoY)','Q4 PAT ₹10,839 crore, boosted by a 30% jump in other income and one-time accounting adjustments per analyst commentary. Full-year PAT actually fell ~12% to ₹31,071 crore — the quarterly number flatters the annual trend.',TRUE,'verified');
INSERT INTO tech_geo_tags (ticker,label,tag_type,is_active) VALUES ('COALINDIA','Energy-transition headwind: India''s expanding solar and wind capacity structurally caps long-run thermal coal demand growth, a slow-moving but real risk to CIL''s core volume story even as near-term power demand still leans on coal','risk',TRUE);
INSERT INTO tech_geo_tags (ticker,label,tag_type,is_active) VALUES ('COALINDIA','Production-offtake gap and rising inventory (+21% YoY) point to real, current demand softness or dispatch/logistics constraints worth watching in the next few quarters, not dismissing as one-off','risk',TRUE);
INSERT INTO tech_geo_tags (ticker,label,tag_type,is_active) VALUES ('COALINDIA','Government policy tailwind: an explicit national strategy to cut coal imports by 240+ million tonnes over the next decade gives CIL a real production-growth mandate, if execution (evacuation infrastructure, washeries) keeps pace','tailwind',TRUE);
INSERT INTO bull_bear_cases (ticker,snapshot_date,case_type,case_text,case_order) VALUES ('COALINDIA','2026-03-31','bull','Q4 profit and EBITDA both grew double digits even as tonnes sold declined — real evidence of pricing and cost discipline (better realizations, lower stripping costs), not just a volume story.',1);
INSERT INTO bull_bear_cases (ticker,snapshot_date,case_type,case_text,case_order) VALUES ('COALINDIA','2026-03-31','bull','A ₹5.25/share final dividend continues Coal India''s reputation as one of India''s most dependable large-cap income stocks — the government''s fiscal reliance on CIL dividends provides real, if imperfect, downside protection for the payout.',2);
INSERT INTO bull_bear_cases (ticker,snapshot_date,case_type,case_text,case_order) VALUES ('COALINDIA','2026-03-31','bull','Genuine, if early, diversification: listing of subsidiaries Bharat Coking Coal and CMPDI, a commissioned 100MW solar plant, and a new renewable-energy joint venture all point toward reducing pure-thermal-coal dependence over time.',3);
INSERT INTO bull_bear_cases (ticker,snapshot_date,case_type,case_text,case_order) VALUES ('COALINDIA','2026-03-31','bear','The core mining business shrank in FY26: production down 1.7% and offtake down 2.4% for the full year, with closing inventory up 21% YoY — coal is being mined faster than it''s being sold, a real demand-side or logistics problem, not a rounding error.',1);
INSERT INTO bull_bear_cases (ticker,snapshot_date,case_type,case_text,case_order) VALUES ('COALINDIA','2026-03-31','bear','Full-year PAT fell nearly 12% and EBITDA fell 11% despite the strong headline Q4 — that quarterly beat leaned on a 30% jump in ''other income'' and retrospective accounting adjustments per independent analysis, a weaker underlying operating trend than the Q4 print alone suggests.',2);
INSERT INTO bull_bear_cases (ticker,snapshot_date,case_type,case_text,case_order) VALUES ('COALINDIA','2026-03-31','bear','India''s fast-growing renewable and solar capacity is a structural, long-duration headwind to thermal coal demand growth — even as government policy pushes CIL to expand output and cut coal imports, nothing guarantees the demand side of that plan materialises on schedule.',3);
INSERT INTO companies (ticker,name,exchange,sector,sub_sector,compare_group,business_core,source_note,moat_note,value_chain_position,value_chain_note) VALUES ('TATASTEEL','Tata Steel','NSE','Metals & Mining','Integrated Steel','Metals & Mining','Tata Steel makes and sells steel &mdash; from raw material (iron ore, coking coal) through to finished flat and long steel products for construction, auto and packaging &mdash; with a large, profitable India operation and separate, historically weaker European businesses (Netherlands and UK) that face different cost structures and demand environments. Profitability is driven by steel realizations, volumes, and raw-material costs, with India increasingly the business that determines the group''s overall result.','Tata Steel''s own Q4 & FY26 consolidated results (via Sahi.com/NSE filing coverage), cross-checked against Business Standard and Upstox','Integrated raw-material access (iron ore, and partial coking coal self-sufficiency) plus decades of scale and brand in the Indian market give Tata Steel a genuine domestic cost and distribution advantage. That moat doesn''t extend to Europe, where the company is a price-taker facing structural regulatory and competitiveness headwinds it can''t engineer its way out of as easily as it can in India.','A fully integrated steelmaker — Tata Steel controls iron ore and (partly) coking coal supply in India, runs its own blast furnaces and finishing lines, and sells directly into automotive, construction and packaging end-markets, while its Netherlands and UK operations run as largely separate regional businesses with their own cost structures and demand cycles.','India now accounts for roughly 74% of the group''s total crude steel production — the centre of gravity has structurally shifted toward the domestic business, away from the historically larger but now-struggling European operations.');
INSERT INTO metric_snapshots (ticker,snapshot_date,metric_key,metric_value,metric_unit,metric_label,metric_note,higher_is_better,status) VALUES ('TATASTEEL','2026-03-31','revenue_growth_pct',12.54,'%','Revenue Growth (YoY)','Consolidated revenue ₹63,270 crore. India alone grew even faster; Netherlands grew on higher deliveries while UK stayed subdued.',TRUE,'verified');
INSERT INTO metric_snapshots (ticker,snapshot_date,metric_key,metric_value,metric_unit,metric_label,metric_note,higher_is_better,status) VALUES ('TATASTEEL','2026-03-31','ebitda_margin_pct',15.53,'%','EBITDA Margin','Up sharply from 11.67% a year ago. India''s standalone margin was far higher still (~24-25%) — Europe continues to drag the blended consolidated number down.',TRUE,'verified');
INSERT INTO metric_snapshots (ticker,snapshot_date,metric_key,metric_value,metric_unit,metric_label,metric_note,higher_is_better,status) VALUES ('TATASTEEL','2026-03-31','volume_growth_pct',8,'%','India Deliveries Growth (FY26)','India delivered a ''best-ever'' 22.5 million tonnes for the full year, up 8% YoY — the clearest, cleanest growth signal in the business.',TRUE,'verified');
INSERT INTO metric_snapshots (ticker,snapshot_date,metric_key,metric_value,metric_unit,metric_label,metric_note,higher_is_better,status) VALUES ('TATASTEEL','2026-03-31','net_debt_ebitda',2.3,'x','Net Debt / EBITDA','Net debt fell ₹2,285 crore YoY to ₹80,144 crore even while funding the Kalinganagar capacity expansion — deleveraging and growth capex happening together.',FALSE,'verified');
INSERT INTO metric_snapshots (ticker,snapshot_date,metric_key,metric_value,metric_unit,metric_label,metric_note,higher_is_better,status) VALUES ('TATASTEEL','2026-03-31','pat_growth_pct',146.9,'%','PAT Growth (YoY)','Consolidated PAT ₹2,965 crore. Genuinely operational, not one-off-driven — higher India volumes, better product mix and a ₹10,868 crore cumulative cost-transformation benefit are the real drivers.',TRUE,'verified');
INSERT INTO tech_geo_tags (ticker,label,tag_type,is_active) VALUES ('TATASTEEL','European regulatory risk: Tata Steel Netherlands faces active non-compliance notices and a stated intent by regulators to revoke operating permits for its coke/gas plants — a concrete, near-term threat to a material part of the European business, not a hypothetical','risk',TRUE);
INSERT INTO tech_geo_tags (ticker,label,tag_type,is_active) VALUES ('TATASTEEL','Global steel dumping: Chinese overcapacity continues to pressure global steel prices; Tata Steel''s UK and Netherlands units are directly exposed even as India benefits from a 12% safeguard duty on imports','risk',TRUE);
INSERT INTO tech_geo_tags (ticker,label,tag_type,is_active) VALUES ('TATASTEEL','India infrastructure capex tailwind: government-driven infrastructure spending underpins the domestic demand growth that''s now doing most of the heavy lifting for group profitability','tailwind',TRUE);
INSERT INTO bull_bear_cases (ticker,snapshot_date,case_type,case_text,case_order) VALUES ('TATASTEEL','2026-03-31','bull','India delivered its best-ever annual volumes (22.5 million tonnes, +8% YoY) at a standalone EBITDA margin around 24-25% — the core domestic business is firing on both volume and margin at once, a rare combination.',1);
INSERT INTO bull_bear_cases (ticker,snapshot_date,case_type,case_text,case_order) VALUES ('TATASTEEL','2026-03-31','bull','A structured, disclosed cost-transformation programme has delivered ₹10,868 crore in cumulative benefits and directly explains 320bps of the year''s EBITDA margin improvement — evidence this isn''t just a favourable pricing cycle, but real operational execution.',2);
INSERT INTO bull_bear_cases (ticker,snapshot_date,case_type,case_text,case_order) VALUES ('TATASTEEL','2026-03-31','bull','Management is guiding for a further 2 million tonnes of India volume growth in FY27 from the Kalinganagar ramp-up, plus continued margin expansion — a company describing forward momentum with specific, checkable numbers rather than vague optimism.',3);
INSERT INTO bull_bear_cases (ticker,snapshot_date,case_type,case_text,case_order) VALUES ('TATASTEEL','2026-03-31','bear','Europe remains a genuine drag: Tata Steel UK posted an EBITDA loss (₹591 crore) this quarter, and Tata Steel Netherlands has received multiple regulatory non-compliance notices plus over €20 million in penalties, with the local Environment Agency signalling intent to revoke permits and force an early closure of coke/gas plants — a real, live regulatory threat to a sizeable chunk of the business.',1);
INSERT INTO bull_bear_cases (ticker,snapshot_date,case_type,case_text,case_order) VALUES ('TATASTEEL','2026-03-31','bear','The FY26 profit surge is measured against an unusually weak FY25 base (full-year PAT +215% YoY) — a favourable comparison that flatters the growth rate more than it reflects a fundamentally transformed earnings level in absolute terms.',2);
INSERT INTO bull_bear_cases (ticker,snapshot_date,case_type,case_text,case_order) VALUES ('TATASTEEL','2026-03-31','bear','Global steel markets face persistent Chinese overcapacity and dumping pressure — India''s domestic infrastructure-driven demand has insulated Tata Steel so far, but the company remains exposed to global pricing cycles it doesn''t control.',3);
INSERT INTO companies (ticker,name,exchange,sector,sub_sector,compare_group,business_core,source_note,moat_note,value_chain_position,value_chain_note) VALUES ('JSWSTEEL','JSW Steel','NSE','Metals & Mining','Integrated Steel','Metals & Mining','JSW Steel is India''s largest private-sector steelmaker, producing flat and long steel products for infrastructure, auto, construction and engineering customers from an India-centric manufacturing base (with a smaller US operation). Revenue is driven by domestic volumes and realizations, which are in turn shaped by input costs (coking coal especially), capacity utilisation, and India''s steel-safeguard trade policy.','JSW Steel''s own Q4 FY26 earnings-call highlights and results release, cross-checked against Business Standard, Groww and MarketsMojo analysis','Scale (India''s largest private steelmaker), integrated raw-material access, and now a technology/JV partnership with JFE Steel for higher-value products form a real competitive position. The moat is partly policy-dependent (import safeguard duty) and the balance sheet, while improving, still carries enough leverage that execution of the multi-year capacity plan matters more to the long-term thesis than any single quarter''s headline profit number.','An integrated steelmaker controlling much of its own raw-material and production chain from iron ore to finished flat/long steel products, with a growing downstream and value-added-product mix; the BPSL joint venture with Japan''s JFE Steel also gives it a technology and export-market partnership beyond pure India-centric scale.','India''s 12% safeguard duty on steel imports gives domestic producers like JSW real near-term pricing protection from subsidised Chinese steel — a policy tailwind, not a permanent structural moat.');
INSERT INTO metric_snapshots (ticker,snapshot_date,metric_key,metric_value,metric_unit,metric_label,metric_note,higher_is_better,status) VALUES ('JSWSTEEL','2026-03-31','revenue_growth_pct',14.19,'%','Revenue Growth (YoY)','Consolidated revenue ₹51,180 crore, an all-time high, beating analyst estimates of 10-12% growth.',TRUE,'verified');
INSERT INTO metric_snapshots (ticker,snapshot_date,metric_key,metric_value,metric_unit,metric_label,metric_note,higher_is_better,status) VALUES ('JSWSTEEL','2026-03-31','ebitda_margin_pct',16.87,'%','EBITDA Margin','Up from 14.23% a year ago — stronger net steel realisations outpaced input-cost pressure, even while a Vijayanagar blast furnace was offline for upgrades (India ops ran at ~87% utilisation, would''ve been ~96% excluding that unit).',TRUE,'verified');
INSERT INTO metric_snapshots (ticker,snapshot_date,metric_key,metric_value,metric_unit,metric_label,metric_note,higher_is_better,status) VALUES ('JSWSTEEL','2026-03-31','volume_growth_pct',6,'%','Steel Sales Growth (YoY)','All-time-high quarterly sales of 7.97 million tonnes, even as crude steel production actually fell 2% — sold from inventory/improved mix while a furnace was under maintenance.',TRUE,'verified');
INSERT INTO metric_snapshots (ticker,snapshot_date,metric_key,metric_value,metric_unit,metric_label,metric_note,higher_is_better,status) VALUES ('JSWSTEEL','2026-03-31','net_debt_ebitda',1.81,'x','Net Debt / EBITDA','Net debt fell to roughly ₹53,870 crore, down over ₹26,000 crore quarter-on-quarter, almost entirely from the BPSL (Bhushan Power and Steel) slump-sale deleveraging, not organic cash generation alone.',FALSE,'verified');
INSERT INTO metric_snapshots (ticker,snapshot_date,metric_key,metric_value,metric_unit,metric_label,metric_note,higher_is_better,status) VALUES ('JSWSTEEL','2026-03-31','pat_growth_pct',131,'%','PAT Growth (YoY, Normalised)','Normalised Q4 PAT (excluding exceptional items) was ₹3,475 crore vs ₹1,503 crore a year ago — real, strong operating improvement. The headline reported PAT of ₹16,370 crore (+989% YoY) is overwhelmingly a one-off ₹18,051 crore accounting gain from the BPSL slump sale to a JFE Steel joint venture, not repeatable operating profit — shown here on a normalised basis so it''s comparable to peers.',TRUE,'verified');
INSERT INTO tech_geo_tags (ticker,label,tag_type,is_active) VALUES ('JSWSTEEL','Accounting distortion risk: the scale of the BPSL exceptional gain this quarter is large enough that headline PAT and P/E figures from data aggregators may be badly misleading unless explicitly normalised — worth double-checking any single-source number against the exceptional-items breakdown','risk',TRUE);
INSERT INTO tech_geo_tags (ticker,label,tag_type,is_active) VALUES ('JSWSTEEL','Leverage from an aggressive, multi-year capex programme (₹1.26 lakh crore approved) creates execution risk — the payoff depends on new capacity ramping on schedule and steel prices/demand cooperating through FY30-32','risk',TRUE);
INSERT INTO tech_geo_tags (ticker,label,tag_type,is_active) VALUES ('JSWSTEEL','Import-safeguard policy tailwind: the 12% duty on imported steel currently shields domestic realisations from Chinese overcapacity pricing — a real but policy-dependent, not permanent, advantage','tailwind',TRUE);
INSERT INTO bull_bear_cases (ticker,snapshot_date,case_type,case_text,case_order) VALUES ('JSWSTEEL','2026-03-31','bull','Record quarterly revenue and an EBITDA beat (₹8,634 crore, +35% YoY) came even with a major blast furnace offline for upgrades — the underlying operating business is genuinely strong, independent of the one-off BPSL accounting gain.',1);
INSERT INTO bull_bear_cases (ticker,snapshot_date,case_type,case_text,case_order) VALUES ('JSWSTEEL','2026-03-31','bull','The BPSL joint-venture deal with JFE Steel cut net debt by roughly ₹26,000-37,000 crore in a single quarter — a real, structural balance-sheet improvement, not just an accounting event, freeing capacity for the company''s large approved capex programme.',2);
INSERT INTO bull_bear_cases (ticker,snapshot_date,case_type,case_text,case_order) VALUES ('JSWSTEEL','2026-03-31','bull','A disclosed, board-approved capacity roadmap (31.9 to 62 million tonnes per annum by FY32, ~78 mtpa including joint ventures) gives investors a specific, trackable growth plan rather than vague expansion ambitions.',3);
INSERT INTO bull_bear_cases (ticker,snapshot_date,case_type,case_text,case_order) VALUES ('JSWSTEEL','2026-03-31','bear','The headline ₹16,370 crore Q4 profit figure is overwhelmingly a one-time accounting gain (₹18,051 crore) from the BPSL slump sale — using it to judge ''earnings growth'' without adjustment would badly overstate the business''s actual improvement, as this dashboard''s normalised figure shows.',1);
INSERT INTO bull_bear_cases (ticker,snapshot_date,case_type,case_text,case_order) VALUES ('JSWSTEEL','2026-03-31','bear','Leverage remains real even after deleveraging: debt-to-EBITDA of roughly 3.3x on some measures and net debt/EBITDA of 1.81x on others still constrain financial flexibility, and the approved capex plan (₹1,26,000 crore over 4-5 years, plus ₹1,00,000 crore more for JVs/mining) will need continued strong cash generation to fund without leverage creeping back up.',2);
INSERT INTO bull_bear_cases (ticker,snapshot_date,case_type,case_text,case_order) VALUES ('JSWSTEEL','2026-03-31','bear','One independent valuation analysis flagged the stock''s P/E (near 40x) as ''Expensive'' relative to fundamentals, given only ''Average'' return ratios (ROE 14%, ROCE 14.5%) — a premium valuation resting heavily on the FY27-FY32 capacity-growth story executing as planned.',3);
INSERT INTO companies (ticker,name,exchange,sector,sub_sector,compare_group,business_core,source_note,moat_note,value_chain_position,value_chain_note) VALUES ('HINDALCO','Hindalco Industries','NSE','Metals & Mining','Aluminium & Copper','Metals & Mining','Hindalco is the metals flagship of the Aditya Birla Group — India''s largest aluminium producer and a significant copper smelter/refiner domestically, plus (via its wholly-owned subsidiary Novelis) the world''s largest aluminium rolling and recycling company, supplying can sheet and auto-body sheet to global beverage and automotive customers. Roughly 60-65% of consolidated revenue comes from Novelis, so the stock''s fortunes are genuinely a blend of a fast-growing India metals story and a much larger, more industrial-cycle-sensitive global rolling business.','Hindalco''s own Q4 & FY26 results press release (hindalco.com / Aditya Birla Group), cross-checked against Business Standard, Groww and AlCircle','Full value-chain integration — from bauxite and alumina through primary metal smelting to Novelis''s global #1 position in aluminium rolling and recycling — is a scale-and-technology moat few competitors can match end-to-end. The flip side: Novelis''s international manufacturing footprint imports risks (plant fires, tariffs, global industrial-demand cycles) that a purely domestic metals producer simply wouldn''t be exposed to.','One of the most vertically integrated metals businesses on the exchange — spanning domestic bauxite mining and alumina refining, primary aluminium and copper smelting in India, and (via Novelis) advanced downstream rolling and the world''s largest aluminium recycling operation feeding directly into global beverage-can and automotive-body-panel supply chains.','The India business and Novelis are genuinely different investments bundled into one stock — a domestic, high-margin, high-growth metals franchise, and a larger, lower-margin, more industrially cyclical global rolling business with its own separate risks.');
INSERT INTO metric_snapshots (ticker,snapshot_date,metric_key,metric_value,metric_unit,metric_label,metric_note,higher_is_better,status) VALUES ('HINDALCO','2026-03-31','revenue_growth_pct',20,'%','Revenue Growth (YoY)','Record consolidated revenue of ₹78,133 crore, up 20% YoY and 17.5% QoQ — both India and Novelis contributed, though India did the heavier lifting.',TRUE,'verified');
INSERT INTO metric_snapshots (ticker,snapshot_date,metric_key,metric_value,metric_unit,metric_label,metric_note,higher_is_better,status) VALUES ('HINDALCO','2026-03-31','ebitda_margin_pct',14.3,'%','EBITDA Margin','Record consolidated EBITDA of ₹11,197 crore. India Aluminium Upstream alone ran a much richer ~45% segment margin — the blended number is diluted by Novelis''s lower-margin rolling/recycling model.',TRUE,'verified');
INSERT INTO metric_snapshots (ticker,snapshot_date,metric_key,metric_value,metric_unit,metric_label,metric_note,higher_is_better,status) VALUES ('HINDALCO','2026-03-31','volume_growth_pct',-12,'%','Novelis Shipment Growth (YoY)','Novelis (the larger revenue segment) saw rolled-product shipments fall 12% YoY, mainly due to production interruptions from fires at its Oswego, US plant — a real operational setback in the company''s biggest single business.',TRUE,'verified');
INSERT INTO metric_snapshots (ticker,snapshot_date,metric_key,metric_value,metric_unit,metric_label,metric_note,higher_is_better,status) VALUES ('HINDALCO','2026-03-31','net_debt_ebitda',1.83,'x','Net Debt / EBITDA','Up sharply from 1.06x a year earlier — genuine leverage increase, not just a rounding shift, worth watching alongside the Oswego recovery timeline.',FALSE,'verified');
INSERT INTO metric_snapshots (ticker,snapshot_date,metric_key,metric_value,metric_unit,metric_label,metric_note,higher_is_better,status) VALUES ('HINDALCO','2026-03-31','pat_growth_pct',10,'%','PAT Growth (YoY, Before Exceptionals)','PAT before exceptional items hit a record ₹5,796 crore, +10% YoY — the cleaner read on underlying profitability. Reported PAT actually fell 50.8% YoY to ₹2,597 crore after ~₹4,171 crore of Oswego fire-related exceptional charges (remediation, repairs, business interruption).',TRUE,'verified');
INSERT INTO tech_geo_tags (ticker,label,tag_type,is_active) VALUES ('HINDALCO','Novelis Oswego plant fires: a real, still-unfolding operational and financial disruption at the company''s largest single facility — recovery timeline and any further exceptional costs are a genuine near-term watch item','risk',TRUE);
INSERT INTO tech_geo_tags (ticker,label,tag_type,is_active) VALUES ('HINDALCO','US tariff exposure: Novelis''s US manufacturing and export operations face direct tariff-policy risk that a purely India-based metals producer wouldn''t carry','risk',TRUE);
INSERT INTO tech_geo_tags (ticker,label,tag_type,is_active) VALUES ('HINDALCO','EV/battery-materials diversification (battery foil, EV battery enclosures) is a genuine new growth vector building directly on existing aluminium and copper processing expertise, not an unrelated bolt-on','tailwind',TRUE);
INSERT INTO bull_bear_cases (ticker,snapshot_date,case_type,case_text,case_order) VALUES ('HINDALCO','2026-03-31','bull','India''s three business lines all posted record results in the same quarter — Aluminium Upstream EBITDA +13%, Copper EBITDA +48%, Downstream sales volume +18% — broad-based domestic strength, not one segment carrying the group.',1);
INSERT INTO bull_bear_cases (ticker,snapshot_date,case_type,case_text,case_order) VALUES ('HINDALCO','2026-03-31','bull','PAT before exceptional items reached a record ₹5,796 crore (+10% YoY) even in a quarter Novelis was actively disrupted by fires — real underlying earnings power that the headline reported-PAT decline obscures.',2);
INSERT INTO bull_bear_cases (ticker,snapshot_date,case_type,case_text,case_order) VALUES ('HINDALCO','2026-03-31','bull','Genuine forward-looking diversification: commissioned a Battery Foil plant and began commercial lithium-ion cell supplies, with an EV battery-enclosure facility at Chakan also scaling up — an early, concrete move into EV/battery materials beyond commodity metal.',3);
INSERT INTO bull_bear_cases (ticker,snapshot_date,case_type,case_text,case_order) VALUES ('HINDALCO','2026-03-31','bear','The Oswego, US plant fires were a real, large financial hit — ~₹4,171 crore of exceptional charges drove reported consolidated PAT down 50.8% YoY, and Novelis rolled-product shipments (the company''s largest single revenue driver) fell 12% YoY as a direct result.',1);
INSERT INTO bull_bear_cases (ticker,snapshot_date,case_type,case_text,case_order) VALUES ('HINDALCO','2026-03-31','bear','Net debt/EBITDA nearly doubled from 1.06x to 1.83x in a single year — a genuine increase in balance-sheet risk, even if the absolute level remains manageable for now.',2);
INSERT INTO bull_bear_cases (ticker,snapshot_date,case_type,case_text,case_order) VALUES ('HINDALCO','2026-03-31','bear','Novelis still supplies roughly 60-65% of consolidated revenue and carries its own separate exposures — US tariff policy, plant-specific operational risk, global auto/beverage-can demand cycles — that India''s strong domestic results can''t fully offset if they persist.',3);
INSERT INTO companies (ticker,name,exchange,sector,sub_sector,compare_group,business_core,source_note,moat_note,value_chain_position,value_chain_note) VALUES ('NTPC','NTPC','NSE','Power','Power Generation','Power','NTPC is India''s largest power generation utility (state-owned, Maharatna) — it mainly burns coal to generate electricity, plus a fast-growing renewable arm (NTPC Green Energy), and sells that power to state electricity distribution utilities under long-term Power Purchase Agreements at tariffs regulated by the Central Electricity Regulatory Commission (CERC). Because returns are formula-driven off a ''regulated equity'' asset base rather than open market pricing, growth comes almost entirely from adding new generation capacity, not from pricing power.','NTPC''s own Q4 & FY26 results and earnings-call highlights, cross-checked against MarketsMojo, Sarkaritel and Multibagg.ai coverage','Scale (India''s largest generator), decades of PPA relationships with state utilities, and a regulated-returns model that guarantees a return on the commissioned asset base once assets are capitalised — a genuinely low-risk moat. The trade-off: NTPC can''t out-earn its regulated formula in a strong pricing cycle the way a merchant generator could, so the ceiling on returns is as structurally fixed as the floor.','Sits purely in the generation link of the power value chain — NTPC doesn''t own transmission (that''s Power Grid) or distribution (state discoms) — selling bulk electricity to state utilities under long-term PPAs at CERC-regulated tariffs tied to its commissioned asset base.','NTPC Green Energy, the renewable subsidiary, is scaling fast (revenue +29% YoY) but still small relative to the thermal core — the long-term growth thesis increasingly depends on this arm executing at scale, not just the legacy coal fleet running efficiently.');
INSERT INTO metric_snapshots (ticker,snapshot_date,metric_key,metric_value,metric_unit,metric_label,metric_note,higher_is_better,status) VALUES ('NTPC','2026-03-31','revenue_growth_pct',-0.29,'%','Revenue Growth (Q4 YoY)','Revenue from operations was essentially flat at ₹49,688 crore. Full-year generation also fell slightly (432.2 vs 438.7 billion units) on softer demand and grid curtailment, despite record capacity additions.',TRUE,'verified');
INSERT INTO metric_snapshots (ticker,snapshot_date,metric_key,metric_value,metric_unit,metric_label,metric_note,higher_is_better,status) VALUES ('NTPC','2026-03-31','pat_growth_pct',15,'%','Group PAT Growth (FY26)','Full-year consolidated group PAT was ₹27,547 crore, the cleaner read. Q4 alone jumped over 34% YoY on some measures, driven overwhelmingly by a one-off ₹9,062 crore tax credit and regulatory deferral adjustments — not a repeatable quarterly run-rate.',TRUE,'verified');
INSERT INTO metric_snapshots (ticker,snapshot_date,metric_key,metric_value,metric_unit,metric_label,metric_note,higher_is_better,status) VALUES ('NTPC','2026-03-31','capacity_growth_pct',12.1,'%','Installed Capacity Growth (FY26)','Added 9,618 MW in FY26 — the highest annual addition in NTPC''s history — taking installed capacity past 89 GW, with over 34 GW more under construction.',TRUE,'verified');
INSERT INTO metric_snapshots (ticker,snapshot_date,metric_key,metric_value,metric_unit,metric_label,metric_note,higher_is_better,status) VALUES ('NTPC','2026-03-31','plf_pct',72.04,'%','Coal Fleet PLF (Utilisation)','Comfortably above the national coal-fleet average of 63.20% — a genuine, sustained operational-efficiency edge over the rest of the sector.',TRUE,'verified');
INSERT INTO metric_snapshots (ticker,snapshot_date,metric_key,metric_value,metric_unit,metric_label,metric_note,higher_is_better,status) VALUES ('NTPC','2026-03-31','capex_growth_pct',9.9,'%','Group Capex Growth (FY26)','Group capex rose to ₹49,068 crore from ₹44,636 crore. Display-only: higher capex funds future capacity growth but isn''t itself a performance signal without knowing the returns it generates.',NULL,'verified');
INSERT INTO tech_geo_tags (ticker,label,tag_type,is_active) VALUES ('NTPC','Discom counterparty risk: NTPC''s primary customers are state electricity distribution companies, many of which remain financially stressed — a structural, sector-wide collection and receivables risk, even though NTPC''s own receivable days improved sharply this year','risk',TRUE);
INSERT INTO tech_geo_tags (ticker,label,tag_type,is_active) VALUES ('NTPC','Renewable execution gap: NTPC''s own FY26 green-capacity addition fell short of internal targets, with projects spilling into FY27 — a concrete delivery risk on the part of the growth story most tied to India''s energy-transition narrative','risk',TRUE);
INSERT INTO tech_geo_tags (ticker,label,tag_type,is_active) VALUES ('NTPC','Policy tailwind: India''s power demand growth and the 500 GW renewable-by-2030 national target give NTPC (thermal fleet plus NTPC Green Energy) a long, government-backed capacity growth runway','tailwind',TRUE);
INSERT INTO bull_bear_cases (ticker,snapshot_date,case_type,case_text,case_order) VALUES ('NTPC','2026-03-31','bull','Added a record 9,618 MW of capacity in FY26 — the most in company history — with installed capacity now over 89 GW and another 34+ GW under construction, giving genuine multi-year regulated-return growth already locked into the pipeline.',1);
INSERT INTO bull_bear_cases (ticker,snapshot_date,case_type,case_text,case_order) VALUES ('NTPC','2026-03-31','bull','Coal fleet utilisation (PLF) of 72.04% beats the national average of 63.20% by a wide margin — real, sustained operational excellence, not a one-quarter anomaly.',2);
INSERT INTO bull_bear_cases (ticker,snapshot_date,case_type,case_text,case_order) VALUES ('NTPC','2026-03-31','bull','Balance-sheet discipline is improving alongside the growth: weighted average borrowing cost fell to 5.98% from 6.61%, and outstanding receivable days dropped sharply to 15 from 29 — working-capital and financing efficiency moving the right direction together.',3);
INSERT INTO bull_bear_cases (ticker,snapshot_date,case_type,case_text,case_order) VALUES ('NTPC','2026-03-31','bear','Despite record capacity additions, actual generation fell YoY (432.2 vs 438.7 billion units) on softer demand and grid curtailment — new capacity isn''t yet translating into proportionate output or revenue growth.',1);
INSERT INTO bull_bear_cases (ticker,snapshot_date,case_type,case_text,case_order) VALUES ('NTPC','2026-03-31','bear','The headline Q4 profit jump was overwhelmingly driven by a one-off ₹9,062 crore tax credit and regulatory deferral account movements — strip that out and the underlying quarterly operating trend is far more modest than the reported percentage suggests.',2);
INSERT INTO bull_bear_cases (ticker,snapshot_date,case_type,case_text,case_order) VALUES ('NTPC','2026-03-31','bear','NTPC''s own renewable capacity addition fell short of its FY26 targets, with projects spilling into FY27 — a real execution gap on the green-transition leg of the growth story, even as the core thermal business performs well.',3);
INSERT INTO companies (ticker,name,exchange,sector,sub_sector,compare_group,business_core,source_note,moat_note,value_chain_position,value_chain_note) VALUES ('POWERGRID','Power Grid Corporation of India','NSE','Power','Power Transmission','Power','Power Grid is India''s central transmission utility (state-owned, Maharatna) — it doesn''t generate or sell electricity to consumers, it owns and operates the high-voltage transmission lines and substations (roughly 1,73,000 circuit km, 265 substations) that move power from generators like NTPC to state distribution networks. Revenue comes from CERC-regulated tariffs on its transmission asset base, plus smaller consultancy and telecom businesses — one of the most predictable, formula-driven earnings models on the exchange.','Power Grid''s own FY26 audited results release (via PSU Connect/BSE filing coverage), cross-checked against Whalesbook and Indian Masterminds','A near-monopoly position in India''s inter-state high-voltage transmission network, built over decades and effectively impossible for a new entrant to replicate at scale, combined with a CERC-regulated return model that guarantees earnings on commissioned assets. As with NTPC, this moat caps upside as much as it protects downside — Power Grid''s growth ceiling is set by how much new transmission infrastructure India builds and awards to it, not by pricing power.','The pure transmission link in the power value chain — Power Grid moves electricity in bulk from generators (like NTPC) to state distribution utilities over its own high-voltage network, earning a CERC-regulated return on its capitalised transmission assets rather than selling power itself.','As the primary implementing agency for India''s Green Energy Corridors and inter-state transmission bids (InSTS), Power Grid is structurally positioned to capture the transmission infrastructure spend required by the country''s renewable energy build-out, regardless of which generation company ultimately wins the underlying power-sale contracts.');
INSERT INTO metric_snapshots (ticker,snapshot_date,metric_key,metric_value,metric_unit,metric_label,metric_note,higher_is_better,status) VALUES ('POWERGRID','2026-03-31','revenue_growth_pct',-1.27,'%','Revenue Growth (FY26)','Revenue from operations dipped slightly to ₹40,904 crore from ₹41,431 crore — the core transmission segment declined 2.7%, partly offset by consultancy revenue growing a fast 56.8% off a small base.',TRUE,'verified');
INSERT INTO metric_snapshots (ticker,snapshot_date,metric_key,metric_value,metric_unit,metric_label,metric_note,higher_is_better,status) VALUES ('POWERGRID','2026-03-31','pat_growth_pct',3,'%','PAT Growth (FY26)','Consolidated PAT ₹15,928 crore. Q4 alone grew a faster 9.7% YoY to ₹4,546 crore — a steadier, less lumpy earnings profile than generation-side utilities, consistent with the regulated-tariff model.',TRUE,'verified');
INSERT INTO metric_snapshots (ticker,snapshot_date,metric_key,metric_value,metric_unit,metric_label,metric_note,higher_is_better,status) VALUES ('POWERGRID','2026-03-31','ebitda_margin_pct',75.2,'%','EBITDA Margin (Q4)','Down from 83.98% a year ago — a real, notable compression worth watching, in a business where margins are usually very stable given the regulated-tariff structure.',TRUE,'verified');
INSERT INTO metric_snapshots (ticker,snapshot_date,metric_key,metric_value,metric_unit,metric_label,metric_note,higher_is_better,status) VALUES ('POWERGRID','2026-03-31','order_book_to_revenue',4.15,'x','Works-in-Hand / Revenue','Works-in-hand of ~₹1.70 lakh crore against FY26 revenue of ~₹40,900 crore — over 4x current annual revenue already committed, giving strong multi-year revenue visibility. A further ₹1.1 lakh crore bidding pipeline sits beyond this.',TRUE,'verified');
INSERT INTO tech_geo_tags (ticker,label,tag_type,is_active) VALUES ('POWERGRID','Rising leverage: total borrowings up ~13% YoY to fund transmission capex, with a further ₹5,000 crore raise approved — a real, growing balance-sheet commitment tied to execution of the multi-year build-out','risk',TRUE);
INSERT INTO tech_geo_tags (ticker,label,tag_type,is_active) VALUES ('POWERGRID','Margin compression in Q4 (EBITDA margin down nearly 900bps YoY) is unusual for a normally very stable regulated business and worth monitoring for whether it''s transient or a new cost baseline','risk',TRUE);
INSERT INTO tech_geo_tags (ticker,label,tag_type,is_active) VALUES ('POWERGRID','India''s ~₹2.44 lakh crore transmission investment requirement to support the 500 GW renewable-by-2030 target positions Power Grid, as the primary inter-state implementing agency, for a long structural capex and revenue-growth runway','tailwind',TRUE);
INSERT INTO bull_bear_cases (ticker,snapshot_date,case_type,case_text,case_order) VALUES ('POWERGRID','2026-03-31','bull','Works-in-hand of ~₹1.70 lakh crore (over 4x annual revenue) plus a further ₹1.1 lakh crore bidding pipeline give genuinely strong, multi-year revenue visibility — a rare degree of forward clarity for an infrastructure business.',1);
INSERT INTO bull_bear_cases (ticker,snapshot_date,case_type,case_text,case_order) VALUES ('POWERGRID','2026-03-31','bull','Consultancy revenue grew 56.8% YoY (albeit off a small base) — a real, if modest, diversification beyond the core regulated-tariff transmission business.',2);
INSERT INTO bull_bear_cases (ticker,snapshot_date,case_type,case_text,case_order) VALUES ('POWERGRID','2026-03-31','bull','One of India''s most consistent dividend payers, with a total FY26 payout of ₹9/share and a track record of steady, predictable cash distributions that reflect the underlying regulated-earnings model.',3);
INSERT INTO bull_bear_cases (ticker,snapshot_date,case_type,case_text,case_order) VALUES ('POWERGRID','2026-03-31','bear','EBITDA margin compressed sharply from 83.98% to 75.21% in Q4 — a real deterioration in a business where margins are usually extremely stable, worth understanding before assuming it''s a one-off.',1);
INSERT INTO bull_bear_cases (ticker,snapshot_date,case_type,case_text,case_order) VALUES ('POWERGRID','2026-03-31','bear','Total borrowings rose from ₹1,30,964 crore to ₹1,48,009 crore in a single year to fund the transmission build-out — leverage is increasing alongside growth, and the company approved a further ₹5,000 crore fundraise at the same results meeting.',2);
INSERT INTO bull_bear_cases (ticker,snapshot_date,case_type,case_text,case_order) VALUES ('POWERGRID','2026-03-31','bear','Core transmission-segment revenue actually declined 2.7% for the year — the growth story depends on new asset capitalisation (₹37,000 crore guided for FY27) converting into tariff income on schedule, not on the existing asset base.',3);
INSERT INTO companies (ticker,name,exchange,sector,sub_sector,compare_group,business_core,source_note,moat_note,value_chain_position,value_chain_note) VALUES ('ULTRACEMCO','UltraTech Cement','NSE','Cement','Cement & Building Materials','Cement','UltraTech Cement (Aditya Birla Group) is India''s largest cement producer and, after crossing 200 million tonnes of capacity in April 2026, the largest cement company outside China. It sells grey cement, ready-mix concrete and building products (wall putty, construction chemicals, and a new wires & cables foray) mainly to India''s housing, infrastructure and commercial construction sector, with profitability driven by cement realizations, volumes, and energy/fuel costs (coal and petcoke are large, volatile inputs).','UltraTech''s own Q4 & FY26 results release and earnings-call transcript (via Investywise/Yahoo Finance coverage), cross-checked against Business Standard and Dailyhunt','Scale (largest cement producer outside China), vertically integrated limestone and captive-power access, and India''s widest cement dealer/distribution network form a genuine cost and reach moat that smaller regional players can''t match — reinforced by a deliberate shift toward premiumization (branded, higher-margin products and a broader building-materials portfolio) that extends the moat beyond commodity cement pricing alone.','Controls limestone reserves and a growing captive/green power base (43% green power mix, targeting 85% by FY30) feeding its own integrated cement plants, sells through India''s widest cement dealer network, and is deliberately extending into adjacent building-materials categories (construction chemicals +44% YoY, a new wires & cables foray with ₹1,800 crore approved) to capture more of the construction customer''s spend beyond pure cement.','Management guides to a sustainable 7-8% annual volume growth from India''s structural urbanisation, infrastructure spending and PMAY housing demand — a demand base they describe as undiluted by near-term geopolitical noise.');
INSERT INTO metric_snapshots (ticker,snapshot_date,metric_key,metric_value,metric_unit,metric_label,metric_note,higher_is_better,status) VALUES ('ULTRACEMCO','2026-03-31','revenue_growth_pct',11.8,'%','Revenue Growth (YoY)','Consolidated revenue ₹25,467 crore. Results aren''t fully comparable YoY since the company completed the India Cements and Kesoram acquisitions mid-cycle — some of this growth is inorganic.',TRUE,'verified');
INSERT INTO metric_snapshots (ticker,snapshot_date,metric_key,metric_value,metric_unit,metric_label,metric_note,higher_is_better,status) VALUES ('ULTRACEMCO','2026-03-31','ebitda_margin_pct',21.7,'%','EBITDA Margin','Up from 17.9% in Q3 FY26. EBITDA per tonne reached ₹1,253 (aggregate), up 11% YoY, even absorbing an estimated ₹120/tonne cost headwind from the West Asia conflict.',TRUE,'verified');
INSERT INTO metric_snapshots (ticker,snapshot_date,metric_key,metric_value,metric_unit,metric_label,metric_note,higher_is_better,status) VALUES ('ULTRACEMCO','2026-03-31','volume_growth_pct',9.3,'%','India Grey Cement Volume Growth (YoY)','Record 42.41 million tonnes for the quarter, capacity utilisation at 89%. The broader ''UltraTech'' brand (including acquired capacity) grew a faster 19% YoY — worth knowing how much of that is organic vs. acquired.',TRUE,'verified');
INSERT INTO metric_snapshots (ticker,snapshot_date,metric_key,metric_value,metric_unit,metric_label,metric_note,higher_is_better,status) VALUES ('ULTRACEMCO','2026-03-31','net_debt_ebitda',0.94,'x','Net Debt / EBITDA','A healthy, disciplined level even while funding record capex and completing two acquisitions (India Cements, Kesoram) in the same period.',FALSE,'verified');
INSERT INTO metric_snapshots (ticker,snapshot_date,metric_key,metric_value,metric_unit,metric_label,metric_note,higher_is_better,status) VALUES ('ULTRACEMCO','2026-03-31','pat_growth_pct',21,'%','PAT Growth (YoY)','Consolidated PAT ~₹3,000 crore. Board recommended a ₹240/share (2400%) dividend for the year, reflecting a genuinely strong full-year profit of over ₹8,000 crore.',TRUE,'verified');
INSERT INTO tech_geo_tags (ticker,label,tag_type,is_active) VALUES ('ULTRACEMCO','West Asia conflict cost exposure: management quantified an ~₹120/tonne EBITDA impact from the conflict''s effect on imported fuel (petcoke/coal) costs — a real, current, and ongoing geopolitical cost pass-through','risk',TRUE);
INSERT INTO tech_geo_tags (ticker,label,tag_type,is_active) VALUES ('ULTRACEMCO','Acquisition integration risk: India Cements and Kesoram are still ''moving from integration drag to earnings contributor'' per management''s own words — the full synergy payoff is a multi-year execution bet, not yet realised','risk',TRUE);
INSERT INTO tech_geo_tags (ticker,label,tag_type,is_active) VALUES ('ULTRACEMCO','India infrastructure and housing (PMAY) demand tailwind: government capex commitments (e.g. Mumbai''s own $60bn infrastructure spend cited by management) underpin the 7-8% sustainable volume growth guidance','tailwind',TRUE);
INSERT INTO bull_bear_cases (ticker,snapshot_date,case_type,case_text,case_order) VALUES ('ULTRACEMCO','2026-03-31','bull','Record consolidated volumes (44+ million tonnes) and 200 million tonnes of annual capacity — the largest cement producer outside China — with the completed India Cements and Kesoram integrations finishing ahead of schedule.',1);
INSERT INTO bull_bear_cases (ticker,snapshot_date,case_type,case_text,case_order) VALUES ('ULTRACEMCO','2026-03-31','bull','EBITDA per tonne improved 11% YoY to ₹1,253 even while absorbing a real, quantified West Asia-driven cost headwind (~₹120/tonne) — genuine pricing and cost-efficiency execution, not just a favourable environment.',2);
INSERT INTO bull_bear_cases (ticker,snapshot_date,case_type,case_text,case_order) VALUES ('ULTRACEMCO','2026-03-31','bull','Net debt/EBITDA held to a disciplined 0.94x while simultaneously funding record capex, two acquisitions, and a further 37 million tonnes of already-committed FY28 capacity — growth and balance-sheet discipline happening together.',3);
INSERT INTO bull_bear_cases (ticker,snapshot_date,case_type,case_text,case_order) VALUES ('ULTRACEMCO','2026-03-31','bear','The acquired India Cements business is still well below group profitability — its EBITDA/tonne of ₹497 in Q4, while improving fast from ₹333 in Q2, remains under half UltraTech''s core ₹1,296/tonne — full synergy realisation is a multi-year story, not already banked.',1);
INSERT INTO bull_bear_cases (ticker,snapshot_date,case_type,case_text,case_order) VALUES ('ULTRACEMCO','2026-03-31','bear','Management explicitly flagged the West Asia conflict as a live, ongoing cost headwind and absorbed ₹90 crore of one-off packaging costs this quarter — geopolitical volatility is a current, not hypothetical, drag on margins.',2);
INSERT INTO bull_bear_cases (ticker,snapshot_date,case_type,case_text,case_order) VALUES ('ULTRACEMCO','2026-03-31','bear','The company itself states that Q4/FY26 results ''are not comparable'' with the prior year because of the mid-cycle acquisitions — meaning some of the impressive headline volume and revenue growth is inorganic, not pure market-share gain worth extrapolating forward.',3);
INSERT INTO companies (ticker,name,exchange,sector,sub_sector,compare_group,business_core,source_note,moat_note,value_chain_position,value_chain_note) VALUES ('GRASIM','Grasim Industries','NSE','Cement','Diversified Holding — Cement, Chemicals, Paints, Financial Services','Cement','Grasim Industries is the Aditya Birla Group''s diversified holding company. It directly manufactures Viscose Staple Fibre (VSF, a man-made textile fibre) and chlor-alkali/specialty chemicals (which also backward-integrate into VSF production), while separately holding a majority stake (~57%) in UltraTech Cement, a large stake in financial-services group Aditya Birla Capital (NBFC lending, insurance, asset management), and a fast-scaling paints challenger brand, Birla Opus. For investors, owning Grasim means owning a bundle of genuinely different businesses &mdash; cement, chemicals, textiles, financial services and paints &mdash; through one holding-company structure.','Grasim''s own Q4 & FY26 results release (grasim.com/Aditya Birla Group), cross-checked against Business Standard, Zeebiz and HDFC Sky coverage','Backward-integrated chemicals-to-fibre production gives the core legacy VSF business a genuine cost moat few global peers can match at scale, while majority ownership of India''s cement leader (UltraTech) and a rapidly scaling stake in Aditya Birla Capital provide optionality across three separate, large Indian growth markets. The moat here is less about any single product and more about the Aditya Birla Group''s demonstrated capital-allocation discipline — funding new bets like paints and B2B e-commerce from cash generated by mature, cash-rich legacy businesses.','Sits at the top of a genuinely diversified group structure — directly running backward-integrated VSF and chlor-alkali chemicals production (the chemicals feed the fibre process itself), while its majority UltraTech stake gives indirect exposure to the full cement value chain and its Aditya Birla Capital stake gives exposure to India''s consumer and corporate lending and insurance markets.','The Aditya Birla Capital equity raise (Grasim contributing ₹2,880 crore to keep its 52.3% stake) shows the group actively re-investing cash generated by mature businesses (cement, chemicals) into faster-growing ones (financial services, paints) — a deliberate, ongoing capital-allocation strategy, not a one-off.');
INSERT INTO metric_snapshots (ticker,snapshot_date,metric_key,metric_value,metric_unit,metric_label,metric_note,higher_is_better,status) VALUES ('GRASIM','2026-03-31','revenue_growth_pct',15.4,'%','Revenue Growth (YoY)','Consolidated revenue ₹51,101 crore, a record quarter, with cement, paints, chemicals and financial services all contributing to growth simultaneously.',TRUE,'verified');
INSERT INTO metric_snapshots (ticker,snapshot_date,metric_key,metric_value,metric_unit,metric_label,metric_note,higher_is_better,status) VALUES ('GRASIM','2026-03-31','ebitda_margin_pct',15.7,'%','EBITDA Margin','Consolidated EBITDA ₹8,011 crore, up 22% YoY — margin expansion outpacing revenue growth, a genuinely positive operating-leverage signal across a diversified portfolio.',TRUE,'verified');
INSERT INTO metric_snapshots (ticker,snapshot_date,metric_key,metric_value,metric_unit,metric_label,metric_note,higher_is_better,status) VALUES ('GRASIM','2026-03-31','volume_growth_pct',11,'%','VSF Volume Growth (YoY)','Viscose Staple Fibre — Grasim''s original core business — grew sales volume 11% YoY with realizations up 2% YoY, maintaining global leadership and pricing power despite volatile raw-material costs.',TRUE,'verified');
INSERT INTO metric_snapshots (ticker,snapshot_date,metric_key,metric_value,metric_unit,metric_label,metric_note,higher_is_better,status) VALUES ('GRASIM','2026-03-31','pat_growth_pct',33.3,'%','Adjusted PAT Growth (FY26)','Full-year adjusted PAT (attributable to Grasim shareholders, excluding exceptional items) reached ₹5,203 crore. Grasim itself reported a standalone net loss in Q4 due to one-off exceptional items — the strong consolidated number depends heavily on subsidiary performance (UltraTech, Aditya Birla Capital), a nuance worth understanding before reading the headline growth rate as pure operating strength.',TRUE,'verified');
INSERT INTO tech_geo_tags (ticker,label,tag_type,is_active) VALUES ('GRASIM','Holding-company complexity: Grasim''s own standalone results can diverge sharply from the consolidated headline (as this quarter''s standalone loss versus consolidated profit growth shows), making it harder to cleanly attribute value or risk to any single part of the business','risk',TRUE);
INSERT INTO tech_geo_tags (ticker,label,tag_type,is_active) VALUES ('GRASIM','Paints market-share gains (Birla Opus crossing 10% share, +370bps) represent a genuine structural challenge to the paints category''s incumbent leader, still early in a multi-year trajectory toward the company''s own FY28 profitability target','tailwind',TRUE);
INSERT INTO tech_geo_tags (ticker,label,tag_type,is_active) VALUES ('GRASIM','Crude-oil-linked raw material costs affect chemicals and VSF simultaneously — a shared commodity and currency sensitivity across multiple segments at once, not a risk isolated to a single business line','neutral',TRUE);
INSERT INTO bull_bear_cases (ticker,snapshot_date,case_type,case_text,case_order) VALUES ('GRASIM','2026-03-31','bull','Every major segment — cement, paints, chemicals, financial services and VSF — grew and improved profitability in the same quarter, a rare ''everything working at once'' result for a genuinely diversified holding company.',1);
INSERT INTO bull_bear_cases (ticker,snapshot_date,case_type,case_text,case_order) VALUES ('GRASIM','2026-03-31','bull','Birla Opus (paints) grew revenue 19% sequentially and crossed 10% market share (+370bps) — a real, fast challenge to the paints category''s historical incumbent, backed by a specific ₹10,000 crore profitable-revenue target by FY28.',2);
INSERT INTO bull_bear_cases (ticker,snapshot_date,case_type,case_text,case_order) VALUES ('GRASIM','2026-03-31','bull','Aditya Birla Capital''s lending book grew 32% YoY to ₹2.07 lakh crore, and Grasim is committing further capital (₹2,880 crore) to defend its majority stake as ABCL raises equity — the financial-services arm is becoming a large, fast-growing business in its own right.',3);
INSERT INTO bull_bear_cases (ticker,snapshot_date,case_type,case_text,case_order) VALUES ('GRASIM','2026-03-31','bear','Grasim''s own standalone results showed a net loss (₹163.54 crore) in Q4, driven by a chemical-plant impairment and new Labour Code cost impacts — the consolidated profit story leans heavily on subsidiaries, and the parent''s own core businesses had a genuinely rough quarter.',1);
INSERT INTO bull_bear_cases (ticker,snapshot_date,case_type,case_text,case_order) VALUES ('GRASIM','2026-03-31','bear','As a holding company spanning cement, chemicals, textiles, paints and NBFC lending, Grasim bundles businesses with fundamentally different risk profiles into one stock — a regulated-ish industrial cement business sits alongside a credit-risk-bearing financial-services arm, making this a genuinely complex single investment thesis to underwrite.',2);
INSERT INTO bull_bear_cases (ticker,snapshot_date,case_type,case_text,case_order) VALUES ('GRASIM','2026-03-31','bear','Birla Opus (paints), while growing fast, is still loss-making as it scales — management''s own guidance is that losses ''should reduce in FY27,'' meaning the payoff on this multi-year bet is still ahead of investors, not behind them.',3);
INSERT INTO companies (ticker,name,exchange,sector,sub_sector,compare_group,business_core,source_note,moat_note,value_chain_position,value_chain_note) VALUES ('ASIANPAINT','Asian Paints','NSE','Consumer Durables','Paints & Coatings','Consumer Durables','Asian Paints is India''s largest paint company — decorative paints (interior/exterior wall paints) make up roughly 90% of revenue, sold through India''s largest paint dealer network, alongside a smaller industrial coatings business, international operations, and a growing ''Beautiful Homes Store'' push into home décor and renovation services to capture more of a customer''s overall home-improvement spend.','Asian Paints'' own Q4 & FY26 results release, cross-checked against Business Standard, Storyboard18 and Upstox','Decades of brand trust and India''s largest paint dealer/distribution network form a genuine, historically hard-to-replicate reach moat. That moat is being tested for the first time in years by a well-capitalised, Aditya Birla-backed competitor (Birla Opus) with clear ambitions and early, real market-share gains — worth watching whether Asian Paints'' distribution advantage holds up against a rival with comparable group-level financial backing.','Sits at the finished-goods end of the coatings value chain — sources crude-linked raw materials (titanium dioxide, resins, solvents) globally and converts them into branded paint sold through India''s largest paint dealer network, while extending into adjacent home-improvement services (Beautiful Homes Stores) to capture more of a customer''s total renovation spend beyond just the paint can.','Decorative paints (~90% of revenue) means the business is heavily tied to India''s residential real estate and repainting cycle — a slowdown in premium/luxury housing affordability could directly reduce repainting frequency and new-construction demand.');
INSERT INTO metric_snapshots (ticker,snapshot_date,metric_key,metric_value,metric_unit,metric_label,metric_note,higher_is_better,status) VALUES ('ASIANPAINT','2026-03-31','revenue_growth_pct',10.6,'%','Revenue Growth (YoY)','Revenue from operations ₹9,247 crore. Overall coatings business (decorative + industrial) grew value 11% on 12.7% volume growth.',TRUE,'verified');
INSERT INTO metric_snapshots (ticker,snapshot_date,metric_key,metric_value,metric_unit,metric_label,metric_note,higher_is_better,status) VALUES ('ASIANPAINT','2026-03-31','volume_growth_pct',12.4,'%','India Decorative Volume Growth','Value growth in the same segment was 10.2% — volumes actually outpaced value, meaning realizations/mix were roughly flat to slightly down even as demand recovered strongly.',TRUE,'verified');
INSERT INTO metric_snapshots (ticker,snapshot_date,metric_key,metric_value,metric_unit,metric_label,metric_note,higher_is_better,status) VALUES ('ASIANPAINT','2026-03-31','ebitda_margin_pct',19.3,'%','EBITDA Margin','Up sharply from 17.2% a year ago, helped by raw-material deflation (titanium dioxide, crude-linked derivatives) normalising after several quarters of cost pressure — a real tailwind, not just internal cost-cutting.',TRUE,'verified');
INSERT INTO metric_snapshots (ticker,snapshot_date,metric_key,metric_value,metric_unit,metric_label,metric_note,higher_is_better,status) VALUES ('ASIANPAINT','2026-03-31','pat_growth_pct',69.3,'%','PAT Growth (YoY)','Net profit ₹1,172-1,185 crore. Measured against a weak year-ago base that included a ₹183 crore exceptional item — profit before exceptional items grew a more modest, still-solid 33.9% YoY.',TRUE,'verified');
INSERT INTO tech_geo_tags (ticker,label,tag_type,is_active) VALUES ('ASIANPAINT','Birla Opus competitive intensity: Grasim''s paints challenger crossed 10% market share this same quarter and is explicitly flagged by Asian Paints'' own management as a FY27 watch item — the most direct, well-funded competitive threat the category leader has faced in years','risk',TRUE);
INSERT INTO tech_geo_tags (ticker,label,tag_type,is_active) VALUES ('ASIANPAINT','Crude-linked raw material costs (titanium dioxide, monomers) remain a structural, largely uncontrollable margin swing factor — this quarter''s deflation was a tailwind, but the direction can reverse quickly','risk',TRUE);
INSERT INTO tech_geo_tags (ticker,label,tag_type,is_active) VALUES ('ASIANPAINT','Raw material cost normalisation this quarter directly supported margin recovery — if sustained into FY27, it''s a real profitability tailwind independent of any pricing or volume actions the company takes','tailwind',TRUE);
INSERT INTO bull_bear_cases (ticker,snapshot_date,case_type,case_text,case_order) VALUES ('ASIANPAINT','2026-03-31','bull','Genuinely ''all-round'' performance in management''s own words — double-digit volume AND value growth alongside meaningful margin expansion, a rare combination after several quarters where the company had to choose between growth and margin.',1);
INSERT INTO bull_bear_cases (ticker,snapshot_date,case_type,case_text,case_order) VALUES ('ASIANPAINT','2026-03-31','bull','Raw material deflation (titanium dioxide, crude-linked inputs) directly supported the EBITDA margin recovery to 19.3% from 17.2% — a real cost tailwind that, if sustained, supports FY27 profitability independent of pricing actions.',2);
INSERT INTO bull_bear_cases (ticker,snapshot_date,case_type,case_text,case_order) VALUES ('ASIANPAINT','2026-03-31','bull','International operations delivered ''resilient growth with improved profitability despite volatility in select markets'' — geographic diversification cushioning any single-market softness in India.',3);
INSERT INTO bull_bear_cases (ticker,snapshot_date,case_type,case_text,case_order) VALUES ('ASIANPAINT','2026-03-31','bear','The headline 69% profit jump leans partly on a weak year-ago comparison base (a ₹183 crore exceptional item in Q4 FY25) — the cleaner pre-exceptional profit growth of 33.9% YoY is still strong, but meaningfully less dramatic than the headline number.',1);
INSERT INTO bull_bear_cases (ticker,snapshot_date,case_type,case_text,case_order) VALUES ('ASIANPAINT','2026-03-31','bear','Management explicitly named Birla Opus (Grasim''s paints challenger, which crossed 10% market share this same quarter) as a genuine FY27 competitive-intensity risk — Asian Paints faces its first well-capitalised direct challenger in years, not just diffuse regional competition.',2);
INSERT INTO bull_bear_cases (ticker,snapshot_date,case_type,case_text,case_order) VALUES ('ASIANPAINT','2026-03-31','bear','Management''s own outlook flagged the West Asia conflict as contributing to ''near-term uncertainty in demand'' — the same geopolitical volatility hitting cement and steel input costs elsewhere in this dashboard also clouds paint demand visibility.',3);
INSERT INTO companies (ticker,name,exchange,sector,sub_sector,compare_group,business_core,source_note,moat_note,value_chain_position,value_chain_note) VALUES ('TITAN','Titan Company','NSE','Consumer Durables','Jewellery & Watches','Consumer Durables','Titan Company (a Tata Group and Tamil Nadu government JV) is India''s largest organized jewellery retailer, with jewellery brands Tanishq, Mia, Zoya and CaratLane now contributing roughly 85% of revenue, alongside a watches business (Titan, Sonata, Fastrack) and a newly acquired international jewellery platform (Damas, GCC region). Because a large share of jewellery revenue is effectively the pass-through value of the gold itself, headline revenue growth can be heavily inflated by rising gold prices and bullion-related sales — buyer growth, like-for-like sales and consumer (secondary) sales are the more meaningful signals of real underlying demand.','Titan''s own Q4 FY26 business update and results release, cross-checked against Free Press Journal, TipRanks, Multibagg.ai and Investing.com coverage','Decades of brand trust — Tanishq is the dominant organized-jewellery brand in a market historically fragmented across small local jewellers who don''t offer the same purity/certification assurance — combined with India''s largest owned jewellery retail network form a genuine, hard-to-replicate moat, reinforced by a multi-brand segmentation strategy that captures different customer cohorts under one corporate roof.','Sits at the retail end of the jewellery and watch value chains — designing and selling finished products through its own large owned/franchised store network (3,603 stores across 440+ towns) rather than manufacturing at scale itself, giving strong brand and distribution control but real, largely unhedged exposure to gold and diamond price volatility.','The multi-brand strategy (Tanishq for mass-premium, Mia for younger urban women, Zoya for ultra-luxury, CaratLane for digital-first buyers) captures different customer segments under one corporate umbrella — a deliberate segmentation few single-brand jewellers can replicate.');
INSERT INTO metric_snapshots (ticker,snapshot_date,metric_key,metric_value,metric_unit,metric_label,metric_note,higher_is_better,status) VALUES ('TITAN','2026-03-31','revenue_growth_pct',80.48,'%','Reported Revenue Growth (YoY)','Consolidated revenue from operations ₹26,920 crore. This headline figure is significantly inflated by rising gold prices and bullion-related sales, which carry much thinner margins than core jewellery retail — see the consumer-sales figure below for a cleaner demand read.',TRUE,'verified');
INSERT INTO metric_snapshots (ticker,snapshot_date,metric_key,metric_value,metric_unit,metric_label,metric_note,higher_is_better,status) VALUES ('TITAN','2026-03-31','volume_growth_pct',52,'%','Consumer (Secondary) Sales Growth','The cleaner underlying-demand signal: actual end-customer sales through Tanishq and Mia, up 52% YoY. Buyer count itself grew high-single-digits — a genuine recovery after three nearly-flat quarters — with higher average ticket sizes doing the rest of the work.',TRUE,'verified');
INSERT INTO metric_snapshots (ticker,snapshot_date,metric_key,metric_value,metric_unit,metric_label,metric_note,higher_is_better,status) VALUES ('TITAN','2026-03-31','pat_growth_pct',35.36,'%','PAT Growth (YoY)','Consolidated PAT ₹1,179 crore — down 30% sequentially from Q3''s ₹1,684 crore (Q3 typically benefits from wedding/festive-season timing). Notably, gold coin sales (an investment product, not core jewellery demand) ''nearly tripled'' YoY — a category mix shift worth separating from genuine jewellery retail strength.',TRUE,'verified');
INSERT INTO metric_snapshots (ticker,snapshot_date,metric_key,metric_value,metric_unit,metric_label,metric_note,higher_is_better,status) VALUES ('TITAN','2026-03-31','international_revenue_growth_pct',156,'%','International Revenue Growth (YoY)','Driven substantially by the newly acquired Damas Jewellery (67% stake, GCC region) rather than pure organic international expansion — a real but largely inorganic growth driver this quarter.',TRUE,'verified');
INSERT INTO tech_geo_tags (ticker,label,tag_type,is_active) VALUES ('TITAN','Gold price volatility cuts both ways: it inflates headline reported revenue (as this quarter shows) while also being a genuine demand risk if prices rise faster than consumer incomes can absorb — a two-sided exposure specific to jewellery retail that plain-goods retailers don''t share','risk',TRUE);
INSERT INTO tech_geo_tags (ticker,label,tag_type,is_active) VALUES ('TITAN','Smart watch category decline (-53% YoY) signals real competitive pressure in wearables even as the broader watches business (analog) stays healthy — a segment-specific, not company-wide, headwind','risk',TRUE);
INSERT INTO tech_geo_tags (ticker,label,tag_type,is_active) VALUES ('TITAN','International expansion via the Damas acquisition gives Titan a credible new growth vector and diversifies geographic concentration risk beyond India for the first time at meaningful scale','tailwind',TRUE);
INSERT INTO bull_bear_cases (ticker,snapshot_date,case_type,case_text,case_order) VALUES ('TITAN','2026-03-31','bull','Buyer growth recovered to high-single-digits in Q4 after being nearly flat for three straight quarters — genuine demand recovery, corroborated by like-for-like growth across retail formats of roughly 48% YoY, not just gold-price-driven value inflation.',1);
INSERT INTO bull_bear_cases (ticker,snapshot_date,case_type,case_text,case_order) VALUES ('TITAN','2026-03-31','bull','Consumer (secondary) sales — the cleanest read on real end-customer demand — grew 52% YoY, with both flagship brand Tanishq and youth-focused Mia posting robust growth, evidence of broad-based brand strength rather than a single-format fluke.',2);
INSERT INTO bull_bear_cases (ticker,snapshot_date,case_type,case_text,case_order) VALUES ('TITAN','2026-03-31','bull','The Damas acquisition gives Titan a genuine platform to scale jewellery retail internationally beyond India for the first time at real scale, diversifying a historically India-concentrated growth base.',3);
INSERT INTO bull_bear_cases (ticker,snapshot_date,case_type,case_text,case_order) VALUES ('TITAN','2026-03-31','bear','The headline 80%+ reported revenue growth is significantly inflated by rising gold prices and bullion-related sales that carry much thinner margins than core jewellery retail — reading only the top-line number risks overstating the real growth in Titan''s profitable core business.',1);
INSERT INTO bull_bear_cases (ticker,snapshot_date,case_type,case_text,case_order) VALUES ('TITAN','2026-03-31','bear','PAT grew a much more modest 35% YoY and fell 30% sequentially — profitability growth lagged reported revenue growth by a wide margin, consistent with the bullion-distortion point above.',2);
INSERT INTO bull_bear_cases (ticker,snapshot_date,case_type,case_text,case_order) VALUES ('TITAN','2026-03-31','bear','The smart watch segment declined a sharp 53% YoY within Watches & Wearables — a real competitive/category headwind, even as analog watches (Titan, Sonata) grew a healthy 16% on premiumisation trends.',3);
INSERT INTO companies (ticker,name,exchange,sector,sub_sector,compare_group,business_core,source_note,moat_note,value_chain_position,value_chain_note) VALUES ('SBILIFE','SBI Life Insurance','NSE','Insurance','Life Insurance','Insurance','SBI Life is India''s largest private life insurer, a joint venture between State Bank of India and France''s BNP Paribas Cardif, selling protection (term), savings, pension and ULIP policies mainly through SBI''s 29,000+ bank branches (bancassurance). Insurance economics aren''t measured like a normal product business &mdash; the key metrics are APE (Annualized Premium Equivalent, a standardized new-business volume measure), VNB margin (how profitable that new business is expected to be over its life), and Embedded Value (the actuarial estimate of the company''s total intrinsic worth).','SBI Life''s own FY26 results, cross-checked against ICICI Direct Research, Business Standard and Univest coverage','An unmatched, genuinely difficult-to-replicate bancassurance distribution relationship with India''s largest bank (SBI, 29,000+ branches) is the core moat. It''s a moat SBI Life doesn''t fully own or control, though — it depends on a continued preferential distribution arrangement rather than owned physical infrastructure, making it more fragile to regulatory change (like a mandated open-architecture shift) than a moat built on hard assets would be.','Sits at the underwriting/manufacturing end of the insurance value chain — designs policies and bears the actuarial and investment risk — while distribution is overwhelmingly outsourced to SBI''s branch network rather than built on the company''s own owned infrastructure, a genuine cost advantage but also a real dependency.','Analysts explicitly flag a possible regulatory mandate for ''open architecture'' bank distribution (letting SBI branches sell multiple insurers'' products rather than favouring SBI Life) as a structural risk to the core bancassurance moat — a policy risk, not a hypothetical one, currently under industry discussion.');
INSERT INTO metric_snapshots (ticker,snapshot_date,metric_key,metric_value,metric_unit,metric_label,metric_note,higher_is_better,status) VALUES ('SBILIFE','2026-03-31','ape_growth_pct',13.4,'%','APE Growth (FY26)','Full-year Annualized Premium Equivalent ₹24,270 crore. Q4 alone decelerated sharply to just 5.5% YoY (₹5,750 crore) — the specific quarter was notably softer than the full-year pace.',TRUE,'verified');
INSERT INTO metric_snapshots (ticker,snapshot_date,metric_key,metric_value,metric_unit,metric_label,metric_note,higher_is_better,status) VALUES ('SBILIFE','2026-03-31','vnb_margin_pct',27.5,'%','VNB Margin (FY26)','At the upper end of the guided 26-28% range, down slightly from 27.8% in FY25 due to GST-related input tax credit losses. Excluding that GST impact, underlying margin would have been closer to 29%.',TRUE,'verified');
INSERT INTO metric_snapshots (ticker,snapshot_date,metric_key,metric_value,metric_unit,metric_label,metric_note,higher_is_better,status) VALUES ('SBILIFE','2026-03-31','embedded_value_growth_pct',15,'%','Embedded Value Growth (FY26)','EV reached ₹80,790 crore — real, compounding value creation on top of new-business volume growth, not just a topline story.',TRUE,'verified');
INSERT INTO metric_snapshots (ticker,snapshot_date,metric_key,metric_value,metric_unit,metric_label,metric_note,higher_is_better,status) VALUES ('SBILIFE','2026-03-31','roev_pct',19.7,'%','Return on Embedded Value','A strong operating return, reflecting efficient conversion of new business and in-force policies into actual value growth.',TRUE,'verified');
INSERT INTO tech_geo_tags (ticker,label,tag_type,is_active) VALUES ('SBILIFE','GST/input-tax-credit changes are a real, current, sector-wide margin headwind on new-business profitability — VNB margin compression this year reflects an industry-wide regulatory shift, not company-specific execution issues','risk',TRUE);
INSERT INTO tech_geo_tags (ticker,label,tag_type,is_active) VALUES ('SBILIFE','Open-architecture distribution risk: a potential regulatory mandate requiring SBI branches to sell multiple insurers'' products (not favour SBI Life) is a structural threat explicitly flagged by analysts to the core bancassurance moat','risk',TRUE);
INSERT INTO tech_geo_tags (ticker,label,tag_type,is_active) VALUES ('SBILIFE','September 2025 GST reform removing 18% GST on individual life/ULIP/health policies is a genuine demand-side tailwind for the whole industry, with the full benefit still working through the order book into FY27','tailwind',TRUE);
INSERT INTO bull_bear_cases (ticker,snapshot_date,case_type,case_text,case_order) VALUES ('SBILIFE','2026-03-31','bull','New Business Premium grew a strong 20% YoY for the full year, broad-based across group savings (+55%), annuity (+34%) and par (+123%) — genuine diversification beyond the historically ULIP-heavy product mix (ULIPs were up just 2%).',1);
INSERT INTO bull_bear_cases (ticker,snapshot_date,case_type,case_text,case_order) VALUES ('SBILIFE','2026-03-31','bull','Embedded Value grew 15% YoY to ₹80,790 crore with a strong 19.7% Return on Embedded Value — real, compounding value creation, not merely premium volume growth.',2);
INSERT INTO bull_bear_cases (ticker,snapshot_date,case_type,case_text,case_order) VALUES ('SBILIFE','2026-03-31','bull','An unmatched bancassurance distribution moat via SBI''s 29,000+ branch network, contributing roughly 60% of APE — a structural advantage no purely private-sector insurer can replicate at this scale.',3);
INSERT INTO bull_bear_cases (ticker,snapshot_date,case_type,case_text,case_order) VALUES ('SBILIFE','2026-03-31','bear','VNB margin compressed from 30.6% to 28.35% in Q4 specifically, driven by GST-related input tax credit losses — a real, current, sector-wide profitability headwind on new business, even as absolute VNB still grew modestly for the full year.',1);
INSERT INTO bull_bear_cases (ticker,snapshot_date,case_type,case_text,case_order) VALUES ('SBILIFE','2026-03-31','bear','Q4 PAT declined marginally (~1%) and Q4 APE growth slowed sharply to just 5.5% YoY versus the 13.4% full-year pace — this specific quarter showed real deceleration, not a continuation of earlier momentum.',2);
INSERT INTO bull_bear_cases (ticker,snapshot_date,case_type,case_text,case_order) VALUES ('SBILIFE','2026-03-31','bear','AUM actually fell 4.8% quarter-on-quarter in Q4 due to equity and debt market pressure — a reminder that a meaningful share of SBI Life''s asset base (and future fee income, via ULIPs) is market-linked and directly exposed to market downturns.',3);
INSERT INTO companies (ticker,name,exchange,sector,sub_sector,compare_group,business_core,source_note,moat_note,value_chain_position,value_chain_note) VALUES ('HDFCLIFE','HDFC Life Insurance','NSE','Insurance','Life Insurance','Insurance','HDFC Life (part of the HDFC Bank group) is one of India''s largest private life insurers, selling protection, savings, pension, ULIP and annuity products through a genuinely diversified mix of bancassurance, agency and digital/direct channels &mdash; a less single-bank-concentrated distribution model than SBI Life''s SBI-branch-led approach. Like all life insurers, economics are driven by APE (new-business volume), VNB margin (profitability of that new business), and Embedded Value (the actuarial measure of total company worth).','HDFC Life''s own FY26 press release (hdfclife.com) and ICICI Direct Research 9M FY26 result update, cross-checked against APAC Media News coverage','HDFC Bank''s brand and distribution reach, combined with a genuinely diversified multi-channel distribution strategy and a long-standing reputation for claims-servicing quality (99.8% settlement ratio), form a real trust-and-distribution moat. It''s a moat that protects market position more than it currently insulates near-term profitability or growth pace — both are visibly trailing SBI Life''s on the metrics available this year.','Sits at the underwriting/manufacturing end of the insurance value chain — designing and pricing policies and bearing actuarial/investment risk — with distribution spread across bancassurance (HDFC Bank), agency and digital/direct channels rather than concentrated in one dominant bank relationship, a structurally more diversified model than SBI Life''s.','That channel diversification is a double-edged trait: less single-point dependency risk than SBI Life, but also no single channel gives HDFC Life quite the same overwhelming distribution scale advantage SBI Life gets from SBI''s branch network.');
INSERT INTO metric_snapshots (ticker,snapshot_date,metric_key,metric_value,metric_unit,metric_label,metric_note,higher_is_better,status) VALUES ('HDFCLIFE','2026-03-31','ape_growth_pct',8,'%','APE Growth (FY26)','A two-year CAGR of 12%, but the FY26 single-year pace of 8% is meaningfully slower than peers like SBI Life''s ~13-14% — new-business volume momentum lags the sector''s strongest players right now.',TRUE,'verified');
INSERT INTO metric_snapshots (ticker,snapshot_date,metric_key,metric_value,metric_unit,metric_label,metric_note,higher_is_better,status) VALUES ('HDFCLIFE','2026-03-31','vnb_margin_pct',24.2,'%','VNB Margin (FY26)','A real decline versus prior levels, driven by GST changes and new surrender regulations. Excluding those impacts, management says margin would have held flat at 25.5% — genuine regulatory headwind, not pure execution slippage.',TRUE,'verified');
INSERT INTO metric_snapshots (ticker,snapshot_date,metric_key,metric_value,metric_unit,metric_label,metric_note,higher_is_better,status) VALUES ('HDFCLIFE','2026-03-31','embedded_value_growth_pct',15.6,'%','Embedded Value Growth (9M FY26)','Indian Embedded Value reached ₹61,565 crore as of 9M FY26 (most recent disclosed figure), up from ₹53,246 crore a year earlier.',TRUE,'verified');
INSERT INTO metric_snapshots (ticker,snapshot_date,metric_key,metric_value,metric_unit,metric_label,metric_note,higher_is_better,status) VALUES ('HDFCLIFE','2026-03-31','roev_pct',15.6,'%','Operating Return on EV (9M FY26)','A solid, if not exceptional, operating return — notably below SBI Life''s 19.7% full-year RoEV, worth reading alongside the slower APE growth this year.',TRUE,'verified');
INSERT INTO tech_geo_tags (ticker,label,tag_type,is_active) VALUES ('HDFCLIFE','GST and new surrender-regulation changes are a real, current, quantified margin headwind on new-business profitability, consistent with the sector-wide pressure also visible at SBI Life','risk',TRUE);
INSERT INTO tech_geo_tags (ticker,label,tag_type,is_active) VALUES ('HDFCLIFE','Retail protection mix expansion (nearly 200bps YoY) is a genuine, deliberate shift toward higher-quality, more durable, typically higher-margin business — a real strategic improvement, not just a marketing talking point','tailwind',TRUE);
INSERT INTO tech_geo_tags (ticker,label,tag_type,is_active) VALUES ('HDFCLIFE','Multi-channel distribution (bancassurance + agency + digital) reduces single-partner concentration risk relative to SBI Life''s SBI-branch dependency, at the cost of not having quite the same scale advantage in any one channel','neutral',TRUE);
INSERT INTO bull_bear_cases (ticker,snapshot_date,case_type,case_text,case_order) VALUES ('HDFCLIFE','2026-03-31','bull','Retail protection — the highest-quality, most profitable product category — grew a strong 46% in Q4 (43% for FY26), with its share of the overall mix expanding nearly 200bps YoY, a genuine, deliberate shift toward better-quality, longer-duration business.',1);
INSERT INTO bull_bear_cases (ticker,snapshot_date,case_type,case_text,case_order) VALUES ('HDFCLIFE','2026-03-31','bull','Excluding the one-off impact of GST changes and new surrender regulations, VNB margin would have held flat at 25.5% and VNB growth would have tracked APE closely — the underlying business, stripped of regulatory noise, is performing roughly to plan.',2);
INSERT INTO bull_bear_cases (ticker,snapshot_date,case_type,case_text,case_order) VALUES ('HDFCLIFE','2026-03-31','bull','AUM grew 12% YoY to ₹3.75 lakh crore alongside a 99.8% claim settlement ratio — steady asset growth paired with genuinely excellent claims-servicing quality, a real trust signal for a business built on long-duration promises.',3);
INSERT INTO bull_bear_cases (ticker,snapshot_date,case_type,case_text,case_order) VALUES ('HDFCLIFE','2026-03-31','bear','Headline VNB margin fell to 24.2% for FY26 — a real decline, and even management''s own ''excluding GST/surrender impact'' framing concedes underlying profitability on new business is under genuine pressure this year, not just a presentation artefact.',1);
INSERT INTO bull_bear_cases (ticker,snapshot_date,case_type,case_text,case_order) VALUES ('HDFCLIFE','2026-03-31','bear','APE growth of just 8% YoY for FY26 is meaningfully slower than the ~13-14% pace SBI Life delivered over the same period — HDFC Life''s new-business volume momentum currently lags the sector''s strongest player on this dashboard.',2);
INSERT INTO bull_bear_cases (ticker,snapshot_date,case_type,case_text,case_order) VALUES ('HDFCLIFE','2026-03-31','bear','Q4 net profit grew just 4% YoY off an already modest base, and operating RoEV (15.6%) sits well below SBI Life''s 19.7% — the near-term earnings and value-creation story here reads as steady rather than fast-compounding.',3);
INSERT INTO companies (ticker,name,exchange,sector,sub_sector,compare_group,business_core,source_note,moat_note,value_chain_position,value_chain_note) VALUES ('HCLTECH','HCLTech','NSE','IT Services','IT - Large Cap','IT','HCLTech is India''s third-largest IT services company, providing software development, IT consulting, engineering R&amp;D services and enterprise software (HCLSoftware) to global clients on the same time-and-materials/project-fee billing model as larger peers TCS and Infosys, with an increasing push into AI-led service offerings as the industry-wide staffing-pyramid growth model faces structural pressure.','HCLTech''s own Q4 & FY26 investor release (hcltech.com), cross-checked against AlphaSpread earnings-call summary and IndMoney coverage','Scale, decades of enterprise relationships, and a differentiated mix (Engineering & R&D Services plus HCLSoftware, which most peers lack at similar scale) provide some diversification beyond the pure staffing-pyramid model. HCLTech faces the identical AI-transition question as TCS and Infosys — whether scale remains an advantage or becomes a cost disadvantage as AI compresses the economics the industry''s pricing model was built around — and this quarter''s soft constant-currency growth doesn''t yet answer that question either way.','A downstream IT service provider like TCS and Infosys, with no physical raw-material chain — competes on delivery quality, cost, and increasingly AI-augmented productivity within client-defined project scope, differentiated by a larger relative weighting toward Engineering & R&D Services (the fastest-growing segment, +9.8% YoY in CC) and its own enterprise software business (HCLSoftware), which most Indian IT peers lack at comparable scale.','HCLSoftware''s annual recurring revenue actually declined slightly (-0.5% CC) this year and fell sharply in Q4 on seasonality and delayed client decisions — the software diversification arm is not currently a growth engine, worth watching rather than assuming as a given strength.');
INSERT INTO metric_snapshots (ticker,snapshot_date,metric_key,metric_value,metric_unit,metric_label,metric_note,higher_is_better,status) VALUES ('HCLTECH','2026-03-31','revenue_growth_pct',12.3,'%','Revenue Growth (YoY)','Reported INR terms. Constant-currency revenue grew just 2.4% YoY and actually fell 3.3% sequentially — the gap is currency translation, echoing the same pattern seen at TCS and Infosys.',TRUE,'verified');
INSERT INTO metric_snapshots (ticker,snapshot_date,metric_key,metric_value,metric_unit,metric_label,metric_note,higher_is_better,status) VALUES ('HCLTECH','2026-03-31','operating_margin_pct',17.2,'%','EBIT Margin (FY26)','17.9% excluding a one-time ₹956 crore New Labour Code cost impact. Within FY26''s guided range, but FY27 guidance of 17.5-18.5% still implies only modest further improvement.',TRUE,'verified');
INSERT INTO metric_snapshots (ticker,snapshot_date,metric_key,metric_value,metric_unit,metric_label,metric_note,higher_is_better,status) VALUES ('HCLTECH','2026-03-31','attrition_pct',12.5,'%','Attrition (LTM)','Down from 13.0% a year ago — continued workforce stabilisation across the sector.',FALSE,'verified');
INSERT INTO metric_snapshots (ticker,snapshot_date,metric_key,metric_value,metric_unit,metric_label,metric_note,higher_is_better,status) VALUES ('HCLTECH','2026-03-31','deal_tcv_usd_bn',1.93,'$bn','Deal TCV (Quarter)','Moderated after two stronger quarters. Full-year TCV was $9.3 billion, flat YoY — management says AI-related deal-value deflation is a real, current factor, not just softer demand.',TRUE,'verified');
INSERT INTO metric_snapshots (ticker,snapshot_date,metric_key,metric_value,metric_unit,metric_label,metric_note,higher_is_better,status) VALUES ('HCLTECH','2026-03-31','roce_pct',NULL,'%','ROCE','Not separately headlined by HCLTech in its own Q4 disclosures — shown as — rather than estimated.',TRUE,'verified');
INSERT INTO metric_snapshots (ticker,snapshot_date,metric_key,metric_value,metric_unit,metric_label,metric_note,higher_is_better,status) VALUES ('HCLTECH','2026-03-31','ai_revenue_growth_pct',620,'$m','Advanced AI Revenue (Annualized)','Crossed $620 million annualized in Q4 — a newly disclosed, fast-emerging line, though reported as an absolute level here rather than a growth rate since HCLTech doesn''t yet break out a comparable prior-period figure the way TCS does.',TRUE,'verified');
INSERT INTO tech_geo_tags (ticker,label,tag_type,is_active) VALUES ('HCLTECH','AI/automation exposure: constant-currency growth of just 2.4% YoY, missing Q4 expectations specifically on lower discretionary telecom spend and the end of two SAP programs, is live evidence of the same structural staffing-pyramid pricing pressure flagged across the sector','risk',TRUE);
INSERT INTO tech_geo_tags (ticker,label,tag_type,is_active) VALUES ('HCLTECH','AI/automation exposure: also a measurable tailwind — Advanced AI revenue crossing $620 million annualized is a genuine, fast-emerging new line, echoing the trend TCS discloses in more detail','tailwind',TRUE);
INSERT INTO tech_geo_tags (ticker,label,tag_type,is_active) VALUES ('HCLTECH','Currency exposure: the large gap between reported INR growth (12.3%) and constant-currency growth (2.4%) means a weaker rupee is flattering headline numbers even as underlying dollar-denominated demand is much softer','neutral',TRUE);
INSERT INTO bull_bear_cases (ticker,snapshot_date,case_type,case_text,case_order) VALUES ('HCLTECH','2026-03-31','bull','FY26 constant-currency revenue growth of 3.9% came in even amid what management itself called ''an uncertain demand environment'' — modest but genuine execution against a tough industry-wide backdrop.',1);
INSERT INTO bull_bear_cases (ticker,snapshot_date,case_type,case_text,case_order) VALUES ('HCLTECH','2026-03-31','bull','Advanced AI revenue crossed $620 million annualized in Q4 — a newly and explicitly disclosed growth line, evidence the AI-services pivot is becoming a real, trackable part of the business.',2);
INSERT INTO bull_bear_cases (ticker,snapshot_date,case_type,case_text,case_order) VALUES ('HCLTECH','2026-03-31','bull','A highly shareholder-friendly capital allocation policy — 97.6% of FY26 net income returned via dividends (₹60/share for the year), with the board extending a 5-year commitment to return at least 75% of net income to shareholders.',3);
INSERT INTO bull_bear_cases (ticker,snapshot_date,case_type,case_text,case_order) VALUES ('HCLTECH','2026-03-31','bear','Constant-currency revenue grew just 2.4% YoY in Q4 and fell 3.3% sequentially — the market punished this with a roughly 10% stock decline on results day, reading it as evidence of real, current demand softness in telecom and the end of two SAP programs, not just noise.',1);
INSERT INTO bull_bear_cases (ticker,snapshot_date,case_type,case_text,case_order) VALUES ('HCLTECH','2026-03-31','bear','FY26 net income was roughly flat YoY despite 11.2% revenue growth — margin compression (partly from the Labour Code cost impact) absorbed essentially all of the topline growth at the bottom line.',2);
INSERT INTO bull_bear_cases (ticker,snapshot_date,case_type,case_text,case_order) VALUES ('HCLTECH','2026-03-31','bear','FY27 guidance of just 1.0-4.0% constant-currency revenue growth signals management itself expects continued near-term softness, not confident acceleration.',3);
INSERT INTO companies (ticker,name,exchange,sector,sub_sector,compare_group,business_core,source_note,moat_note,value_chain_position,value_chain_note) VALUES ('TECHM','Tech Mahindra','NSE','IT Services','IT - Mid Cap','IT','Tech Mahindra (Mahindra Group) is a mid-sized Indian IT services company, historically concentrated in telecom-vertical clients but now deliberately diversifying across manufacturing, BFSI and healthcare. It''s currently in the middle of a multi-year margin-recovery turnaround after several years of underperforming larger peers (TCS, Infosys, HCLTech) on profitability.','Tech Mahindra''s own Q4 & FY26 results, cross-checked against ICICI Direct Research, Sahi.com and Whalesbook coverage','Historically built around deep telecom-sector domain expertise — a moat that weakened as telecom IT spending growth slowed industry-wide. The current turnaround strategy (cost discipline, vertical diversification, AI-led deal positioning) is rebuilding competitiveness from a genuine position of prior underperformance versus peers, not extending an already-dominant position the way TCS''s scale moat does.','The same downstream IT-services value-chain position as its larger peers, historically differentiated (and concentrated) by deep telecom-vertical specialization inherited from its origins — now deliberately diversifying into manufacturing, BFSI and healthcare as telecom-sector IT spending growth has structurally slowed industry-wide.','Manufacturing grew 11.8% YoY this quarter, part of a broad-based diversification push away from historical telecom concentration — a deliberate de-risking strategy still mid-execution, not yet complete.');
INSERT INTO metric_snapshots (ticker,snapshot_date,metric_key,metric_value,metric_unit,metric_label,metric_note,higher_is_better,status) VALUES ('TECHM','2026-03-31','revenue_growth_pct',12.6,'%','Revenue Growth (YoY)','Reported INR terms. Constant-currency growth was a much softer 2.4% YoY — a rupee tailwind is doing a lot of the work in the headline number, similar to every other IT company on this dashboard.',TRUE,'verified');
INSERT INTO metric_snapshots (ticker,snapshot_date,metric_key,metric_value,metric_unit,metric_label,metric_note,higher_is_better,status) VALUES ('TECHM','2026-03-31','operating_margin_pct',13.8,'%','EBIT Margin','Up 330bps YoY — the tenth consecutive quarter of margin expansion, per the CFO''s own comments. Still the lowest EBIT margin among the four IT companies tracked here, with a company-set FY27 target of ~15%.',TRUE,'verified');
INSERT INTO metric_snapshots (ticker,snapshot_date,metric_key,metric_value,metric_unit,metric_label,metric_note,higher_is_better,status) VALUES ('TECHM','2026-03-31','attrition_pct',12.1,'%','Attrition (LTM)','Down ~20bps QoQ — the lowest attrition rate among the four IT companies tracked here.',FALSE,'verified');
INSERT INTO metric_snapshots (ticker,snapshot_date,metric_key,metric_value,metric_unit,metric_label,metric_note,higher_is_better,status) VALUES ('TECHM','2026-03-31','deal_tcv_usd_bn',1.073,'$bn','Deal TCV (Quarter)','Up 34.5% YoY, including two mega deals and a five-year strategic partnership with Orange Business. Full-year TCV of $3.79bn (+41.6% YoY) was the highest in five years.',TRUE,'verified');
INSERT INTO metric_snapshots (ticker,snapshot_date,metric_key,metric_value,metric_unit,metric_label,metric_note,higher_is_better,status) VALUES ('TECHM','2026-03-31','roce_pct',NULL,'%','ROCE','Not separately headlined in Q4 disclosures — shown as — rather than estimated.',TRUE,'verified');
INSERT INTO tech_geo_tags (ticker,label,tag_type,is_active) VALUES ('TECHM','AI automation could reduce traditional IT services revenue by an estimated 2-3% annually industry-wide as efficiency gains lower pricing — the same structural risk facing every IT peer here, arguably more acute for a smaller player still mid-turnaround','risk',TRUE);
INSERT INTO tech_geo_tags (ticker,label,tag_type,is_active) VALUES ('TECHM','Ten consecutive quarters of margin expansion is a genuinely rare, sustained execution track record that, if it continues, closes the profitability gap with larger peers over time','tailwind',TRUE);
INSERT INTO tech_geo_tags (ticker,label,tag_type,is_active) VALUES ('TECHM','Historical telecom-client concentration is actively being diversified (broad-based growth across Manufacturing, BFSI, healthcare) — a deliberate de-risking still in progress, not a completed transition','neutral',TRUE);
INSERT INTO bull_bear_cases (ticker,snapshot_date,case_type,case_text,case_order) VALUES ('TECHM','2026-03-31','bull','EBIT margin expanded for a tenth consecutive quarter to 13.8% — a genuinely sustained, multi-year turnaround, not a one-quarter blip, explicitly called out by the CFO.',1);
INSERT INTO bull_bear_cases (ticker,snapshot_date,case_type,case_text,case_order) VALUES ('TECHM','2026-03-31','bull','Full-year deal TCV of $3.79 billion (+41.6% YoY) was the highest in five years, while revenue concentration in the top 5 clients actually declined from 15.5% to 14.9% — real diversification alongside real demand momentum, not growing dependency on a few large accounts.',2);
INSERT INTO bull_bear_cases (ticker,snapshot_date,case_type,case_text,case_order) VALUES ('TECHM','2026-03-31','bull','Free cash flow reached 115% of reported PAT for FY26 — genuinely strong cash conversion, evidence the earnings recovery isn''t relying on accounting flexibility.',3);
INSERT INTO bull_bear_cases (ticker,snapshot_date,case_type,case_text,case_order) VALUES ('TECHM','2026-03-31','bear','Q4 net profit of ₹1,354 crore missed analyst estimates by roughly 10%, and the constant-currency growth (just 2.4% YoY) driving the ''recovery'' narrative depends partly on a rupee tailwind that independent analysts note ''will not be infinite.''',1);
INSERT INTO bull_bear_cases (ticker,snapshot_date,case_type,case_text,case_order) VALUES ('TECHM','2026-03-31','bear','Even after ten quarters of improvement, the 13.8% EBIT margin remains the lowest among the four IT companies on this dashboard — reaching the FY27 target of ~15% requires continued, uninterrupted execution with limited room for error.',2);
INSERT INTO bull_bear_cases (ticker,snapshot_date,case_type,case_text,case_order) VALUES ('TECHM','2026-03-31','bear','The stock''s P/E (around 32x) sits at a significant premium to larger, more profitable peers (Infosys ~18-19x, Wipro ~16x, HCLTech ~23x) and 61% above its own 10-year median — the market has already priced in much of the turnaround succeeding, leaving less room for disappointment.',3);
INSERT INTO companies (ticker,name,exchange,sector,sub_sector,compare_group,business_core,source_note,moat_note,value_chain_position,value_chain_note) VALUES ('WIPRO','Wipro','NSE','IT Services','IT - Large Cap','IT','Wipro is India''s fourth-largest IT services company, providing software development, consulting and outsourced technology operations to global enterprise clients on the same billing model as larger peers TCS, Infosys and HCLTech. Growth momentum has lagged those larger peers for several years, and the company is currently emphasizing cost discipline and shareholder capital returns (its first buyback in three years) over aggressive growth reinvestment.','Wipro''s own Q4 & FY26 results release (wipro.com), cross-checked against MarketsMojo and Outlook Business coverage','Scale and decades of enterprise relationships provide some baseline moat, but Wipro''s multi-year growth underperformance relative to TCS, Infosys and HCLTech suggests its competitive position within the traditional staffing-pyramid IT services model has eroded more than peers''. The current strategic response — cost discipline plus capital returns — is a defensible reaction to that weaker position, not evidence the underlying moat has itself strengthened.','The same downstream IT-services value-chain position as TCS, Infosys and HCLTech — no physical raw-material chain, competing on delivery cost, quality and increasingly AI-augmented productivity within client-defined project scope — though Wipro currently occupies a distinctly weaker growth position within that peer group.','The shift toward cost discipline and shareholder returns (buyback plus dividends) over aggressive reinvestment is a reasonable response to that weaker growth position, but also a tacit signal that management sees limited near-term high-return growth opportunities to deploy capital into instead.');
INSERT INTO metric_snapshots (ticker,snapshot_date,metric_key,metric_value,metric_unit,metric_label,metric_note,higher_is_better,status) VALUES ('WIPRO','2026-03-31','revenue_growth_pct',7.7,'%','Revenue Growth (YoY)','Reported INR terms (gross revenue ₹242.4bn). Independent analysis flagged an organic constant-currency decline of roughly 1.3% QoQ — the reported growth leans heavily on currency translation.',TRUE,'verified');
INSERT INTO metric_snapshots (ticker,snapshot_date,metric_key,metric_value,metric_unit,metric_label,metric_note,higher_is_better,status) VALUES ('WIPRO','2026-03-31','operating_margin_pct',17.3,'%','IT Services Operating Margin','Down slightly from 17.6% QoQ (Q3 was 18.24% on an adjacent ''excluding other income'' basis) but broadly stable YoY — margin discipline holding even as revenue growth stays weak.',TRUE,'verified');
INSERT INTO metric_snapshots (ticker,snapshot_date,metric_key,metric_value,metric_unit,metric_label,metric_note,higher_is_better,status) VALUES ('WIPRO','2026-03-31','attrition_pct',13.8,'%','Attrition (LTM)','The highest attrition rate among the four IT companies tracked on this dashboard.',FALSE,'verified');
INSERT INTO metric_snapshots (ticker,snapshot_date,metric_key,metric_value,metric_unit,metric_label,metric_note,higher_is_better,status) VALUES ('WIPRO','2026-03-31','deal_tcv_usd_bn',3.5,'$bn','Deal TCV (Quarter)','Total bookings, up 3.2% QoQ in constant currency. Large deal bookings alone surged 65.1% QoQ to $1.44bn — a genuinely strong forward-order-book signal, if it converts to billed revenue.',TRUE,'verified');
INSERT INTO metric_snapshots (ticker,snapshot_date,metric_key,metric_value,metric_unit,metric_label,metric_note,higher_is_better,status) VALUES ('WIPRO','2026-03-31','roce_pct',NULL,'%','ROCE','Not separately headlined in Q4 disclosures — shown as — rather than estimated.',TRUE,'verified');
INSERT INTO tech_geo_tags (ticker,label,tag_type,is_active) VALUES ('WIPRO','AI/automation exposure and weak organic/constant-currency growth (roughly -1.3% QoQ) are the clearest, most current evidence among the IT peers tracked here of structural staffing-pyramid pricing pressure','risk',TRUE);
INSERT INTO tech_geo_tags (ticker,label,tag_type,is_active) VALUES ('WIPRO','Strong large-deal bookings growth (+45.4% YoY) provides a real, if not-yet-converted, source of potential future revenue recovery — worth watching whether Q4''s momentum shows up in billed revenue over the next few quarters','tailwind',TRUE);
INSERT INTO tech_geo_tags (ticker,label,tag_type,is_active) VALUES ('WIPRO','The ₹15,000 crore buyback signals management sees better near-term use of capital in returning cash to shareholders than in aggressive growth reinvestment — a defensible capital-allocation choice, but also a tacit acknowledgment of limited near-term growth options','neutral',TRUE);
INSERT INTO bull_bear_cases (ticker,snapshot_date,case_type,case_text,case_order) VALUES ('WIPRO','2026-03-31','bull','Operating margin held at 17.3% even amid weak revenue growth — genuine, disciplined cost optimisation (a declining employee-cost-to-revenue ratio) that other IT companies with faster growth haven''t needed to demonstrate as clearly.',1);
INSERT INTO bull_bear_cases (ticker,snapshot_date,case_type,case_text,case_order) VALUES ('WIPRO','2026-03-31','bull','Large deal bookings surged 45.4% YoY for the full year to $7.8 billion, and total bookings grew 14% YoY to $16.4 billion — real forward-order-book momentum that could support a growth recovery if it converts to billing on schedule.',2);
INSERT INTO bull_bear_cases (ticker,snapshot_date,case_type,case_text,case_order) VALUES ('WIPRO','2026-03-31','bull','The board approved Wipro''s first share buyback in three years (₹15,000 crore at ₹250/share) alongside continued dividends — a sizeable, concrete capital-return signal during a period of weak growth, not just a promise.',3);
INSERT INTO bull_bear_cases (ticker,snapshot_date,case_type,case_text,case_order) VALUES ('WIPRO','2026-03-31','bear','Constant-currency, organic growth was genuinely weak this quarter — independent analysis flagged an organic decline of roughly 1.3% QoQ, with FY26 revenue essentially flat-to-down on an organic basis, meaningfully underperforming TCS, Infosys and HCLTech.',1);
INSERT INTO bull_bear_cases (ticker,snapshot_date,case_type,case_text,case_order) VALUES ('WIPRO','2026-03-31','bear','Net profit fell 1.9% YoY despite the margin improvement — even disciplined cost management couldn''t fully offset weak top-line momentum this quarter.',2);
INSERT INTO bull_bear_cases (ticker,snapshot_date,case_type,case_text,case_order) VALUES ('WIPRO','2026-03-31','bear','Five-year EBIT CAGR of just 5.44% trails Wipro''s own revenue growth over the same period, per independent analysis — a structural profitability-growth challenge that one strong quarter of margin recovery doesn''t resolve.',3);
INSERT INTO companies (ticker,name,exchange,sector,sub_sector,compare_group,business_core,source_note,moat_note,value_chain_position,value_chain_note) VALUES ('NESTLEIND','Nestle India','NSE','FMCG','FMCG - Packaged Foods & Beverages','FMCG','Nestle India (majority-owned by Switzerland''s Nestlé S.A.) is one of India''s most trusted packaged-foods and beverages companies, owning iconic brands including Maggi noodles, KitKat, Nescafé and Milkmaid, sold through one of India''s deepest FMCG distribution networks. Unlike much of the sector this year, its growth has been genuinely volume-led rather than price-led, funded by a sharp increase in advertising and promotional investment.','Nestle India''s own Q4 & FY26 results release, cross-checked against Business Standard, India Infoline and Whalesbook coverage','Globally recognized, category-defining brands — Maggi is near-synonymous with ''instant noodles'' in India, a rare moat few competitors have matched in two decades of trying — backed by parent Nestlé S.A.''s R&D, sourcing scale and brand equity, reinforced by one of India''s deepest FMCG distribution networks. The near-term test is whether this quarter''s volume growth can be sustained without permanently elevated A&P spending becoming the new cost of doing business.','Sits at the finished-goods end of the food & beverage value chain — sources agricultural commodities (coffee, cocoa, dairy, wheat) globally and through domestic contract farming, converting them into branded packaged foods sold through one of India''s deepest FMCG distribution networks, leveraging parent Nestlé S.A.''s global R&D and brand equity.','Quick-commerce and modern trade channel expansion give Nestle India new, faster-growing distribution avenues beyond traditional general trade, though the company didn''t break out channel-specific growth this quarter the way some peers do.');
INSERT INTO metric_snapshots (ticker,snapshot_date,metric_key,metric_value,metric_unit,metric_label,metric_note,higher_is_better,status) VALUES ('NESTLEIND','2026-03-31','revenue_growth_pct',22.6,'%','Revenue Growth (YoY)','Revenue ₹6,748 crore, significantly beating analyst estimates (₹6,230-6,370 crore).',TRUE,'verified');
INSERT INTO metric_snapshots (ticker,snapshot_date,metric_key,metric_value,metric_unit,metric_label,metric_note,higher_is_better,status) VALUES ('NESTLEIND','2026-03-31','volume_growth_pct',18,'%','Volume Growth','Management confirmed this was volume-led, not price-led — the highest-quality kind of FMCG growth, achieved even as the broader sector deals with urban consumption softness.',TRUE,'verified');
INSERT INTO metric_snapshots (ticker,snapshot_date,metric_key,metric_value,metric_unit,metric_label,metric_note,higher_is_better,status) VALUES ('NESTLEIND','2026-03-31','gross_margin_pct',NULL,'%','Gross Margin','Not separately disclosed in Q4 reporting reviewed — shown as — rather than estimated.',TRUE,'verified');
INSERT INTO metric_snapshots (ticker,snapshot_date,metric_key,metric_value,metric_unit,metric_label,metric_note,higher_is_better,status) VALUES ('NESTLEIND','2026-03-31','ebitda_margin_pct',26.3,'%','EBITDA Margin','Held healthy even as A&P spending rose over 50% YoY — volume growth is absorbing the higher marketing investment with room to spare.',TRUE,'verified');
INSERT INTO metric_snapshots (ticker,snapshot_date,metric_key,metric_value,metric_unit,metric_label,metric_note,higher_is_better,status) VALUES ('NESTLEIND','2026-03-31','roce_pct',NULL,'%','ROCE','Not confirmed from Q4 disclosures reviewed. A peer comparison table cited Nestle India''s ROE at a very high 65.72% — a related but different measure, shown here as — rather than conflating the two.',TRUE,'verified');
INSERT INTO metric_snapshots (ticker,snapshot_date,metric_key,metric_value,metric_unit,metric_label,metric_note,higher_is_better,status) VALUES ('NESTLEIND','2026-03-31','anp_spend_pct',NULL,'%','A&P Spend % Revenue','Growth in absolute A&P spend (+50%+ YoY) was disclosed, but not as a % of revenue — shown as — rather than estimated. Display-only metric regardless: higher A&P reflects brand investment, not waste.',NULL,'verified');
INSERT INTO tech_geo_tags (ticker,label,tag_type,is_active) VALUES ('NESTLEIND','Coffee and cocoa cost volatility (global commodity prices) directly affects margins on two of the company''s largest brand franchises (Nescafé, KitKat) — a live, current input-cost exposure, not hypothetical','risk',TRUE);
INSERT INTO tech_geo_tags (ticker,label,tag_type,is_active) VALUES ('NESTLEIND','A forecast drier monsoon threatens rural demand recovery, a segment increasingly important to sustaining FMCG volume growth industry-wide','risk',TRUE);
INSERT INTO tech_geo_tags (ticker,label,tag_type,is_active) VALUES ('NESTLEIND','Quick-commerce and modern trade expansion give Nestle India new, faster-growing distribution channels beyond traditional general trade','tailwind',TRUE);
INSERT INTO bull_bear_cases (ticker,snapshot_date,case_type,case_text,case_order) VALUES ('NESTLEIND','2026-03-31','bull','Genuinely volume-led growth (~18%) rather than price-led is the highest-quality kind of FMCG growth — achieved even as the broader sector deals with urban consumption softness, with market share gains across every product category simultaneously.',1);
INSERT INTO bull_bear_cases (ticker,snapshot_date,case_type,case_text,case_order) VALUES ('NESTLEIND','2026-03-31','bull','EBITDA margin held at a healthy 26.3% even as A&P spending rose over 50% YoY — the volume growth is genuinely absorbing the higher marketing investment with room to spare, not being funded by margin sacrifice.',2);
INSERT INTO bull_bear_cases (ticker,snapshot_date,case_type,case_text,case_order) VALUES ('NESTLEIND','2026-03-31','bull','Cash generation nearly doubled YoY (₹5,047.6 crore vs ₹2,934.5 crore in FY25) and the balance sheet is now clear of short-term debt — real, not just paper, financial strength underpinning the growth story.',3);
INSERT INTO bull_bear_cases (ticker,snapshot_date,case_type,case_text,case_order) VALUES ('NESTLEIND','2026-03-31','bear','The >50% increase in A&P spending to sustain volume momentum raises a genuine sustainability question — if this level of marketing investment is now required to maintain double-digit volume growth, underlying organic demand strength may be less than the headline growth rate implies.',1);
INSERT INTO bull_bear_cases (ticker,snapshot_date,case_type,case_text,case_order) VALUES ('NESTLEIND','2026-03-31','bear','Rising input costs (coffee, cocoa, crude-linked packaging) plus a forecast drier monsoon (a risk to rural demand) create real margin and demand headwinds heading into FY27, with brokerages already flagging possible 3-4% price hikes in Q1 FY27.',2);
INSERT INTO bull_bear_cases (ticker,snapshot_date,case_type,case_text,case_order) VALUES ('NESTLEIND','2026-03-31','bear','The stock trades at a rich ~80x FY26 P/E — a premium valuation that assumes this exceptional, ad-spend-fuelled growth rate is sustainable, leaving little room for a disappointing quarter.',3);
INSERT INTO companies (ticker,name,exchange,sector,sub_sector,compare_group,business_core,source_note,moat_note,value_chain_position,value_chain_note) VALUES ('TATACONSUM','Tata Consumer Products','NSE','FMCG','FMCG - Beverages & Packaged Foods','FMCG','Tata Consumer Products (Tata Group) sells packaged tea and coffee (Tata Tea, Tetley, Tata Coffee) and salt (Tata Salt) &mdash; categories where it holds clear domestic market leadership &mdash; alongside a growing portfolio of newer categories (pulses and spices under Sampann, ready-to-drink beverages via the NourishCo joint venture) built partly through acquisitions, making it a more diversified but also more capital-intensive, still-integrating business than older, more organically-grown FMCG peers.','Tata Consumer''s own Q4 & FY26 results release, cross-checked against MarketsMojo and ScanX coverage','Clear category leadership in tea (Tata Tea, Tetley) and salt (Tata Salt) — decades-old, hard-to-dislodge household brand positions — combined with Tata Group parentage lending trust and distribution reach. The moat''s current limitation is financial rather than brand-related: capital efficiency lags peers significantly, meaning the brand strength hasn''t yet translated into the same quality of shareholder returns HUL or ITC generate from comparably strong brands.','Sits at the finished-goods end of the beverages and packaged-foods value chain, sourcing tea, coffee and salt (including through its own tea estates and Tata Coffee''s plantations, giving some backward integration) and branding/distributing through India''s general trade network plus a fast-growing quick-commerce presence.','Newer categories (NourishCo ready-to-drink beverages, pulses/spices under Sampann) have been built through a mix of organic launches and acquisitions — worth distinguishing which growth engine is actually driving results in any given quarter.');
INSERT INTO metric_snapshots (ticker,snapshot_date,metric_key,metric_value,metric_unit,metric_label,metric_note,higher_is_better,status) VALUES ('TATACONSUM','2026-03-31','revenue_growth_pct',17.91,'%','Revenue Growth (YoY)','Consolidated revenue ₹5,433.62 crore, beating brokerage estimates and driving CLSA and Goldman Sachs to reaffirm bullish ratings.',TRUE,'verified');
INSERT INTO metric_snapshots (ticker,snapshot_date,metric_key,metric_value,metric_unit,metric_label,metric_note,higher_is_better,status) VALUES ('TATACONSUM','2026-03-31','volume_growth_pct',16,'%','India Volume Growth','Described by CLSA as ''industry-leading'' among FMCG peers this quarter, with particularly strong traction in Salt and the Sampann pulses/spices brand.',TRUE,'verified');
INSERT INTO metric_snapshots (ticker,snapshot_date,metric_key,metric_value,metric_unit,metric_label,metric_note,higher_is_better,status) VALUES ('TATACONSUM','2026-03-31','gross_margin_pct',NULL,'%','Gross Margin','Not separately disclosed in Q4 reporting reviewed — shown as — rather than estimated.',TRUE,'verified');
INSERT INTO metric_snapshots (ticker,snapshot_date,metric_key,metric_value,metric_unit,metric_label,metric_note,higher_is_better,status) VALUES ('TATACONSUM','2026-03-31','ebitda_margin_pct',14.57,'%','EBITDA Margin','Up from 13.47% a year ago — a multi-quarter high, with management guiding a further 50-75bps expansion for FY27.',TRUE,'verified');
INSERT INTO metric_snapshots (ticker,snapshot_date,metric_key,metric_value,metric_unit,metric_label,metric_note,higher_is_better,status) VALUES ('TATACONSUM','2026-03-31','roce_pct',9.02,'%','ROCE','Dramatically weaker than FMCG peers on this dashboard (HUL 31.61%, ITC 44.26%) — reflecting the capital-intensive, still-integrating nature of a business built substantially through acquisitions rather than purely organic brand-building.',TRUE,'verified');
INSERT INTO metric_snapshots (ticker,snapshot_date,metric_key,metric_value,metric_unit,metric_label,metric_note,higher_is_better,status) VALUES ('TATACONSUM','2026-03-31','anp_spend_pct',NULL,'%','A&P Spend % Revenue','Not disclosed as a % of revenue in Q4 reporting reviewed — shown as — rather than estimated.',NULL,'verified');
INSERT INTO tech_geo_tags (ticker,label,tag_type,is_active) VALUES ('TATACONSUM','Weak capital efficiency (ROCE 9.02%) relative to FMCG peers signals real, unresolved integration and capital-allocation challenges from an acquisition-heavy growth strategy — not yet fixed despite improving revenue and margin trends','risk',TRUE);
INSERT INTO tech_geo_tags (ticker,label,tag_type,is_active) VALUES ('TATACONSUM','Tea price volatility (a globally traded agricultural commodity) is a structural input-cost swing factor management currently calls ''benign'' but is not guaranteed to stay that way','risk',TRUE);
INSERT INTO tech_geo_tags (ticker,label,tag_type,is_active) VALUES ('TATACONSUM','Quick-commerce/e-commerce growth of 62%+ in FY26 shows genuine share capture in India''s fastest-growing retail channel, a real tailwind independent of the acquisition-integration questions elsewhere in the business','tailwind',TRUE);
INSERT INTO bull_bear_cases (ticker,snapshot_date,case_type,case_text,case_order) VALUES ('TATACONSUM','2026-03-31','bull','India volume growth of 16% is industry-leading among FMCG peers this quarter, with particularly strong traction in Salt and the Sampann pulses/spices brand — genuine category-level demand strength, not just price-led growth.',1);
INSERT INTO bull_bear_cases (ticker,snapshot_date,case_type,case_text,case_order) VALUES ('TATACONSUM','2026-03-31','bull','EBITDA margin expanded to a multi-quarter high of 14.57% (from 13.47%), with management guiding a further 50-75bps expansion in FY27 — a credible, quantified margin-improvement trajectory, not just an aspiration.',2);
INSERT INTO bull_bear_cases (ticker,snapshot_date,case_type,case_text,case_order) VALUES ('TATACONSUM','2026-03-31','bull','Quick-commerce and e-commerce channels grew over 62% in FY26 — genuine share capture in India''s fastest-growing retail channel, not just defending the traditional general-trade base.',3);
INSERT INTO bull_bear_cases (ticker,snapshot_date,case_type,case_text,case_order) VALUES ('TATACONSUM','2026-03-31','bear','Return on Capital Employed of just 9.02% is dramatically weaker than FMCG peers on this dashboard (HUL 31.61%, ITC 44.26%) — reflecting the capital-intensive, still-integrating nature of a business built substantially through acquisitions.',1);
INSERT INTO bull_bear_cases (ticker,snapshot_date,case_type,case_text,case_order) VALUES ('TATACONSUM','2026-03-31','bear','The stock trades at a rich ~80x P/E — the second-highest multiple among the FMCG names covered here — despite delivering by far the weakest capital-efficiency metrics in the group, a genuine valuation-versus-fundamentals tension worth understanding before assuming the multiple is justified.',2);
INSERT INTO bull_bear_cases (ticker,snapshot_date,case_type,case_text,case_order) VALUES ('TATACONSUM','2026-03-31','bear','Five-year sales growth of 12.15%, while ahead of some peers, has come partly through acquisitions rather than pure organic execution — worth separating inorganic contribution from genuine like-for-like brand strength when assessing growth quality.',3);
INSERT INTO companies (ticker,name,exchange,sector,sub_sector,compare_group,business_core,source_note,moat_note,value_chain_position,value_chain_note) VALUES ('CIPLA','Cipla','NSE','Pharma','Pharma - Generics & Respiratory','Pharma','Cipla is India''s third-largest pharmaceutical company, selling respiratory, anti-diabetes, cardiac and urology branded generics domestically (its ''One-India'' business) alongside a US generics/specialty business and a growing Africa/emerging-markets presence. Its US business, historically a key profit driver, is currently going through a rough patch as several high-margin legacy products lose their earning power at the same time.','Cipla''s own Q4 & FY26 press release (cipla.com) and results filing, cross-checked against Business Standard, Whalesbook and ICICI Direct Research','A genuinely strong, market-leading India respiratory franchise (Cipla is historically India''s #1 respiratory brand) plus a broad emerging-markets footprint provide real, durable moats. The US specialty-generics business, historically a high-margin growth driver, has just demonstrated real fragility to single-product and single-facility concentration risk — a moat weakness this quarter exposed rather than created, and one management is now directly addressing through US-based manufacturing.','A vertically-oriented generics and specialty pharma manufacturer with meaningful India-based manufacturing (multiple USFDA-inspected facilities: Bommasandra, Sitec, Medispray) plus a newly operational US manufacturing facility (Fall River) aimed directly at reducing the geographic/regulatory concentration risk that contributed to this quarter''s Lanreotide disruption.','The Fall River facility and a newly approved first AB-rated generic Ventolin from a US site are direct, concrete responses to the single-facility fragility this quarter''s results just exposed — not a hypothetical mitigation plan.');
INSERT INTO metric_snapshots (ticker,snapshot_date,metric_key,metric_value,metric_unit,metric_label,metric_note,higher_is_better,status) VALUES ('CIPLA','2026-03-31','revenue_growth_pct',-2.8,'%','Revenue Growth (YoY)','Revenue from operations ₹6,541 crore, down from ₹6,729 crore — India and Africa growth wasn''t enough to offset the North America decline this quarter.',TRUE,'verified');
INSERT INTO metric_snapshots (ticker,snapshot_date,metric_key,metric_value,metric_unit,metric_label,metric_note,higher_is_better,status) VALUES ('CIPLA','2026-03-31','gross_margin_pct',NULL,'%','Gross Margin','Not separately disclosed in Q4 reporting reviewed — shown as — rather than estimated.',TRUE,'verified');
INSERT INTO metric_snapshots (ticker,snapshot_date,metric_key,metric_value,metric_unit,metric_label,metric_note,higher_is_better,status) VALUES ('CIPLA','2026-03-31','ebitda_margin_pct',14.6,'%','EBITDA Margin','Collapsed from 22.8% a year ago — a genuinely severe compression, driven by the loss of high-margin US products (Lanreotide, generic Revlimid) plus a 20% YoY jump in R&D spending.',TRUE,'verified');
INSERT INTO metric_snapshots (ticker,snapshot_date,metric_key,metric_value,metric_unit,metric_label,metric_note,higher_is_better,status) VALUES ('CIPLA','2026-03-31','us_business_growth_pct',-26,'%','US Business Growth','North America revenue fell to $155 million for the quarter, driven by a temporary Lanreotide manufacturing halt (a USFDA observation at a Greek contract manufacturer) and the expiry of generic Revlimid exclusivity — two of Cipla''s most profitable US products losing earning power simultaneously.',TRUE,'verified');
INSERT INTO metric_snapshots (ticker,snapshot_date,metric_key,metric_value,metric_unit,metric_label,metric_note,higher_is_better,status) VALUES ('CIPLA','2026-03-31','rd_pct_sales',7.8,'%','R&D % of Sales','Up from 6.3% a year ago (₹509 crore this quarter), driven by product filings and development for upcoming respiratory and peptide launches. Display-only.',NULL,'verified');
INSERT INTO metric_snapshots (ticker,snapshot_date,metric_key,metric_value,metric_unit,metric_label,metric_note,higher_is_better,status) VALUES ('CIPLA','2026-03-31','anda_pending_approval_pipeline',NULL,'','ANDAs Pending FDA Approval','Not disclosed in the Q4 FY26 materials reviewed — shown as — rather than estimated. Display-only.',NULL,'verified');
INSERT INTO tech_geo_tags (ticker,label,tag_type,is_active) VALUES ('CIPLA','Single-facility concentration risk realized in real time: a manufacturing halt at a Greek contract manufacturer directly caused a chunk of this quarter''s US revenue and margin collapse — live evidence of supply-chain fragility, not a hypothetical risk','risk',TRUE);
INSERT INTO tech_geo_tags (ticker,label,tag_type,is_active) VALUES ('CIPLA','US generic pricing pressure and patent-cliff product transitions (loss of Revlimid exclusivity) are a structural, sector-wide headwind also visible at Dr. Reddy''s and other Indian pharma exporters on this dashboard','risk',TRUE);
INSERT INTO tech_geo_tags (ticker,label,tag_type,is_active) VALUES ('CIPLA','A newly operational US manufacturing facility (Fall River) plus the first AB-rated generic Ventolin approval from a US site are concrete steps toward reducing the single-facility supply-chain concentration that caused this quarter''s disruption','tailwind',TRUE);
INSERT INTO bull_bear_cases (ticker,snapshot_date,case_type,case_text,case_order) VALUES ('CIPLA','2026-03-31','bull','India business (One-India) grew a strong 15% YoY in Q4, crossing the ₹12,500 crore annual revenue milestone for the first time, with broad-based double-digit growth across respiratory, urology, anti-diabetes and cardiac therapies — the domestic franchise remains genuinely healthy even as the US business struggles.',1);
INSERT INTO bull_bear_cases (ticker,snapshot_date,case_type,case_text,case_order) VALUES ('CIPLA','2026-03-31','bull','Africa and emerging markets crossed the $400 million annual revenue milestone with 7-8% YoY growth — real geographic diversification cushioning the North America decline, not just a India-only story.',2);
INSERT INTO bull_bear_cases (ticker,snapshot_date,case_type,case_text,case_order) VALUES ('CIPLA','2026-03-31','bull','Management laid out a specific, checkable FY27 recovery roadmap — four respiratory launches and one major peptide launch in the US, targeting a $1 billion US revenue run-rate and 18.5-20% EBITDA margins — a concrete plan with named milestones, not vague reassurance.',3);
INSERT INTO bull_bear_cases (ticker,snapshot_date,case_type,case_text,case_order) VALUES ('CIPLA','2026-03-31','bear','North America revenue fell a sharp 26% YoY, driven by a temporary halt in Lanreotide manufacturing at a Greek contract manufacturer (a USFDA observation) and the loss of generic Revlimid exclusivity — two of Cipla''s most profitable US products losing earning power at the same time, a real concentration-risk failure, not gradual softening.',1);
INSERT INTO bull_bear_cases (ticker,snapshot_date,case_type,case_text,case_order) VALUES ('CIPLA','2026-03-31','bear','EBITDA margin collapsed to 14.6% from 22.8% a year ago — a severe compression, not a modest miss, and full-year PAT fell 26-27% YoY despite record annual revenue.',2);
INSERT INTO bull_bear_cases (ticker,snapshot_date,case_type,case_text,case_order) VALUES ('CIPLA','2026-03-31','bear','Cipla''s own FY27 EBITDA margin guidance (18.5-20%) explicitly excludes any assumed Lanreotide recovery — management itself isn''t counting on a quick fix to the specific product that caused this quarter''s collapse.',3);
INSERT INTO companies (ticker,name,exchange,sector,sub_sector,compare_group,business_core,source_note,moat_note,value_chain_position,value_chain_note) VALUES ('APOLLOHOSP','Apollo Hospitals','NSE','Healthcare','Hospitals & Healthcare Services','Healthcare','Apollo Hospitals is India''s largest private healthcare provider, running a network of hospitals (its core, most profitable ''Healthcare Services'' segment) alongside a large omni-channel pharmacy and digital health business (Apollo HealthCo, including Apollo 24/7) and a retail diagnostics/healthcare arm (AHLL) — a genuinely integrated healthcare ecosystem beyond just hospital beds, with a planned demerger of the pharmacy/digital arm into a separately listed entity targeted by Q4 FY27.','Apollo Hospitals'' own Q4 & FY26 results, cross-checked against BW Healthcare World, Business Today and MarketsMojo coverage','India''s largest, most recognized private hospital brand plus a genuinely integrated ecosystem (hospitals + pharmacy + diagnostics + digital) that few competitors replicate at this scale — reinforced by high-end specialty capabilities (oncology, cardiac, transplants, robotics) that are expensive and slow for regional competitors to build from scratch.','Spans the healthcare value chain from hospital-based tertiary/quaternary care (the core, most profitable segment) through omni-channel pharmacy distribution (Apollo HealthCo, ~7,289 stores) to digital health and diagnostics (Apollo 24/7, AHLL) — a genuinely integrated ecosystem most single-format hospital chains or pure-play pharmacy retailers don''t have.','International/medical-value-travel patients (from Africa, the Middle East, Bangladesh and Southeast Asia) provide an additional, typically higher-realization revenue stream leveraging India''s cost and clinical-quality advantage in specialties like oncology, transplants and robotic surgery.');
INSERT INTO metric_snapshots (ticker,snapshot_date,metric_key,metric_value,metric_unit,metric_label,metric_note,higher_is_better,status) VALUES ('APOLLOHOSP','2026-03-31','revenue_growth_pct',18,'%','Revenue Growth (YoY)','Consolidated revenue ₹6,605 crore, an all-time high. Healthcare Services (hospitals) grew a somewhat slower 16%; Apollo HealthCo (pharmacy+digital) grew faster at 20%.',TRUE,'verified');
INSERT INTO metric_snapshots (ticker,snapshot_date,metric_key,metric_value,metric_unit,metric_label,metric_note,higher_is_better,status) VALUES ('APOLLOHOSP','2026-03-31','ebitda_margin_pct',16.7,'%','EBITDA Margin','Consolidated EBITDA ₹1,017 crore. The core hospital segment margin actually moderated slightly (45bps YoY to 23.8%) — this quarter''s overall margin improvement leans more on the pharmacy/digital turnaround than the hospital business getting structurally more profitable.',TRUE,'verified');
INSERT INTO metric_snapshots (ticker,snapshot_date,metric_key,metric_value,metric_unit,metric_label,metric_note,higher_is_better,status) VALUES ('APOLLOHOSP','2026-03-31','occupancy_pct',68,'%','Group-wide Occupancy','Up from 67% a year ago. Eastern-cluster hospitals ran highest at 77%; metro hospitals at 71%.',TRUE,'verified');
INSERT INTO metric_snapshots (ticker,snapshot_date,metric_key,metric_value,metric_unit,metric_label,metric_note,higher_is_better,status) VALUES ('APOLLOHOSP','2026-03-31','arpob_inr',71206,'₹','ARPOB (Healthcare Services)','Average Revenue Per Occupied Bed, up 12% YoY — pricing/mix strength and occupancy improvement happening simultaneously, a healthy combination.',TRUE,'verified');
INSERT INTO metric_snapshots (ticker,snapshot_date,metric_key,metric_value,metric_unit,metric_label,metric_note,higher_is_better,status) VALUES ('APOLLOHOSP','2026-03-31','roce_pct',NULL,'%','ROCE','Not confirmed on a clean consolidated basis from Q4 disclosures reviewed — shown as — rather than estimated. The Healthcare Services segment alone was cited at 30.3% in an earlier quarter.',TRUE,'verified');
INSERT INTO tech_geo_tags (ticker,label,tag_type,is_active) VALUES ('APOLLOHOSP','Heavy capex intensity: new hospitals run at a loss for multiple quarters after commissioning (management guides to roughly ₹150 crore of expected EBITDA losses from newly opened facilities) — a real, disclosed near-term earnings drag from the expansion pipeline','risk',TRUE);
INSERT INTO tech_geo_tags (ticker,label,tag_type,is_active) VALUES ('APOLLOHOSP','The planned pharmacy/digital demerger by Q4 FY27 is a significant corporate restructuring with real execution and regulatory-approval timeline risk, not yet complete','risk',TRUE);
INSERT INTO tech_geo_tags (ticker,label,tag_type,is_active) VALUES ('APOLLOHOSP','Medical value travel (international patients) is a genuine, higher-realization growth driver leveraging India''s cost and clinical-quality advantage relative to Western healthcare markets','tailwind',TRUE);
INSERT INTO bull_bear_cases (ticker,snapshot_date,case_type,case_text,case_order) VALUES ('APOLLOHOSP','2026-03-31','bull','Highest-ever quarterly revenue (₹6,605 crore) and operating margin (16.7%, up from 13.76% a year ago on one measure) show genuine operating leverage — growth and margin expansion happening together, not a trade-off.',1);
INSERT INTO bull_bear_cases (ticker,snapshot_date,case_type,case_text,case_order) VALUES ('APOLLOHOSP','2026-03-31','bull','Apollo HealthCo (pharmacy + digital) posted its first full year of profitability in FY26 — EBITDA up from ₹168 crore to ₹488 crore, PAT from ₹47 crore to ₹324 crore — the long-heralded digital/pharmacy optionality is now demonstrably real, not just a future promise.',2);
INSERT INTO bull_bear_cases (ticker,snapshot_date,case_type,case_text,case_order) VALUES ('APOLLOHOSP','2026-03-31','bull','ARPOB grew 12% YoY even as occupancy also improved — pricing/mix strength and volume growth happening simultaneously, a genuinely healthy combination for a hospital operator.',3);
INSERT INTO bull_bear_cases (ticker,snapshot_date,case_type,case_text,case_order) VALUES ('APOLLOHOSP','2026-03-31','bear','The core hospital segment''s operating margin actually moderated 45bps YoY to 23.8% even as the overall group margin improved — the margin story this quarter is more about the pharmacy/digital arm''s turnaround than the core hospital business getting structurally more profitable.',1);
INSERT INTO bull_bear_cases (ticker,snapshot_date,case_type,case_text,case_order) VALUES ('APOLLOHOSP','2026-03-31','bear','A large capex pipeline (4,400 planned new beds, roughly ₹5,100 crore of remaining spend over five years) means continued heavy capital intensity — management itself flagged around ₹150 crore of expected EBITDA losses from newly commissioned hospitals as they ramp up, a real near-term drag before they mature.',2);
INSERT INTO bull_bear_cases (ticker,snapshot_date,case_type,case_text,case_order) VALUES ('APOLLOHOSP','2026-03-31','bear','The planned demerger of the pharmacy/digital business by Q4 FY27, while framed as unlocking value, means investors are also betting on a significant corporate restructuring executing cleanly and on schedule — a real execution risk, not yet resolved.',3);
INSERT INTO companies (ticker,name,exchange,sector,sub_sector,compare_group,business_core,source_note,moat_note,value_chain_position,value_chain_note) VALUES ('MAXHEALTH','Max Healthcare Institute','NSE','Healthcare','Hospitals & Healthcare Services','Healthcare','Max Healthcare operates a network of premium hospitals historically concentrated in North India (Delhi NCR and surrounding states), recently expanding into Eastern India via the Kalinga Hospital acquisition. Its business model is built around high occupancy and premium positioning — Max''s ARPOB is among the highest in the Indian hospital sector — plus a growing digital health and home-care business (Max@Home, Max Lab).','Max Healthcare''s own Q4 & FY26 results, cross-checked against ScanX and Tradebrains'' Apollo-vs-Max comparative coverage','A premium, high-ARPOB hospital network concentrated in North India''s most lucrative healthcare market (Delhi NCR), reinforced by industry-leading operating efficiency (EBITDA per bed of ₹72 lakh) and a disciplined, low-leverage balance sheet. It''s a narrower geographic moat than Apollo''s national footprint, but a genuinely more profitable one on a per-bed basis.','Sits primarily in hospital-based tertiary care, with growing digital health (Max@Home for home healthcare, Max Lab for diagnostics) and international patient revenue (9% of hospital revenue) providing adjacent, higher-margin growth vectors — a narrower ecosystem than Apollo''s pharmacy-inclusive model, built around premium positioning and operational efficiency.','Digital revenue now makes up 31% of overall revenue — used mainly to improve patient acquisition and experience rather than to build a separate pharmacy-led ecosystem the way Apollo has, a deliberately different strategic emphasis.');
INSERT INTO metric_snapshots (ticker,snapshot_date,metric_key,metric_value,metric_unit,metric_label,metric_note,higher_is_better,status) VALUES ('MAXHEALTH','2026-03-31','revenue_growth_pct',10,'%','Revenue Growth (YoY)','Network gross revenue ₹2,664 crore for the quarter. Full-year FY26 network revenue grew faster at 16% YoY to ₹10,538 crore.',TRUE,'verified');
INSERT INTO metric_snapshots (ticker,snapshot_date,metric_key,metric_value,metric_unit,metric_label,metric_note,higher_is_better,status) VALUES ('MAXHEALTH','2026-03-31','ebitda_margin_pct',25.6,'%','EBITDA Margin','Q4 operating EBITDA ₹682 crore, up 8% YoY. Full-year FY26 EBITDA margin was 26.2%, among the highest in the Indian hospital sector.',TRUE,'verified');
INSERT INTO metric_snapshots (ticker,snapshot_date,metric_key,metric_value,metric_unit,metric_label,metric_note,higher_is_better,status) VALUES ('MAXHEALTH','2026-03-31','occupancy_pct',75,'%','Average Occupancy (FY26)','Held above 75% despite growing operational bed capacity — occupied bed days grew 8% YoY, meaning growth is coming from genuinely more patients, not just more beds sitting empty.',TRUE,'verified');
INSERT INTO metric_snapshots (ticker,snapshot_date,metric_key,metric_value,metric_unit,metric_label,metric_note,higher_is_better,status) VALUES ('MAXHEALTH','2026-03-31','arpob_inr',77900,'₹','ARPOB (Q4)','Among the highest in the Indian hospital sector — reflects Max''s deliberately premium market positioning rather than a volume/scale strategy.',TRUE,'verified');
INSERT INTO metric_snapshots (ticker,snapshot_date,metric_key,metric_value,metric_unit,metric_label,metric_note,higher_is_better,status) VALUES ('MAXHEALTH','2026-03-31','roce_pct',22,'%','Pre-tax ROCE (FY26)','A strong capital-efficiency figure, supported by net debt/EBITDA held below 1x — genuine balance-sheet discipline alongside growth.',TRUE,'verified');
INSERT INTO tech_geo_tags (ticker,label,tag_type,is_active) VALUES ('MAXHEALTH','Historical North India geographic concentration means regional demand or regulatory shifts affect Max more than more diversified peers — a risk the Kalinga acquisition is only beginning to address','risk',TRUE);
INSERT INTO tech_geo_tags (ticker,label,tag_type,is_active) VALUES ('MAXHEALTH','High existing occupancy (75%+) means further growth increasingly requires capital-intensive bed-capacity expansion rather than simple utilisation improvement, raising the capital intensity of the next growth phase','risk',TRUE);
INSERT INTO tech_geo_tags (ticker,label,tag_type,is_active) VALUES ('MAXHEALTH','Digital revenue (31% of overall revenue) and international patient revenue (9% of hospital revenue) are genuine, higher-margin growth vectors diversifying beyond core inpatient hospital revenue','tailwind',TRUE);
INSERT INTO bull_bear_cases (ticker,snapshot_date,case_type,case_text,case_order) VALUES ('MAXHEALTH','2026-03-31','bull','ARPOB of ₹77,900+ is among the highest in the Indian hospital sector, backed by occupancy held above 75% — Max has built a genuinely premium-positioned network rather than competing primarily on volume or scale.',1);
INSERT INTO bull_bear_cases (ticker,snapshot_date,case_type,case_text,case_order) VALUES ('MAXHEALTH','2026-03-31','bull','Net debt of just ₹1,908 crore against net debt/EBITDA below 1x, combined with strong free cash flow (₹1,541 crore for FY26) — a financially disciplined balance sheet with real capacity to self-fund expansion without excessive leverage.',2);
INSERT INTO bull_bear_cases (ticker,snapshot_date,case_type,case_text,case_order) VALUES ('MAXHEALTH','2026-03-31','bull','The Kalinga Hospital acquisition marks Max''s first entry into Eastern India — a genuine new-market growth vector beyond its historical North India concentration, backed by disciplined capital allocation (22% pre-tax ROCE).',3);
INSERT INTO bull_bear_cases (ticker,snapshot_date,case_type,case_text,case_order) VALUES ('MAXHEALTH','2026-03-31','bear','Q4 revenue growth of just 10% YoY is meaningfully slower than Apollo''s 18% — Max''s premium positioning and already-high occupancy (75%+) may leave less headroom for volume-driven growth without new bed capacity coming online.',1);
INSERT INTO bull_bear_cases (ticker,snapshot_date,case_type,case_text,case_order) VALUES ('MAXHEALTH','2026-03-31','bear','Historical geographic concentration in North India (Delhi NCR) means Max has been more exposed to regional demand and regulatory dynamics than more geographically diversified peers like Apollo — the Kalinga acquisition is a first step toward diversification, not yet a completed transition.',2);
INSERT INTO bull_bear_cases (ticker,snapshot_date,case_type,case_text,case_order) VALUES ('MAXHEALTH','2026-03-31','bear','With occupancy already running above 75%, further growth increasingly depends on capital-intensive bed-capacity expansion (brownfield/greenfield) rather than simply filling more of the existing network — a more expensive growth path than utilisation improvement alone.',3);
INSERT INTO companies (ticker,name,exchange,sector,sub_sector,compare_group,business_core,source_note,moat_note,value_chain_position,value_chain_note) VALUES ('LT','Larsen & Toubro','NSE','Infra & Capital Goods','Engineering, Procurement & Construction','Infra & Capital Goods','Larsen & Toubro (L&T) is India''s largest engineering, procurement and construction (EPC) conglomerate — it designs, builds and delivers large infrastructure, energy, and hi-tech manufacturing projects (roads, metros, power transmission, hydrocarbon plants, defence electronics) for governments and corporations in India and internationally, especially the Middle East. Revenue is driven by converting a massive multi-year order book into executed, billed project revenue, making order inflow and order-book size the most forward-looking health indicators, more than any single quarter''s reported profit.','L&T''s own Q4 & FY26 results release, cross-checked against MarketsMojo, Multibagg.ai and PL Capital research coverage','Scale, end-to-end EPC execution capability, and decades of relationships with governments and large corporate clients across India and the Middle East form a genuine moat few competitors can match project-for-project — reinforced by a deliberate strategic shift toward a more focused, higher-return core EPC and hi-tech manufacturing business, away from capital-intensive concessions assets.','Sits across the entire infrastructure project value chain — winning contracts through competitive bidding, executing design and engineering in-house, procuring materials and managing subcontractors, and delivering completed projects — end-to-end control that smaller, more narrowly-focused EPC players don''t have.','A deliberate strategic shift toward a more focused, higher-return core: L&T is divesting non-core Concessions assets (full stakes in Nabha Power and L&T Metro Rail Hyderabad, expected to close by June 30, 2026), sharpening the portfolio around core EPC and hi-tech manufacturing.');
INSERT INTO metric_snapshots (ticker,snapshot_date,metric_key,metric_value,metric_unit,metric_label,metric_note,higher_is_better,status) VALUES ('LT','2026-03-31','revenue_growth_pct',11.25,'%','Revenue Growth (YoY)','Consolidated revenue from operations ₹82,762 crore, the highest quarterly level in company history, driven by Infrastructure Projects, Energy Projects and Hi-Tech Manufacturing execution.',TRUE,'verified');
INSERT INTO metric_snapshots (ticker,snapshot_date,metric_key,metric_value,metric_unit,metric_label,metric_note,higher_is_better,status) VALUES ('LT','2026-03-31','ebitda_margin_pct',10.4,'%','EBITDA Margin','Down from 11.0% a year ago. Energy Projects saw the sharpest pressure (margin fell to 6.5% from 8.2%) on cost overruns and close-out costs in legacy hydrocarbon projects.',TRUE,'verified');
INSERT INTO metric_snapshots (ticker,snapshot_date,metric_key,metric_value,metric_unit,metric_label,metric_note,higher_is_better,status) VALUES ('LT','2026-03-31','order_book_to_revenue',2.59,'x','Order Book / Revenue','Record order book of ₹7,40,327 crore (+28% YoY) against FY26 revenue of ₹2,85,874 crore — roughly 2.6 years of already-secured future work, exceptional visibility for a project-execution business.',TRUE,'verified');
INSERT INTO metric_snapshots (ticker,snapshot_date,metric_key,metric_value,metric_unit,metric_label,metric_note,higher_is_better,status) VALUES ('LT','2026-03-31','pat_growth_pct',18,'%','Recurring PAT Growth (FY26)','Recurring PAT (excluding one-off exceptional items) grew 18% YoY to ₹17,238 crore — the cleaner underlying figure. Reported Q4 PAT actually fell 3% YoY due to a swing in one-off items between periods.',TRUE,'verified');
INSERT INTO tech_geo_tags (ticker,label,tag_type,is_active) VALUES ('LT','Middle East geopolitical exposure is concrete and quantified — management explicitly guided that supply chain disruptions from the regional conflict will dampen H1 FY27 execution, directly affecting a ~40%-of-order-book geography','risk',TRUE);
INSERT INTO tech_geo_tags (ticker,label,tag_type,is_active) VALUES ('LT','Energy Projects margin pressure (EBITDA margin fell to 6.8% from 8.5% for FY26) from cost overruns and close-out costs on legacy projects is a live example of large-project execution risk actually materialising, not hypothetical','risk',TRUE);
INSERT INTO tech_geo_tags (ticker,label,tag_type,is_active) VALUES ('LT','A ₹17.8 lakh crore addressable prospects pipeline for FY27 gives L&T visibility into future bidding opportunities well beyond the already-secured order book','tailwind',TRUE);
INSERT INTO bull_bear_cases (ticker,snapshot_date,case_type,case_text,case_order) VALUES ('LT','2026-03-31','bull','Record order book of ₹7.4 lakh crore (+28% YoY) provides roughly 2.6x FY26 revenue in already-secured future work — genuinely exceptional multi-year revenue visibility for a project-execution business.',1);
INSERT INTO bull_bear_cases (ticker,snapshot_date,case_type,case_text,case_order) VALUES ('LT','2026-03-31','bull','FY26 recurring PAT (the cleaner, less one-off-distorted profit measure) grew a strong 18% YoY to ₹17,238 crore on record order inflows of ₹4.36 lakh crore (+22% YoY) — real, broad-based execution and demand strength, not accounting noise.',2);
INSERT INTO bull_bear_cases (ticker,snapshot_date,case_type,case_text,case_order) VALUES ('LT','2026-03-31','bull','International orders now make up 52% of the total order book — genuine geographic diversification beyond India-only infrastructure spending cycles, with a large ₹17.8 lakh crore addressable prospects pipeline for FY27.',3);
INSERT INTO bull_bear_cases (ticker,snapshot_date,case_type,case_text,case_order) VALUES ('LT','2026-03-31','bear','EBITDA margin contracted to 10.4% from 11.0% YoY, and management''s own FY27 guidance flags ''flattish'' project margins (~7.8%) — even with strong revenue growth, per-project profitability isn''t improving, and management isn''t promising it will soon.',1);
INSERT INTO bull_bear_cases (ticker,snapshot_date,case_type,case_text,case_order) VALUES ('LT','2026-03-31','bear','Heavy Middle East order-book concentration (~40% of total, ~78% of the international book) is a real geopolitical exposure — management itself flagged that supply chain disruptions from the regional conflict will ''dampen'' execution in H1 FY27, a concrete, near-term guided headwind.',2);
INSERT INTO bull_bear_cases (ticker,snapshot_date,case_type,case_text,case_order) VALUES ('LT','2026-03-31','bear','Reported Q4 PAT actually fell 3% YoY (versus the cleaner recurring PAT''s +18% full-year growth) due to a swing in one-off exceptional items — a reminder that L&T''s headline quarterly profit can be noisy period to period.',3);
INSERT INTO companies (ticker,name,exchange,sector,sub_sector,compare_group,business_core,source_note,moat_note,value_chain_position,value_chain_note) VALUES ('BEL','Bharat Electronics','NSE','Infra & Capital Goods','Defence Electronics','Infra & Capital Goods','Bharat Electronics (BEL) is India''s leading state-owned (Navratna PSU) defence electronics company, designing and manufacturing radar systems, avionics, electronic warfare equipment and communication systems almost exclusively for the Indian armed forces, with a growing export component. It''s a direct beneficiary of India''s ''Atmanirbhar Bharat'' defence-indigenisation push, which favours domestic suppliers like BEL over imports.','Bharat Electronics'' own Q4 & FY26 results, cross-checked against Groww, PSU Connect and ChartAlert coverage','A uniquely protected position as India''s leading state-owned defence electronics manufacturer — decades of relationships with the Indian armed forces, security clearances and technology capabilities competitors (especially foreign ones) can''t easily replicate, reinforced by explicit government policy favouring domestic defence suppliers. This is about as close to a government-guaranteed moat as exists on this dashboard, though BEL''s growth is also somewhat capped by defence budget allocation decisions outside its own control.','Sits at the design-and-manufacture end of India''s defence electronics value chain, selling almost exclusively to the Indian Ministry of Defence and armed forces (with export sales a smaller but growing share) — a uniquely captive, policy-protected customer relationship commercial electronics manufacturers don''t have.','That same government-customer concentration means payment timing and receivables are shaped more by government budget cycles than typical commercial terms — a structural feature of the business model, not a temporary issue.');
INSERT INTO metric_snapshots (ticker,snapshot_date,metric_key,metric_value,metric_unit,metric_label,metric_note,higher_is_better,status) VALUES ('BEL','2026-03-31','revenue_growth_pct',16.15,'%','Revenue Growth (FY26)','Full-year revenue ₹27,480 crore. Q4 alone grew a slightly slower 11.6% YoY — revenue is structurally back-half loaded, with roughly 37% of the full year landing in Q4.',TRUE,'verified');
INSERT INTO metric_snapshots (ticker,snapshot_date,metric_key,metric_value,metric_unit,metric_label,metric_note,higher_is_better,status) VALUES ('BEL','2026-03-31','ebitda_margin_pct',29.1,'%','EBITDA Margin (Q4)','Down from 30.7% a year ago — employee costs and other expenses grew faster than revenue this quarter, a real cost-discipline question even as topline growth stays strong.',TRUE,'verified');
INSERT INTO metric_snapshots (ticker,snapshot_date,metric_key,metric_value,metric_unit,metric_label,metric_note,higher_is_better,status) VALUES ('BEL','2026-03-31','order_book_to_revenue',2.69,'x','Order Book / Revenue','Order book of ₹73,882 crore against FY26 revenue of ₹27,480 crore — roughly 2.7 years of already-secured future work, backed by ~₹30,000 crore of FY26 order inflow.',TRUE,'verified');
INSERT INTO metric_snapshots (ticker,snapshot_date,metric_key,metric_value,metric_unit,metric_label,metric_note,higher_is_better,status) VALUES ('BEL','2026-03-31','pat_growth_pct',14.38,'%','PAT Growth (FY26)','Full-year PAT ₹6,048 crore. Q4 alone grew a slower 4.6% YoY — profit growth is lagging revenue growth slightly, a margin-dilution signal worth watching into FY27.',TRUE,'verified');
INSERT INTO tech_geo_tags (ticker,label,tag_type,is_active) VALUES ('BEL','Receivables and cash-conversion quality: a large, growing receivable book tied to government payment cycles could pressure working capital and free cash flow if it doesn''t normalise — an active watch item flagged by independent analysts','risk',TRUE);
INSERT INTO tech_geo_tags (ticker,label,tag_type,is_active) VALUES ('BEL','Q4/year-end execution concentration (~37% of annual revenue in one quarter) makes results structurally lumpy and dependent on year-end order-conversion timing','risk',TRUE);
INSERT INTO tech_geo_tags (ticker,label,tag_type,is_active) VALUES ('BEL','India''s Atmanirbhar Bharat defence-indigenisation policy directly favours domestic suppliers like BEL over imports — a structural, government-backed demand tailwind, with a disclosed pipeline including a potential QRSAM mega-order and accelerating exports','tailwind',TRUE);
INSERT INTO bull_bear_cases (ticker,snapshot_date,case_type,case_text,case_order) VALUES ('BEL','2026-03-31','bull','FY26 revenue and profit grew a strong 16% and 14% respectively, with margins holding near management''s own 27%+ guidance — genuine execution against a large, growing order book, not just favourable one-off timing.',1);
INSERT INTO bull_bear_cases (ticker,snapshot_date,case_type,case_text,case_order) VALUES ('BEL','2026-03-31','bull','A debt-free balance sheet with fortress-level cash and deposits (~₹8,572 crore) gives BEL exceptional financial flexibility to invest in R&D and capacity without any leverage risk — rare for a capital-intensive manufacturer.',2);
INSERT INTO bull_bear_cases (ticker,snapshot_date,case_type,case_text,case_order) VALUES ('BEL','2026-03-31','bull','Order book of ₹73,882 crore provides roughly 2.7x FY26 revenue in already-secured future work, with strong FY26 order inflow (~₹30,000 crore) including a growing export component — genuine multi-year visibility backed by India''s structural defence-spending increase.',3);
INSERT INTO bull_bear_cases (ticker,snapshot_date,case_type,case_text,case_order) VALUES ('BEL','2026-03-31','bear','EBITDA margin contracted to 29.1% from 30.7% YoY — employee costs and other expenses grew faster than revenue, a real cost-discipline question even as the topline growth story stays intact.',1);
INSERT INTO bull_bear_cases (ticker,snapshot_date,case_type,case_text,case_order) VALUES ('BEL','2026-03-31','bear','Free cash flow conversion is notably thin (roughly 9% per one independent analysis) despite strong reported profit, with a large and growing receivables book — defence PSU customers (primarily government entities) are typically slow payers, a working-capital dynamic that could pressure returns if it doesn''t normalise.',2);
INSERT INTO bull_bear_cases (ticker,snapshot_date,case_type,case_text,case_order) VALUES ('BEL','2026-03-31','bear','Revenue is heavily back-half/Q4-loaded (roughly 37% of full-year revenue in one quarter) — a structural execution-timing concentration that makes any single quarter''s results disproportionately important and potentially volatile if year-end order execution slips.',3);
INSERT INTO companies (ticker,name,exchange,sector,sub_sector,compare_group,business_core,source_note,moat_note,value_chain_position,value_chain_note) VALUES ('ADANIPORTS','Adani Ports and Special Economic Zone','NSE','Infra & Capital Goods','Ports & Logistics','Infra & Capital Goods','Adani Ports and Special Economic Zone (APSEZ) is India''s largest private port operator, running 12+ ports across India''s coastline (Mundra being the flagship) plus a growing international portfolio (Australia''s NQXT, Colombo''s CWIT, Haifa in Israel). It''s deliberately evolving from a pure cargo-handling port operator into an integrated logistics and marine (offshore support vessel) platform, capturing more of the value chain around each container or tonne of cargo.','APSEZ''s own Q4 & FY26 results release, cross-checked against ITLN, Newkerala and Dailyhunt coverage','Scale (India''s largest private port operator, ~27-28% market share) combined with strategic port locations (Mundra especially) and an increasingly integrated ports-to-logistics-to-marine platform create a genuine infrastructure moat that''s expensive and slow for competitors to replicate — reinforced by the ports-privatisation policy tailwind that continues to favour established, well-capitalised operators.','Sits at the critical trade-infrastructure chokepoint between global shipping and India''s domestic economy — its ports handle roughly 27-28% of India''s total port cargo — and it''s deliberately extending both backward (marine/offshore vessel services) and forward (logistics, trucking, warehousing, rail) to capture more of the value chain around each tonne of cargo.','India''s port-privatisation policy tailwind continues to favour established, well-capitalised operators like APSEZ for new concessions, reinforcing scale advantages already built over two decades.');
INSERT INTO metric_snapshots (ticker,snapshot_date,metric_key,metric_value,metric_unit,metric_label,metric_note,higher_is_better,status) VALUES ('ADANIPORTS','2026-03-31','revenue_growth_pct',26,'%','Revenue Growth (YoY)','Revenue from operations ₹10,738 crore, exceeding the company''s own FY26 guidance. Logistics revenue grew a much faster 55% YoY and Marine revenue 134% YoY — the diversification businesses are growing far faster than the core port business.',TRUE,'verified');
INSERT INTO metric_snapshots (ticker,snapshot_date,metric_key,metric_value,metric_unit,metric_label,metric_note,higher_is_better,status) VALUES ('ADANIPORTS','2026-03-31','ebitda_margin_pct',56.1,'%','EBITDA Margin','Q4 EBITDA ₹6,020 crore. International ports margin rose sharply to a record ~29% (from 13.7% a year ago) — the overseas portfolio is now genuinely accretive, not a growth-stage drag.',TRUE,'verified');
INSERT INTO metric_snapshots (ticker,snapshot_date,metric_key,metric_value,metric_unit,metric_label,metric_note,higher_is_better,status) VALUES ('ADANIPORTS','2026-03-31','cargo_volume_growth_pct',13,'%','Cargo Volume Growth (YoY)','133.4 million tonnes handled this quarter. FY26 total cargo crossed 500 million tonnes for the first time by any Indian integrated transport operator — a genuine scale milestone.',TRUE,'verified');
INSERT INTO metric_snapshots (ticker,snapshot_date,metric_key,metric_value,metric_unit,metric_label,metric_note,higher_is_better,status) VALUES ('ADANIPORTS','2026-03-31','net_debt_ebitda',1.9,'x','Net Debt / EBITDA','Reflects continued heavy capex (₹15,320 crore in FY26) funding the ports-to-logistics transformation and international expansion, tied to an FY31 target of doubling revenue and EBITDA.',FALSE,'verified');
INSERT INTO tech_geo_tags (ticker,label,tag_type,is_active) VALUES ('ADANIPORTS','Heavy, ongoing capex and rising leverage (net debt/EBITDA 1.9x) tied to an ambitious FY31 growth target — real execution risk on a genuinely large, multi-year capital deployment plan','risk',TRUE);
INSERT INTO tech_geo_tags (ticker,label,tag_type,is_active) VALUES ('ADANIPORTS','Adani Group affiliation brings governance and disclosure scrutiny carrying real reputational and cost-of-capital implications, independent of APSEZ''s own operational performance','risk',TRUE);
INSERT INTO tech_geo_tags (ticker,label,tag_type,is_active) VALUES ('ADANIPORTS','India''s port-privatisation tailwind and growing trade volumes support structural demand growth, while international expansion (Australia, Colombo, Israel) diversifies revenue beyond India-only trade cycles','tailwind',TRUE);
INSERT INTO bull_bear_cases (ticker,snapshot_date,case_type,case_text,case_order) VALUES ('ADANIPORTS','2026-03-31','bull','Became the first Indian integrated transport company to handle over 500 million tonnes of cargo in a single financial year, with results exceeding the company''s own FY26 guidance on revenue, EBITDA and capex simultaneously.',1);
INSERT INTO bull_bear_cases (ticker,snapshot_date,case_type,case_text,case_order) VALUES ('ADANIPORTS','2026-03-31','bull','International ports EBITDA surged 180% YoY with margins reaching a record ~29% (up from 13.7%) — the overseas portfolio (Australia, Colombo) is now genuinely accretive to consolidated profitability, not just a growth-stage cost centre.',2);
INSERT INTO bull_bear_cases (ticker,snapshot_date,case_type,case_text,case_order) VALUES ('ADANIPORTS','2026-03-31','bull','Logistics (+55% YoY) and Marine (+134% YoY) are scaling explosively as APSEZ deliberately diversifies beyond pure port cargo handling into an integrated, end-to-end supply chain platform — real business-model evolution.',3);
INSERT INTO bull_bear_cases (ticker,snapshot_date,case_type,case_text,case_order) VALUES ('ADANIPORTS','2026-03-31','bear','Net debt/EBITDA of 1.9x reflects continued heavy capex to fund the ports-to-logistics transformation and international expansion — a real, ongoing leverage commitment tied to execution of an ambitious FY31 target (1 billion tonnes of cargo by December 2030).',1);
INSERT INTO bull_bear_cases (ticker,snapshot_date,case_type,case_text,case_order) VALUES ('ADANIPORTS','2026-03-31','bear','Q4 PAT growth of 9.4% lagged well behind revenue growth of 26% — results were specifically affected by depreciation on newly commissioned assets, meaning near-term reported profit doesn''t yet fully reflect the earnings power of the capital being deployed.',2);
INSERT INTO bull_bear_cases (ticker,snapshot_date,case_type,case_text,case_order) VALUES ('ADANIPORTS','2026-03-31','bear','As part of the broader Adani Group, APSEZ carries governance and disclosure scrutiny that peer infrastructure companies without the same corporate-group history don''t face to the same degree — a real, ongoing consideration for investors independent of operational performance.',3);
INSERT INTO companies (ticker,name,exchange,sector,sub_sector,compare_group,business_core,source_note,moat_note,value_chain_position,value_chain_note) VALUES ('ADANIENT','Adani Enterprises','NSE','Conglomerate','Diversified — Infrastructure Incubator','Conglomerate','Adani Enterprises is the flagship ''incubator'' company of the Adani Group — it builds and scales new infrastructure businesses (airports, roads, data centers, green hydrogen/new energy, copper smelting, mining services) from greenfield stage to maturity, then either keeps them as core holdings or spins them off into separately listed entities (as it has done historically with Adani Ports, Adani Green and Adani Power, and this year with its Adani Wilmar stake). Because it''s perpetually building new capital-intensive assets, reported quarterly profit is often distorted by depreciation on newly commissioned projects and one-off divestment gains &mdash; the underlying operating EBITDA trend is a more useful signal than any single quarter''s headline PAT.','Adani Enterprises'' own Q4 & FY26 results release (adani.com), cross-checked against Republic World, Outlook Business and Business Today','A genuinely distinctive ''business incubation'' model within Indian conglomerates — the demonstrated ability to build, fund and scale multiple large infrastructure businesses from greenfield to maturity and eventually spin them off as independently valuable listed entities is a real, differentiated capability few Indian corporate groups have replicated at this scale. The moat''s dependence on continued access to large-scale capital at reasonable cost is also its key vulnerability, tightly linked to the broader group''s governance reputation.','Operates a distinctive ''build-mature-monetise'' model — incubating capital-intensive infrastructure businesses from scratch (funded by group capital and debt), scaling them to commercial maturity, and then either retaining the cash flows or spinning them off as separately listed companies once self-sustaining — the model that created Adani Ports, Adani Green, Adani Power and Adani Energy Solutions as independent entities.','This is a genuinely different value-creation mechanism than a typical single-business operating company — investors are effectively buying exposure to the Adani Group''s next generation of infrastructure businesses before they''re mature enough to stand alone.');
INSERT INTO metric_snapshots (ticker,snapshot_date,metric_key,metric_value,metric_unit,metric_label,metric_note,higher_is_better,status) VALUES ('ADANIENT','2026-03-31','revenue_growth_pct',20,'%','Revenue Growth (YoY)','Q4 revenue from operations ₹32,439 crore. Full-year FY26 total income grew a much slower 3% YoY — the Q4 acceleration doesn''t represent the full-year trend.',TRUE,'verified');
INSERT INTO metric_snapshots (ticker,snapshot_date,metric_key,metric_value,metric_unit,metric_label,metric_note,higher_is_better,status) VALUES ('ADANIENT','2026-03-31','ebitda_margin_pct',13.8,'%','EBITDA Margin (Q4)','Q4 EBITDA ₹4,479 crore, up just 3% YoY even as revenue grew 20% — margin compression this quarter, reflecting the mix shift as newer, lower-margin capex-heavy businesses (like the copper plant) ramp up.',TRUE,'verified');
INSERT INTO metric_snapshots (ticker,snapshot_date,metric_key,metric_value,metric_unit,metric_label,metric_note,higher_is_better,status) VALUES ('ADANIENT','2026-03-31','pat_growth_pct',31,'%','PAT Growth (FY26)','Full-year PAT ₹9,339 crore. This is overwhelmingly driven by a one-off ₹9,215 crore exceptional gain from selling stakes in Adani Wilmar and cement units to Ambuja Cements — full-year EBITDA was roughly flat YoY, a far less impressive underlying trend. Q4 alone swung to a net loss of ₹221 crore on higher depreciation from newly commissioned assets.',TRUE,'verified');
INSERT INTO metric_snapshots (ticker,snapshot_date,metric_key,metric_value,metric_unit,metric_label,metric_note,higher_is_better,status) VALUES ('ADANIENT','2026-03-31','core_business_ebitda_pct',80,'%','EBITDA from Mature/Contracted Businesses','Management''s own disclosed figure — a genuine, structural shift toward earnings stability as the incubation portfolio matures. Display-only: a higher figure generally signals more predictable earnings, though it also means less exposure to the newer, higher-growth-potential ventures.',TRUE,'verified');
INSERT INTO tech_geo_tags (ticker,label,tag_type,is_active) VALUES ('ADANIENT','Newly commissioned assets (Navi Mumbai Airport, Kutch copper plant) are currently depreciation-heavy and loss-making at the consolidated level — a real, current earnings drag until they ramp to full utilisation','risk',TRUE);
INSERT INTO tech_geo_tags (ticker,label,tag_type,is_active) VALUES ('ADANIENT','Adani Group affiliation brings governance and disclosure scrutiny carrying real reputational and cost-of-capital implications, independent of AEL''s own operational performance','risk',TRUE);
INSERT INTO tech_geo_tags (ticker,label,tag_type,is_active) VALUES ('ADANIENT','The shift to 80% of EBITDA from mature, contracted businesses is a genuine de-risking of the earnings base as the incubation portfolio matures, reducing dependence on any single new venture''s success','tailwind',TRUE);
INSERT INTO bull_bear_cases (ticker,snapshot_date,case_type,case_text,case_order) VALUES ('ADANIENT','2026-03-31','bull','80% of consolidated EBITDA now comes from mature, long-term, contracted businesses (core infrastructure and mining services) — a genuine, disclosed shift toward earnings stability as the incubation portfolio matures, not just an aspiration.',1);
INSERT INTO bull_bear_cases (ticker,snapshot_date,case_type,case_text,case_order) VALUES ('ADANIENT','2026-03-31','bull','Major infrastructure milestones landed in FY26: the Ganga Expressway (India''s largest greenfield expressway project) completed in under 3.5 years, plus continued build-out of Navi Mumbai and Guwahati airports — tangible execution of a genuinely large infrastructure pipeline.',2);
INSERT INTO bull_bear_cases (ticker,snapshot_date,case_type,case_text,case_order) VALUES ('ADANIENT','2026-03-31','bull','Solar module manufacturing sales surged 95% YoY and data center capacity keeps scaling (a new 358MW hyperscale order in Hyderabad) — the newer ''incubating'' businesses are showing real commercial traction, not just capex spend.',3);
INSERT INTO bull_bear_cases (ticker,snapshot_date,case_type,case_text,case_order) VALUES ('ADANIENT','2026-03-31','bear','Adani Enterprises swung to a net loss of ₹221 crore in Q4 (from a ₹3,845 crore profit a year earlier), driven by higher depreciation on newly commissioned assets (Navi Mumbai Airport, the Kutch copper plant) — a real, current earnings hit from the capex-heavy incubation model.',1);
INSERT INTO bull_bear_cases (ticker,snapshot_date,case_type,case_text,case_order) VALUES ('ADANIENT','2026-03-31','bear','FY26''s headline 31% PAT growth is overwhelmingly attributable to a one-off ₹9,215 crore exceptional gain from selling stakes in Adani Wilmar and cement units — full-year EBITDA (the cleaner operating measure) was essentially flat YoY, a much less impressive underlying trend than the reported PAT growth suggests.',2);
INSERT INTO bull_bear_cases (ticker,snapshot_date,case_type,case_text,case_order) VALUES ('ADANIENT','2026-03-31','bear','As part of the broader Adani Group, AEL carries the same governance and disclosure scrutiny as its listed affiliates — a real, ongoing consideration for investors independent of the company''s own operational execution.',3);
INSERT INTO companies (ticker,name,exchange,sector,sub_sector,compare_group,business_core,source_note,moat_note,value_chain_position,value_chain_note) VALUES ('INDIGO','InterGlobe Aviation (IndiGo)','NSE','Aviation','Airlines','Aviation','IndiGo (InterGlobe Aviation) is India''s largest airline by market share, operating 441 aircraft across 97 domestic and 45 international destinations on a low-cost-carrier model. Revenue comes from passenger ticket sales plus a growing ancillary business (baggage, seat selection, cargo), while costs are dominated by fuel and aircraft-lease expenses — unit economics (revenue and cost per available-seat-kilometre) matter more than absolute revenue for judging underlying airline profitability.','IndiGo''s own Q4 & FY26 results press release (goindigo.in), cross-checked against Travel Turtle and Business News This Week coverage','India''s largest airline by domestic market share and route network breadth, reinforced by strong balance-sheet liquidity that lets it weather industry downturns better than smaller or more leveraged rivals — a real advantage in a historically brutal, bankruptcy-prone industry. Airline economics remain fundamentally difficult, though: limited pricing power over fuel and lease costs means even the market leader posted a net loss this year.','Sits at the passenger-facing end of the aviation value chain, leasing (rather than owning) most of its fleet and buying jet fuel and airport slots as its two largest cost inputs — limited pricing power over its biggest expenses means it competes instead on operational efficiency, India''s widest domestic route network, and increasingly on ancillary revenue and premium-segment yield.','The push into long-haul international routes (wide-body aircraft, business class) and a loyalty programme represents a structural shift toward higher-yield revenue segments beyond pure domestic low-cost flying — a multi-year strategic bet still in its early stages.');
INSERT INTO metric_snapshots (ticker,snapshot_date,metric_key,metric_value,metric_unit,metric_label,metric_note,higher_is_better,status) VALUES ('INDIGO','2026-03-31','revenue_growth_pct',6.4,'%','Total Income Growth (FY26)','Total income ₹89,513 crore. Q4 alone grew a slower 3.2% YoY, partly due to Middle East conflict-related capacity disruptions.',TRUE,'verified');
INSERT INTO metric_snapshots (ticker,snapshot_date,metric_key,metric_value,metric_unit,metric_label,metric_note,higher_is_better,status) VALUES ('INDIGO','2026-03-31','capacity_growth_pct',9.5,'%','Capacity Growth (ASKs, FY26)','Available Seat Kilometres. Q4 capacity growth was a slower 3.4% YoY ''despite disruptions arising from the ongoing Middle East conflict,'' per the company''s own release.',TRUE,'verified');
INSERT INTO metric_snapshots (ticker,snapshot_date,metric_key,metric_value,metric_unit,metric_label,metric_note,higher_is_better,status) VALUES ('INDIGO','2026-03-31','cask_ex_fuel_growth_pct',3.8,'%','Non-Fuel Unit Cost Growth (CASK ex-fuel)','Cost per Available Seat Kilometre excluding fuel rose to ₹3.00 — non-fuel costs are outpacing revenue growth, even as fuel costs (CASK ex-fuel... fuel CASK specifically) fell 11.5% YoY.',FALSE,'verified');
INSERT INTO metric_snapshots (ticker,snapshot_date,metric_key,metric_value,metric_unit,metric_label,metric_note,higher_is_better,status) VALUES ('INDIGO','2026-03-31','pat_growth_pct',-15.4,'%','Adjusted Profit Growth (FY26)','Profit excluding forex and exceptional items fell to ₹7,503 crore from ₹8,868 crore a year earlier — a genuine decline even on this ''clean'' basis. Reported results were far worse: a full-year net loss of ₹2,394 crore, driven by sharp rupee depreciation and new labour-code costs.',TRUE,'verified');
INSERT INTO tech_geo_tags (ticker,label,tag_type,is_active) VALUES ('INDIGO','Non-fuel cost inflation (CASK ex-fuel +3.8%) is outpacing revenue growth, a structural profitability concern independent of fuel price swings or currency effects','risk',TRUE);
INSERT INTO tech_geo_tags (ticker,label,tag_type,is_active) VALUES ('INDIGO','Middle East conflict-related disruptions directly constrained capacity growth this quarter, and rupee depreciation plus new labour-code costs are additional, current macro/regulatory headwinds explicitly named by management','risk',TRUE);
INSERT INTO tech_geo_tags (ticker,label,tag_type,is_active) VALUES ('INDIGO','Falling fuel costs (CASK ex-fuel down 11.5% YoY) provide real near-term margin relief, and the internationalisation/premiumisation strategy targets structurally higher-yield revenue beyond domestic low-cost flying','tailwind',TRUE);
INSERT INTO bull_bear_cases (ticker,snapshot_date,case_type,case_text,case_order) VALUES ('INDIGO','2026-03-31','bull','Even in what management called ''an exceptionally challenging operating environment,'' IndiGo delivered ₹7,503 crore of profit excluding forex and exceptional items for FY26, while growing capacity 9.5% and maintaining a strong balance sheet with over ₹5.1 lakh crore of total cash — real resilience, not just survival.',1);
INSERT INTO bull_bear_cases (ticker,snapshot_date,case_type,case_text,case_order) VALUES ('INDIGO','2026-03-31','bull','Fuel costs (fuel CASK) fell 11.5% YoY, a genuine tailwind from lower crude prices, partially offsetting non-fuel cost inflation.',2);
INSERT INTO bull_bear_cases (ticker,snapshot_date,case_type,case_text,case_order) VALUES ('INDIGO','2026-03-31','bull','A deliberate internationalisation and premiumisation push (business class introduction, loyalty programme, long-haul wide-body and XLR aircraft induction, new routes like Delhi/Mumbai-Athens) targets higher-yield segments beyond the traditional domestic low-cost model — genuine strategic evolution, not just capacity expansion.',3);
INSERT INTO bull_bear_cases (ticker,snapshot_date,case_type,case_text,case_order) VALUES ('INDIGO','2026-03-31','bear','IndiGo swung to a full-year net loss of ₹2,394 crore (from a substantial profit the prior year) — even excluding forex and exceptional items, the ''clean'' profit figure fell 15.4% YoY, meaning underlying profitability genuinely deteriorated, not just currency-swing optics.',1);
INSERT INTO bull_bear_cases (ticker,snapshot_date,case_type,case_text,case_order) VALUES ('INDIGO','2026-03-31','bear','Total costs grew 17.2% YoY for the full year against just 6.4% total income growth — a serious, structural cost-growth-outpacing-revenue problem, with non-fuel unit costs (CASK ex-fuel) rising 3.8% even as fuel costs fell, meaning non-fuel costs are the real pressure point.',2);
INSERT INTO bull_bear_cases (ticker,snapshot_date,case_type,case_text,case_order) VALUES ('INDIGO','2026-03-31','bear','Sharp rupee depreciation and new labour-code-related costs were both explicitly named by management as offsetting operational gains — real, current macro and regulatory headwinds outside the company''s direct control, on top of Middle East conflict-related capacity disruptions.',3);
INSERT INTO companies (ticker,name,exchange,sector,sub_sector,compare_group,business_core,source_note,moat_note,value_chain_position,value_chain_note) VALUES ('BAJAJFINSV','Bajaj Finserv','NSE','Financial Services','Diversified Financial Holding','Financial Services','Bajaj Finserv is the holding company of the Bajaj group''s financial-services businesses — its value comes almost entirely from three large subsidiaries: Bajaj Finance (India''s leading consumer-lending NBFC), Bajaj Allianz General Insurance and Bajaj Allianz Life Insurance (now renamed after Bajaj bought out Allianz''s stake). Owning Bajaj Finserv is effectively owning a bundle of lending plus general and life insurance through one listed vehicle, with a smaller set of emerging businesses (health, digital, asset management) still in investment/loss-making mode.','Bajaj Finserv''s own Q4 & FY26 results and investor presentation, cross-checked against MarketsMojo, Whalesbook and APAC Media coverage','A rare, genuinely diversified financial-services platform under one roof — a market-leading consumer-lending NBFC (Bajaj Finance) plus now-wholly-owned general and life insurers — combined with a strong brand and one of India''s widest financial-product distribution reaches. The moat is real, but the holding-company structure means investors get diluted, indirect exposure to each business, and this year''s insurance weakness shows the diversification cuts both ways: no single strong business fully offsets a weak one at the group level.','Sits at the top of a diversified financial-services group as a holding company — it doesn''t directly originate loans or underwrite policies itself, but captures the aggregate value of India''s leading consumer-lending NBFC (Bajaj Finance) plus now-wholly-owned general and life insurers, giving investors bundled exposure to both credit-risk-bearing lending and insurance underwriting in one vehicle.','The buyout of Allianz''s stake marks a strategic pivot from a joint-venture model (shared control, shared risk) to full ownership (full control, full risk) — greater strategic flexibility, but also greater concentration of both upside and execution risk in Bajaj Finserv''s own hands.');
INSERT INTO metric_snapshots (ticker,snapshot_date,metric_key,metric_value,metric_unit,metric_label,metric_note,higher_is_better,status) VALUES ('BAJAJFINSV','2026-03-31','revenue_growth_pct',6,'%','Revenue Growth (Q4 YoY)','Q4 consolidated total income growth was held down by mark-to-market losses on debt and equity portfolios (linked to Middle East conflict-driven market volatility). Excluding those MTM losses, the company says revenue growth would have been 14% — the underlying operating trend is stronger than the headline.',TRUE,'verified');
INSERT INTO metric_snapshots (ticker,snapshot_date,metric_key,metric_value,metric_unit,metric_label,metric_note,higher_is_better,status) VALUES ('BAJAJFINSV','2026-03-31','pat_growth_pct',5.05,'%','PAT Growth (Q4 YoY)','Q4 consolidated PAT ₹2,539 crore. Full-year FY26 PAT grew a similar 10% to ₹9,801 crore — solid but far below the group''s historical 20%+ growth pace, reflecting a genuinely tougher year for the underlying financial-services businesses.',TRUE,'verified');
INSERT INTO metric_snapshots (ticker,snapshot_date,metric_key,metric_value,metric_unit,metric_label,metric_note,higher_is_better,status) VALUES ('BAJAJFINSV','2026-03-31','aum_growth_pct',22,'%','Bajaj Finance AUM Growth','The lending arm (Bajaj Finance) remains the key growth engine — AUM grew 22% YoY to ₹5.09 lakh crore, with Q4 net total income up 21%. Lending is carrying the group while insurance disappoints.',TRUE,'verified');
INSERT INTO metric_snapshots (ticker,snapshot_date,metric_key,metric_value,metric_unit,metric_label,metric_note,higher_is_better,status) VALUES ('BAJAJFINSV','2026-03-31','roe_pct',12.74,'%','Return on Equity','A modest figure for a financial-services group, reflecting the holding-company structure (value is spread across subsidiaries) plus drag from loss-making emerging businesses (₹539 crore of losses in FY26).',TRUE,'verified');
INSERT INTO tech_geo_tags (ticker,label,tag_type,is_active) VALUES ('BAJAJFINSV','Insurance underperformance is a real, current weak spot — flat general-insurance GWP and missed Q4 profit targets, now fully borne by Bajaj Finserv following the Allianz buyout rather than shared with a JV partner','risk',TRUE);
INSERT INTO tech_geo_tags (ticker,label,tag_type,is_active) VALUES ('BAJAJFINSV','Regulatory scrutiny on unsecured lending plus elevated funding costs are squeezing margins across the lending business industry-wide — a structural, sector-level pressure, not company-specific','risk',TRUE);
INSERT INTO tech_geo_tags (ticker,label,tag_type,is_active) VALUES ('BAJAJFINSV','India''s insurance market is projected for significant multi-decade expansion, and full ownership now gives Bajaj Finserv complete strategic flexibility to capture that growth with faster product launches and decisions','tailwind',TRUE);
INSERT INTO bull_bear_cases (ticker,snapshot_date,case_type,case_text,case_order) VALUES ('BAJAJFINSV','2026-03-31','bull','The lending arm (Bajaj Finance) delivered strongly — AUM up 22% YoY to ₹5.09 lakh crore with Q4 net total income up 21% — genuinely carrying group growth while other segments disappointed, a proven, market-leading consumer-lending franchise.',1);
INSERT INTO bull_bear_cases (ticker,snapshot_date,case_type,case_text,case_order) VALUES ('BAJAJFINSV','2026-03-31','bull','Excluding one-off mark-to-market portfolio losses from market volatility, Q4 revenue growth would have been 14% (versus the 6% reported) — the underlying operating momentum is materially stronger than the headline number suggests.',2);
INSERT INTO bull_bear_cases (ticker,snapshot_date,case_type,case_text,case_order) VALUES ('BAJAJFINSV','2026-03-31','bull','Full ownership of the insurance businesses (Bajaj bought out Allianz''s 24-year JV stake for ~₹21,390 crore) gives the group complete strategic control and flexibility over product launches and decisions for the first time — a genuine structural change, not just a shareholding reshuffle.',3);
INSERT INTO bull_bear_cases (ticker,snapshot_date,case_type,case_text,case_order) VALUES ('BAJAJFINSV','2026-03-31','bear','The general insurance arm genuinely disappointed — Q4 Gross Written Premium was flat (~9% below analyst targets) and Q4 profit grew just 2% (26% below targets) — a real, current weak spot in one of the group''s three core businesses, at a time the insurance industry is expected to grow ~10% CAGR.',1);
INSERT INTO bull_bear_cases (ticker,snapshot_date,case_type,case_text,case_order) VALUES ('BAJAJFINSV','2026-03-31','bear','Full-year PAT growth of 10% is well below the group''s historical 20%+ pace, and independent analysts flag margin pressure across lending and insurance from elevated funding costs and regulatory scrutiny on unsecured lending — a genuinely tougher operating environment, not a one-quarter blip.',2);
INSERT INTO bull_bear_cases (ticker,snapshot_date,case_type,case_text,case_order) VALUES ('BAJAJFINSV','2026-03-31','bear','Now that Bajaj fully owns the insurance businesses, it carries 100% of their execution risk directly — the same insurance weakness that showed up this quarter now flows entirely to Bajaj Finserv rather than being shared with a JV partner, and emerging businesses (health, digital, AMC) remain loss-making (₹539 crore drag in FY26).',3);
INSERT INTO companies (ticker,name,exchange,sector,sub_sector,compare_group,business_core,source_note,moat_note,value_chain_position,value_chain_note) VALUES ('JIOFIN','Jio Financial Services','NSE','Financial Services','Fintech / Diversified Financial Holding','Financial Services','Jio Financial Services (JFS), demerged from Reliance Industries in 2023, is a Mukesh Ambani-led financial-services platform building four verticals in parallel &mdash; lending (Jio Credit/Jio Finance), payments (Jio Payments Bank, Jio Payment Solutions), asset management (the Jio BlackRock JV) and insurance broking/underwriting. Its entire thesis rests on cross-selling financial products to Reliance''s 450+ million Jio telecom subscriber base via a digital-first app. It''s a genuine early-stage buildout: revenue is scaling explosively but profit is deliberately depressed by heavy investment.','Jio Financial''s own Q4 FY26 results and earnings call, cross-checked against Univest, Medianama, AlphaSpread and Whalesbook coverage','The core moat is potential rather than proven: privileged access to Reliance''s 450M+ Jio subscriber base is a genuinely unique distribution advantage no standalone fintech can replicate, and marquee partnerships (BlackRock for AMC, Allianz for insurance) add credible product expertise. But unlike an incumbent like Bajaj Finance with a decades-proven lending book, JFS''s moat is still a thesis being tested — the explosive revenue growth is real evidence it''s working, but durable, profitable competitive advantage is still years of execution away from being confirmed.','Building an integrated, digital-first financial-services stack (Borrow / Invest / Transact / Protect) that sits directly on top of Reliance''s existing consumer ecosystem — the differentiator isn''t any single product but the ability to cross-sell lending, payments, mutual funds and insurance to a captive 450M+ Jio subscriber base through one AI-driven app, a distribution advantage no standalone fintech can match.','Strategic partnerships anchor each vertical: BlackRock for asset management, Allianz for reinsurance and upcoming general/life insurance — JFS is combining Reliance''s distribution reach with established global partners'' product expertise rather than building every capability from scratch.');
INSERT INTO metric_snapshots (ticker,snapshot_date,metric_key,metric_value,metric_unit,metric_label,metric_note,higher_is_better,status) VALUES ('JIOFIN','2026-03-31','revenue_growth_pct',106.5,'%','Revenue Growth (Q4 YoY)','Q4 revenue from operations nearly doubled to ₹1,018.51 crore. FY26 total income (ex-dividends) rose 78% to ₹3,274 crore — genuinely explosive top-line scaling off a small base, driven by lending, payments and insurance broking all ramping at once.',TRUE,'verified');
INSERT INTO metric_snapshots (ticker,snapshot_date,metric_key,metric_value,metric_unit,metric_label,metric_note,higher_is_better,status) VALUES ('JIOFIN','2026-03-31','pat_growth_pct',-13.88,'%','PAT Growth (Q4 YoY)','Consolidated Q4 PAT fell to ₹272.22 crore. The decline is a deliberate growth-vs-profitability trade-off: total expenses rose 327% YoY on heavy business-building investment, plus Jio Payments Bank''s operating loss now consolidates fully into JFS''s books (it became a 100% subsidiary in June 2025).',TRUE,'verified');
INSERT INTO metric_snapshots (ticker,snapshot_date,metric_key,metric_value,metric_unit,metric_label,metric_note,higher_is_better,status) VALUES ('JIOFIN','2026-03-31','aum_growth_pct',156,'%','Lending AUM Growth (Jio Credit)','Jio Credit AUM surged to ₹25,711 crore, up 156% YoY (a ~149x jump since FY24 off a near-zero base), driven entirely by organic disbursements. Home loans/LAP are 45% of the book, corporate loans 44%.',TRUE,'verified');
INSERT INTO metric_snapshots (ticker,snapshot_date,metric_key,metric_value,metric_unit,metric_label,metric_note,higher_is_better,status) VALUES ('JIOFIN','2026-03-31','roe_pct',NULL,'%','Return on Equity','Not meaningful yet — JFS carries a very large ₹1.33 lakh crore net worth (much of it from the Reliance demerger) against still-small early-stage profits, so a computed RoE would understate the business and mislead. Shown as — rather than a distorted figure.',TRUE,'verified');
INSERT INTO tech_geo_tags (ticker,label,tag_type,is_active) VALUES ('JIOFIN','Deep growth-stage unprofitability: PAT falling 14% while expenses surge 327% means investors are underwriting years of continued heavy investment before profitability matches the revenue scaling — real execution risk over a multi-year horizon','risk',TRUE);
INSERT INTO tech_geo_tags (ticker,label,tag_type,is_active) VALUES ('JIOFIN','Intense competition in India''s digital-lending and payments markets means the 49% disbursement growth and rapid AUM ramp must be sustained against well-funded fintech and bank rivals — not guaranteed','risk',TRUE);
INSERT INTO tech_geo_tags (ticker,label,tag_type,is_active) VALUES ('JIOFIN','The Reliance ecosystem cross-sell opportunity (450M+ Jio subscribers, 19,000+ pin codes, 23M app users) plus marquee partnerships (BlackRock, Allianz) give JFS a genuinely differentiated distribution-and-expertise combination few fintechs can replicate','tailwind',TRUE);
INSERT INTO bull_bear_cases (ticker,snapshot_date,case_type,case_text,case_order) VALUES ('JIOFIN','2026-03-31','bull','Revenue nearly doubled YoY (Q4 +106.5%, FY26 +78%) with lending AUM up 156% — genuinely explosive scaling across lending, payments, asset management and insurance broking simultaneously, all driven by organic growth rather than acquisitions.',1);
INSERT INTO bull_bear_cases (ticker,snapshot_date,case_type,case_text,case_order) VALUES ('JIOFIN','2026-03-31','bull','Core operating income now drives 54% of net total income (up from 20% a year ago) — a real, structural shift away from passive treasury/dividend income toward a genuine operating financial-services business, exactly the maturation the thesis requires.',2);
INSERT INTO bull_bear_cases (ticker,snapshot_date,case_type,case_text,case_order) VALUES ('JIOFIN','2026-03-31','bull','The Jio BlackRock AMC reached ₹15,200+ crore AUM with over 40% of inflows from beyond India''s top 30 cities — evidence the Reliance-scale distribution advantage (450M+ Jio subscribers, 19,000+ pin codes) is translating into genuine financial-product reach, not just a theoretical edge.',3);
INSERT INTO bull_bear_cases (ticker,snapshot_date,case_type,case_text,case_order) VALUES ('JIOFIN','2026-03-31','bear','Consolidated PAT fell 14% YoY as total expenses surged 327% — this is a company deliberately sacrificing near-term profit for growth, which means investors are underwriting 3-5 years of continued execution before profitability catches up to the revenue scaling, with no guarantee it does.',1);
INSERT INTO bull_bear_cases (ticker,snapshot_date,case_type,case_text,case_order) VALUES ('JIOFIN','2026-03-31','bear','At a ~₹1.55 lakh crore market cap against current profitability, the valuation prices in substantial future success that hasn''t yet been proven — the buildout is real, but so is the execution risk in a fiercely competitive digital-lending and payments market.',2);
INSERT INTO bull_bear_cases (ticker,snapshot_date,case_type,case_text,case_order) VALUES ('JIOFIN','2026-03-31','bear','Treasury volatility (from late-March market/geopolitical stress) hit both treasury income and JioBlackRock''s AUM this quarter — a reminder that a meaningful part of the current asset base is market-linked and exposed to downturns while the core operating businesses are still too young to fully offset it.',3);
INSERT INTO companies (ticker,name,exchange,sector,sub_sector,compare_group,business_core,source_note,moat_note,value_chain_position,value_chain_note) VALUES ('ETERNAL','Eternal (formerly Zomato)','NSE','Consumer Services','Food Delivery & Quick Commerce','Consumer Services','Eternal (renamed from Zomato) is India''s leading consumer-internet platform spanning four businesses: Zomato (food delivery), Blinkit (quick commerce &mdash; 10-minute grocery/essentials delivery, now the company''s biggest growth engine), Hyperpure (B2B restaurant supplies) and District (going-out/events). Because Blinkit shifted from a marketplace model to an inventory-led (1P) model in FY26, reported revenue is mechanically inflated &mdash; Net Order Value (NOV, the total value of goods/orders flowing through the platform) is the cleaner metric to judge real business scale, not headline revenue.','Eternal''s own Q4 FY26 results and shareholder letter, cross-checked against Sahi.com, Business Standard, Angel One and Quash coverage','Genuine network effects and scale in both food delivery (a two-sided marketplace of restaurants and diners built over 18 years) and quick commerce (Blinkit''s dark-store density and supply-chain efficiency, now demonstrably profitable). The moat is real and Blinkit''s first-ever positive EBITDA is strong evidence it''s durable at scale — but quick commerce is a young, capital-intensive, fiercely contested category, so the moat''s durability is still being actively tested against well-funded rivals rather than fully established.','Operates asset-heavier than a pure marketplace now — Blinkit''s shift to an inventory-led (1P) model and its 2,243 dark stores mean Eternal increasingly owns inventory and last-mile fulfilment infrastructure directly, capturing more margin per order but also carrying more operational and working-capital risk than a commission-only marketplace.','The four businesses (Zomato food delivery, Blinkit quick commerce, Hyperpure B2B supplies, District going-out) each sit at different points of maturity — Blinkit is the growth engine, food delivery the steady profitable base, and District/Hyperpure smaller optionality plays still being built.');
INSERT INTO metric_snapshots (ticker,snapshot_date,metric_key,metric_value,metric_unit,metric_label,metric_note,higher_is_better,status) VALUES ('ETERNAL','2026-03-31','nov_growth_pct',54,'%','B2C Net Order Value Growth (Q4 YoY)','B2C NOV reached ₹26,880 crore. This is the cleanest measure of real platform scale — Blinkit''s NOV alone surged 95.4% YoY to ₹14,386 crore, now exceeding Zomato food delivery''s NOV. Food delivery NOV grew a steadier 18.8%.',TRUE,'verified');
INSERT INTO metric_snapshots (ticker,snapshot_date,metric_key,metric_value,metric_unit,metric_label,metric_note,higher_is_better,status) VALUES ('ETERNAL','2026-03-31','revenue_growth_pct',64,'%','Adjusted Revenue Growth (Q4 YoY)','Like-for-like adjusted revenue growth of 64% is the honest figure. The headline reported revenue growth of 196% (to ₹17,292 crore) is mechanically inflated by Blinkit''s marketplace-to-inventory (1P) accounting shift — reading the headline number badly overstates real growth.',TRUE,'verified');
INSERT INTO metric_snapshots (ticker,snapshot_date,metric_key,metric_value,metric_unit,metric_label,metric_note,higher_is_better,status) VALUES ('ETERNAL','2026-03-31','adj_ebitda_growth_pct',160,'%','Adjusted EBITDA Growth (Q4 YoY)','Consolidated Adjusted EBITDA ₹429 crore. The single most important milestone this quarter: Blinkit turned Adjusted-EBITDA positive for the first time (₹37 crore) — the quick-commerce business is now demonstrably profitable at scale, not just growing.',TRUE,'verified');
INSERT INTO metric_snapshots (ticker,snapshot_date,metric_key,metric_value,metric_unit,metric_label,metric_note,higher_is_better,status) VALUES ('ETERNAL','2026-03-31','pat_growth_pct',346,'%','PAT Growth (Q4 YoY)','Q4 PAT ₹174 crore, well above estimates. But full-year FY26 PAT actually fell to ₹366 crore (from ₹527 crore) — a heavier investment phase earlier in the year (especially Q1) means the strong Q4 doesn''t represent the full-year trend. The quarterly trajectory (Q1 loss → ₹102cr Q3 → ₹174cr Q4) is the more relevant signal.',TRUE,'verified');
INSERT INTO tech_geo_tags (ticker,label,tag_type,is_active) VALUES ('ETERNAL','Fierce quick-commerce competition (Zepto and other well-funded rivals) means Blinkit''s lead and newly-achieved profitability must be continuously defended — a genuine, ongoing competitive risk, not a settled position','risk',TRUE);
INSERT INTO tech_geo_tags (ticker,label,tag_type,is_active) VALUES ('ETERNAL','Deliberate profitability sacrifice for growth: full-year PAT fell despite explosive revenue, so investors are underwriting a multi-year path to the FY29 $1bn Adjusted-EBITDA target rather than current earnings','risk',TRUE);
INSERT INTO tech_geo_tags (ticker,label,tag_type,is_active) VALUES ('ETERNAL','Quick commerce is still early-innings geographically and by assortment (concentrated in top cities, narrow SKU range outside metros) — a long structural runway of expansion, densification and category deepening ahead, each compounding the others','tailwind',TRUE);
INSERT INTO bull_bear_cases (ticker,snapshot_date,case_type,case_text,case_order) VALUES ('ETERNAL','2026-03-31','bull','Blinkit turned Adjusted-EBITDA positive for the first time (₹37 crore) while NOV surged 95.4% YoY — the single biggest milestone this quarter, proving quick commerce can translate explosive scale into actual operating profit, not just growth.',1);
INSERT INTO bull_bear_cases (ticker,snapshot_date,case_type,case_text,case_order) VALUES ('ETERNAL','2026-03-31','bull','109 million Indians transacted over $10 billion through the platform in FY26, with Blinkit''s NOV compounding at 104% CAGR from FY23-26 — genuine, category-defining scale, and management targets $1 billion in Adjusted EBITDA by FY29 (roughly 8x in five years from an already-profitable base).',2);
INSERT INTO bull_bear_cases (ticker,snapshot_date,case_type,case_text,case_order) VALUES ('ETERNAL','2026-03-31','bull','Quick commerce is still concentrated in the top 15-20 cities and a narrow product range (Delhi NCR offers ~80,000 SKUs versus ~20,000 in newer markets) — geographic expansion, assortment deepening and demand densification are all still early innings, each compounding on the others.',3);
INSERT INTO bull_bear_cases (ticker,snapshot_date,case_type,case_text,case_order) VALUES ('ETERNAL','2026-03-31','bear','Full-year FY26 PAT actually declined to ₹366 crore (from ₹527 crore) despite the explosive revenue growth — profitability is being deliberately sacrificed for expansion, so investors are underwriting continued execution rather than banking current earnings.',1);
INSERT INTO bull_bear_cases (ticker,snapshot_date,case_type,case_text,case_order) VALUES ('ETERNAL','2026-03-31','bear','The headline 196% reported revenue growth is mechanically inflated by Blinkit''s marketplace-to-inventory accounting shift — the honest like-for-like figure is 64%, and reading the headline number badly overstates the real underlying growth rate.',2);
INSERT INTO bull_bear_cases (ticker,snapshot_date,case_type,case_text,case_order) VALUES ('ETERNAL','2026-03-31','bear','Competitive intensity in quick commerce is genuinely fierce and repeatedly flagged by analysts — Zepto and other well-funded rivals are building speed and density, meaning Blinkit''s lead and margins must be defended continuously against deep-pocketed competition, not assumed as durable.',3);
INSERT INTO companies (ticker,name,exchange,sector,sub_sector,compare_group,business_core,source_note,moat_note,value_chain_position,value_chain_note) VALUES ('TRENT','Trent','NSE','Consumer Services','Fashion & Value Retail','Consumer Services','Trent (Tata Group) is one of India''s fastest-growing fashion and value retailers, operating premium family-fashion stores (Westside), a rapidly expanding value-fashion format (Zudio, its main growth engine, approaching 1,000 stores) and a grocery/essentials business (Star). Growth is driven overwhelmingly by aggressive new-store rollout &mdash; especially Zudio into Tier 2/3 cities &mdash; making store additions and like-for-like (same-store) sales the two metrics that together reveal whether growth is genuine expansion or just running to stand still.','Trent''s own Q4 & FY26 results release, cross-checked against ICICI Direct Research, HDFC Sky and MarketsMojo coverage','A powerful own-brand/private-label model (Zudio and Westside are almost entirely proprietary merchandise) combined with fast, disciplined store-rollout execution gives Trent a genuine cost and exclusivity moat in India''s organised value-retail shift — Zudio in particular has proven a durable, hard-to-replicate value-fashion format. The moat is real, but the low like-for-like growth and premium valuation mean the market is pricing in near-flawless continued execution of the expansion story rather than just the strength of the existing base.','A vertically-engaged fashion retailer — Trent designs and sources most of its own private-label merchandise (Westside and Zudio are almost entirely own-brand, unlike department stores reselling third-party labels), controls pricing and inventory tightly, and sells through its own rapidly expanding owned/leased store network, capturing more margin than a multi-brand reseller.','The heavy own-brand/private-label model (own-brand share in Star grocery rose to 73%) is central to the margin story — private labels generate higher margins, create exclusivity, and drive repeat purchases since the products are only available in Trent''s own stores.');
INSERT INTO metric_snapshots (ticker,snapshot_date,metric_key,metric_value,metric_unit,metric_label,metric_note,higher_is_better,status) VALUES ('TRENT','2026-03-31','revenue_growth_pct',19,'%','Revenue Growth (Q4 YoY)','Consolidated revenue ₹5,028 crore. Driven almost entirely by store-count expansion (retail area +30% YoY) rather than existing-store productivity — revenue per square foot actually declined ~6% as like-for-like growth stayed in low single digits.',TRUE,'verified');
INSERT INTO metric_snapshots (ticker,snapshot_date,metric_key,metric_value,metric_unit,metric_label,metric_note,higher_is_better,status) VALUES ('TRENT','2026-03-31','ebitda_margin_pct',18.6,'%','EBITDA Margin (Q4)','Expanded 242bps YoY, driven by gross-margin improvement (better mix, lower discounting) plus lower employee and rent cost per square foot. Note it fell sequentially from Q3''s ~20.2% on seasonal softness.',TRUE,'verified');
INSERT INTO metric_snapshots (ticker,snapshot_date,metric_key,metric_value,metric_unit,metric_label,metric_note,higher_is_better,status) VALUES ('TRENT','2026-03-31','store_growth_pct',30,'%','Retail Area Growth (YoY)','Total retail footprint grew 30% YoY to ~17.7 million sq ft. Trent added 60 Westside and 212 Zudio stores in FY26 (~1.2 Zudio stores per day in Q4), with ~80% of new Zudio stores in Tier 2/3 cities.',TRUE,'verified');
INSERT INTO metric_snapshots (ticker,snapshot_date,metric_key,metric_value,metric_unit,metric_label,metric_note,higher_is_better,status) VALUES ('TRENT','2026-03-31','pat_growth_pct',30,'%','Adjusted PAT Growth (Q4 YoY)','Adjusted PAT ₹455 crore (standalone). Full-year FY26 PAT grew a more modest 13-25% depending on the measure and labour-code adjustment. Trent also announced its first-ever bonus issue (1:2) — a management confidence signal.',TRUE,'verified');
INSERT INTO tech_geo_tags (ticker,label,tag_type,is_active) VALUES ('TRENT','Low single-digit like-for-like growth and declining revenue per square foot mean growth is almost entirely dependent on continued aggressive store rollout — if new-store economics or the expansion pace falter, the growth story is more exposed than the headline revenue number suggests','risk',TRUE);
INSERT INTO tech_geo_tags (ticker,label,tag_type,is_active) VALUES ('TRENT','Cautious discretionary consumer sentiment (flagged by management, tied to geopolitical/inflation uncertainty) is a real, current demand-side headwind for a value-fashion retailer, plus a rich valuation that leaves little room for disappointment','risk',TRUE);
INSERT INTO tech_geo_tags (ticker,label,tag_type,is_active) VALUES ('TRENT','Deep, underpenetrated Tier 2/3 city expansion runway (~80% of new Zudio stores) combined with genuine operating leverage as scale builds gives a long structural growth path in India''s organised-value-retail shift','tailwind',TRUE);
INSERT INTO bull_bear_cases (ticker,snapshot_date,case_type,case_text,case_order) VALUES ('TRENT','2026-03-31','bull','Explosive, disciplined store expansion — 212 new Zudio stores in FY26 (~1.2 per day in Q4), with ~80% of new stores in Tier 2/3 cities targeting underpenetrated, faster-growing markets — a genuine, repeatable growth engine, not a one-off.',1);
INSERT INTO bull_bear_cases (ticker,snapshot_date,case_type,case_text,case_order) VALUES ('TRENT','2026-03-31','bull','EBITDA margin expanded 242bps YoY in Q4 even while expanding aggressively, driven by better product mix, lower discounting, and falling employee/rent cost per square foot (aided by RFID supply-chain integration) — real operating leverage kicking in as scale builds.',2);
INSERT INTO bull_bear_cases (ticker,snapshot_date,case_type,case_text,case_order) VALUES ('TRENT','2026-03-31','bull','Emerging categories (beauty, innerwear, footwear) now contribute over 21% of revenue and Westside online grew 25% — genuine diversification beyond core apparel, plus a maiden 1:2 bonus issue signalling management''s confidence in the medium-term outlook.',3);
INSERT INTO bull_bear_cases (ticker,snapshot_date,case_type,case_text,case_order) VALUES ('TRENT','2026-03-31','bear','Like-for-like (same-store) growth stayed in low single digits and revenue per square foot actually declined ~6% YoY — the impressive 19% headline revenue growth is almost entirely new-store-driven, meaning the existing store base is barely growing, a genuine quality-of-growth concern.',1);
INSERT INTO bull_bear_cases (ticker,snapshot_date,case_type,case_text,case_order) VALUES ('TRENT','2026-03-31','bear','The stock trades at a very rich ~95x P/E (per one analysis) with a PEG around 8x — a valuation leaving minimal room for execution missteps, especially as Q4 PAT fell ~22% sequentially and FII holdings declined from ~19.7% to ~15.6% over the year.',2);
INSERT INTO bull_bear_cases (ticker,snapshot_date,case_type,case_text,case_order) VALUES ('TRENT','2026-03-31','bear','Management explicitly flagged cautious discretionary consumer sentiment (geopolitical uncertainty, inflation, cost-of-living concerns) softening as Q4 progressed — a real demand-side headwind for a value-fashion retailer whose growth depends on continued consumer willingness to spend.',3);


-- ---------------------------------------------------------------------------
-- SECTION 2: Phase 1b enrichment for the original 58 (chain nodes, mgmt profiles, market caps, as_of backfill, cross-company narratives)
-- ---------------------------------------------------------------------------
-- InvestorLens India — Phase 1b bulk import (auto-generated)
-- Run AFTER schema_phase1b.sql. Idempotent-ish: one transaction.

UPDATE companies SET as_of='Q3 FY26 (quarter ended 31 Dec 2025)', fetched_at='2026-06-29' WHERE ticker='HDFCBANK';
UPDATE companies SET as_of='Q3 FY26 (quarter ended 31 Dec 2025)', fetched_at='2026-06-29' WHERE ticker='ICICIBANK';
UPDATE companies SET as_of='Q3 FY26 (quarter ended 31 Dec 2025)', fetched_at='2026-06-29' WHERE ticker='SBIN';
UPDATE companies SET as_of='Q3 FY26 (quarter ended 31 Dec 2025)', fetched_at='2026-06-29' WHERE ticker='KOTAKBANK';
UPDATE companies SET as_of='Q3 FY26 (quarter ended 31 Dec 2025)', fetched_at='2026-06-29' WHERE ticker='AXISBANK';
UPDATE companies SET as_of='Q3 FY26 (quarter ended 31 Dec 2025)', fetched_at='2026-06-29' WHERE ticker='BAJFINANCE';
UPDATE companies SET as_of='Q3 FY26 (quarter ended 31 Dec 2025)', fetched_at='2026-06-29' WHERE ticker='CHOLAFIN';
UPDATE companies SET as_of='Q3 FY26 (quarter ended 31 Dec 2025)', fetched_at='2026-06-29' WHERE ticker='SHRIRAMFIN';
UPDATE companies SET as_of='Q3 FY26 (quarter ended 31 Dec 2025)', fetched_at='2026-06-29' WHERE ticker='BANKBARODA';
UPDATE companies SET as_of='Q3 FY26 (quarter ended 31 Dec 2025)', fetched_at='2026-06-29' WHERE ticker='PNB';
UPDATE companies SET as_of='Q3 FY26 (quarter ended 31 Dec 2025)', fetched_at='2026-06-29' WHERE ticker='FEDERALBNK';
UPDATE companies SET as_of='Q3 FY26 (quarter ended 31 Dec 2025)', fetched_at='2026-06-29' WHERE ticker='IDFCFIRSTB';
UPDATE companies SET as_of='Q3 FY26 (quarter ended 31 Dec 2025)', fetched_at='2026-06-29' WHERE ticker='BANDHANBNK';
UPDATE companies SET as_of='Q3 FY26 (quarter ended 31 Dec 2025)', fetched_at='2026-06-29' WHERE ticker='AUBANK';
UPDATE companies SET as_of='Q3 FY26 (quarter ended 31 Dec 2025)', fetched_at='2026-06-29' WHERE ticker='CANBK';
UPDATE companies SET as_of='Q3 FY26 (quarter ended 31 Dec 2025)', fetched_at='2026-06-29' WHERE ticker='HINDUNILVR';
UPDATE companies SET as_of='Q3 FY26 (quarter ended 31 Dec 2025)', fetched_at='2026-06-29' WHERE ticker='ITC';
UPDATE companies SET as_of='Q3 FY26 (quarter ended 31 Dec 2025)', fetched_at='2026-06-29' WHERE ticker='TCS';
UPDATE companies SET as_of='Q3 FY26 (quarter ended 31 Dec 2025)', fetched_at='2026-06-29' WHERE ticker='INFY';
UPDATE companies SET as_of='Q3 FY26 (quarter ended 31 Dec 2025)', fetched_at='2026-06-30' WHERE ticker='SUNPHARMA';
UPDATE companies SET as_of='Q3 FY26 (quarter ended 31 Dec 2025)', fetched_at='2026-06-30' WHERE ticker='DRREDDY';
UPDATE companies SET as_of='Q3 FY26 (quarter ended 31 Dec 2025)', fetched_at='2026-07-01' WHERE ticker='MARUTI';
UPDATE companies SET as_of='Q3 FY26 (quarter ended 31 Dec 2025)', fetched_at='2026-07-01' WHERE ticker='TMPV';
UPDATE companies SET as_of='Q3 FY26 (quarter ended 31 Dec 2025)', fetched_at='2026-07-01' WHERE ticker='M&M';
UPDATE companies SET as_of='Q3 FY26 (quarter ended 31 Dec 2025)', fetched_at='2026-07-01' WHERE ticker='BAJAJ-AUTO';
UPDATE companies SET as_of='Q3 FY26 (quarter ended 31 Dec 2025)', fetched_at='2026-07-01' WHERE ticker='EICHERMOT';
UPDATE companies SET as_of='Q4 FY26 (quarter ended 31 Mar 2026)', fetched_at='2026-07-01' WHERE ticker='BHARTIARTL';
UPDATE companies SET as_of='Q4 FY26 (quarter ended 31 Mar 2026)', fetched_at='2026-07-01' WHERE ticker='RELIANCE';
UPDATE companies SET as_of='Q4 FY26 (quarter ended 31 Mar 2026)', fetched_at='2026-07-01' WHERE ticker='ONGC';
UPDATE companies SET as_of='Q4 FY26 (quarter ended 31 Mar 2026)', fetched_at='2026-07-01' WHERE ticker='COALINDIA';
UPDATE companies SET as_of='Q4 FY26 (quarter ended 31 Mar 2026)', fetched_at='2026-07-01' WHERE ticker='TATASTEEL';
UPDATE companies SET as_of='Q4 FY26 (quarter ended 31 Mar 2026)', fetched_at='2026-07-01' WHERE ticker='JSWSTEEL';
UPDATE companies SET as_of='Q4 FY26 (quarter ended 31 Mar 2026)', fetched_at='2026-07-01' WHERE ticker='HINDALCO';
UPDATE companies SET as_of='Q4 FY26 (quarter ended 31 Mar 2026)', fetched_at='2026-07-01' WHERE ticker='NTPC';
UPDATE companies SET as_of='Q4 FY26 (quarter ended 31 Mar 2026)', fetched_at='2026-07-01' WHERE ticker='POWERGRID';
UPDATE companies SET as_of='Q4 FY26 (quarter ended 31 Mar 2026)', fetched_at='2026-07-01' WHERE ticker='ULTRACEMCO';
UPDATE companies SET as_of='Q4 FY26 (quarter ended 31 Mar 2026)', fetched_at='2026-07-01' WHERE ticker='GRASIM';
UPDATE companies SET as_of='Q4 FY26 (quarter ended 31 Mar 2026)', fetched_at='2026-07-01' WHERE ticker='ASIANPAINT';
UPDATE companies SET as_of='Q4 FY26 (quarter ended 31 Mar 2026)', fetched_at='2026-07-01' WHERE ticker='TITAN';
UPDATE companies SET as_of='FY26 (year ended 31 Mar 2026), Q4 FY26 for quarterly figures', fetched_at='2026-07-01' WHERE ticker='SBILIFE';
UPDATE companies SET as_of='FY26 (year ended 31 Mar 2026); embedded value/RoEV as of 9M FY26 (most recent disclosed)', fetched_at='2026-07-01' WHERE ticker='HDFCLIFE';
UPDATE companies SET as_of='Q4 FY26 (quarter ended 31 Mar 2026)', fetched_at='2026-07-01' WHERE ticker='HCLTECH';
UPDATE companies SET as_of='Q4 FY26 (quarter ended 31 Mar 2026)', fetched_at='2026-07-01' WHERE ticker='TECHM';
UPDATE companies SET as_of='Q4 FY26 (quarter ended 31 Mar 2026)', fetched_at='2026-07-01' WHERE ticker='WIPRO';
UPDATE companies SET as_of='Q4 FY26 (quarter ended 31 Mar 2026)', fetched_at='2026-07-01' WHERE ticker='NESTLEIND';
UPDATE companies SET as_of='Q4 FY26 (quarter ended 31 Mar 2026)', fetched_at='2026-07-01' WHERE ticker='TATACONSUM';
UPDATE companies SET as_of='Q4 FY26 (quarter ended 31 Mar 2026)', fetched_at='2026-07-01' WHERE ticker='CIPLA';
UPDATE companies SET as_of='Q4 FY26 (quarter ended 31 Mar 2026)', fetched_at='2026-07-01' WHERE ticker='APOLLOHOSP';
UPDATE companies SET as_of='Q4 FY26 (quarter ended 31 Mar 2026)', fetched_at='2026-07-01' WHERE ticker='MAXHEALTH';
UPDATE companies SET as_of='Q4 FY26 (quarter ended 31 Mar 2026); FY26 for order book and recurring PAT', fetched_at='2026-07-01' WHERE ticker='LT';
UPDATE companies SET as_of='Q4 FY26 (quarter ended 31 Mar 2026); FY26 for revenue/PAT growth and order book', fetched_at='2026-07-01' WHERE ticker='BEL';
UPDATE companies SET as_of='Q4 FY26 (quarter ended 31 Mar 2026)', fetched_at='2026-07-01' WHERE ticker='ADANIPORTS';
UPDATE companies SET as_of='Q4 FY26 (quarter ended 31 Mar 2026); FY26 for EBITDA mix and PAT', fetched_at='2026-07-01' WHERE ticker='ADANIENT';
UPDATE companies SET as_of='FY26 (year ended 31 Mar 2026); Q4 FY26 for capacity', fetched_at='2026-07-01' WHERE ticker='INDIGO';
UPDATE companies SET as_of='Q4 FY26 (quarter ended 31 Mar 2026); FY26 for full-year figures', fetched_at='2026-07-01' WHERE ticker='BAJAJFINSV';
UPDATE companies SET as_of='Q4 FY26 (quarter ended 31 Mar 2026); FY26 for full-year figures', fetched_at='2026-07-01' WHERE ticker='JIOFIN';
UPDATE companies SET as_of='Q4 FY26 (quarter ended 31 Mar 2026); FY26 for full-year figures', fetched_at='2026-07-01' WHERE ticker='ETERNAL';
UPDATE companies SET as_of='Q4 FY26 (quarter ended 31 Mar 2026); FY26 for full-year figures', fetched_at='2026-07-01' WHERE ticker='TRENT';
INSERT INTO chain_nodes (ticker,direction,node_name,tag,note) VALUES ('HDFCBANK','upstream','Depositors — CASA + term',NULL,NULL);
INSERT INTO chain_nodes (ticker,direction,node_name,tag,note) VALUES ('HDFCBANK','upstream','Wholesale funding markets',NULL,NULL);
INSERT INTO chain_nodes (ticker,direction,node_name,tag,note) VALUES ('HDFCBANK','upstream','RBI repo & liquidity','neutral','June 2026 hold at 5.50% shapes deposit repricing');
INSERT INTO chain_nodes (ticker,direction,node_name,tag,note) VALUES ('HDFCBANK','downstream','Retail & corporate borrowers',NULL,NULL);
INSERT INTO chain_nodes (ticker,direction,node_name,tag,note) VALUES ('HDFCBANK','downstream','UPI apps own the customer screen','risk','non-bank apps + zero-MDR: volume without fee income');
INSERT INTO chain_nodes (ticker,direction,node_name,tag,note) VALUES ('HDFCBANK','downstream','Account Aggregator data rails','tailwind','consent-based data deepens cross-sell');
INSERT INTO chain_nodes (ticker,direction,node_name,tag,note) VALUES ('ICICIBANK','upstream','Depositors — CASA + term',NULL,NULL);
INSERT INTO chain_nodes (ticker,direction,node_name,tag,note) VALUES ('ICICIBANK','upstream','Wholesale funding markets',NULL,NULL);
INSERT INTO chain_nodes (ticker,direction,node_name,tag,note) VALUES ('ICICIBANK','upstream','RBI repo & liquidity','neutral','June 2026 hold at 5.50%, raised inflation forecast');
INSERT INTO chain_nodes (ticker,direction,node_name,tag,note) VALUES ('ICICIBANK','downstream','Retail & corporate borrowers',NULL,NULL);
INSERT INTO chain_nodes (ticker,direction,node_name,tag,note) VALUES ('ICICIBANK','downstream','iMobile / InstaBIZ own apps','tailwind','strongest in-house digital layer among private banks');
INSERT INTO chain_nodes (ticker,direction,node_name,tag,note) VALUES ('ICICIBANK','downstream','Third-party UPI layer','risk','PhonePe/GPay still own everyday payments');
INSERT INTO chain_nodes (ticker,direction,node_name,tag,note) VALUES ('SBIN','upstream','Largest branch + agent deposit base',NULL,NULL);
INSERT INTO chain_nodes (ticker,direction,node_name,tag,note) VALUES ('SBIN','upstream','Government majority ownership','neutral','policy mandates ride alongside commercial goals');
INSERT INTO chain_nodes (ticker,direction,node_name,tag,note) VALUES ('SBIN','downstream','Borrowers incl. priority sector',NULL,NULL);
INSERT INTO chain_nodes (ticker,direction,node_name,tag,note) VALUES ('SBIN','downstream','Govt scheme delivery channel','tailwind','default rail for DBT & inclusion programmes');
INSERT INTO chain_nodes (ticker,direction,node_name,tag,note) VALUES ('SBIN','downstream','UPI rails at zero MDR','risk','enormous volume, no direct fee income');
INSERT INTO chain_nodes (ticker,direction,node_name,tag,note) VALUES ('KOTAKBANK','upstream','Premium high-CASA depositors','tailwind','low-cost funding base');
INSERT INTO chain_nodes (ticker,direction,node_name,tag,note) VALUES ('KOTAKBANK','upstream','RBI tech-compliance oversight','risk','2024 digital-onboarding ban showed the dependency');
INSERT INTO chain_nodes (ticker,direction,node_name,tag,note) VALUES ('KOTAKBANK','downstream','Retail & corporate borrowers',NULL,NULL);
INSERT INTO chain_nodes (ticker,direction,node_name,tag,note) VALUES ('KOTAKBANK','downstream','Third-party UPI layer','risk','shared disintermediation + zero-MDR dynamic');
INSERT INTO chain_nodes (ticker,direction,node_name,tag,note) VALUES ('AXISBANK','upstream','Depositors — CASA + term',NULL,NULL);
INSERT INTO chain_nodes (ticker,direction,node_name,tag,note) VALUES ('AXISBANK','upstream','Wholesale funding markets',NULL,NULL);
INSERT INTO chain_nodes (ticker,direction,node_name,tag,note) VALUES ('AXISBANK','downstream','UPI payer-PSP sponsor rails','neutral','huge payer-side volume, revenue-light under zero MDR');
INSERT INTO chain_nodes (ticker,direction,node_name,tag,note) VALUES ('AXISBANK','downstream','Retail & corporate borrowers',NULL,NULL);
INSERT INTO chain_nodes (ticker,direction,node_name,tag,note) VALUES ('AXISBANK','downstream','Fintech partner distribution','tailwind','partnerships extend reach + consent-based data');
INSERT INTO chain_nodes (ticker,direction,node_name,tag,note) VALUES ('BAJFINANCE','upstream','Wholesale borrowings — no CASA','risk','margins move with wholesale rates');
INSERT INTO chain_nodes (ticker,direction,node_name,tag,note) VALUES ('BAJFINANCE','upstream','Banks & bond markets',NULL,NULL);
INSERT INTO chain_nodes (ticker,direction,node_name,tag,note) VALUES ('BAJFINANCE','downstream','Unsecured consumer credit','risk','RBI risk-weight tightening squarely hits this book');
INSERT INTO chain_nodes (ticker,direction,node_name,tag,note) VALUES ('BAJFINANCE','downstream','SME & durable-finance borrowers',NULL,NULL);
INSERT INTO chain_nodes (ticker,direction,node_name,tag,note) VALUES ('BAJFINANCE','downstream','FinAI-underwritten originations','tailwind','AI underwriting edge at scale');
INSERT INTO chain_nodes (ticker,direction,node_name,tag,note) VALUES ('CHOLAFIN','upstream','Wholesale & bank borrowings',NULL,NULL);
INSERT INTO chain_nodes (ticker,direction,node_name,tag,note) VALUES ('CHOLAFIN','downstream','Vehicle & CV loan borrowers','risk','largest segment rides the freight/auto cycle');
INSERT INTO chain_nodes (ticker,direction,node_name,tag,note) VALUES ('CHOLAFIN','downstream','Rural & semi-urban customers','risk','incomes track monsoon quality');
INSERT INTO chain_nodes (ticker,direction,node_name,tag,note) VALUES ('CHOLAFIN','downstream','Home, SME & gold loans','tailwind','diversifying away from one cycle');
INSERT INTO chain_nodes (ticker,direction,node_name,tag,note) VALUES ('SHRIRAMFIN','upstream','Wholesale funding — highest cost here','neutral','structurally expensive liabilities');
INSERT INTO chain_nodes (ticker,direction,node_name,tag,note) VALUES ('SHRIRAMFIN','upstream','MUFG equity infusion (pending)','tailwind','~₹39,618 cr brings capital + credibility');
INSERT INTO chain_nodes (ticker,direction,node_name,tag,note) VALUES ('SHRIRAMFIN','downstream','Used-CV owner-operators','risk','earnings track the freight cycle');
INSERT INTO chain_nodes (ticker,direction,node_name,tag,note) VALUES ('SHRIRAMFIN','downstream','Self-employed rural borrowers',NULL,NULL);
INSERT INTO chain_nodes (ticker,direction,node_name,tag,note) VALUES ('BANKBARODA','upstream','Depositors — post-merger scale',NULL,NULL);
INSERT INTO chain_nodes (ticker,direction,node_name,tag,note) VALUES ('BANKBARODA','upstream','Government majority ownership','neutral','policy mandates alongside commercial goals');
INSERT INTO chain_nodes (ticker,direction,node_name,tag,note) VALUES ('BANKBARODA','downstream','Retail & corporate borrowers','tailwind','cleaned-up balance sheet after PSU consolidation');
INSERT INTO chain_nodes (ticker,direction,node_name,tag,note) VALUES ('BANKBARODA','downstream','UPI rails at zero MDR','risk',NULL);
INSERT INTO chain_nodes (ticker,direction,node_name,tag,note) VALUES ('PNB','upstream','Depositors',NULL,NULL);
INSERT INTO chain_nodes (ticker,direction,node_name,tag,note) VALUES ('PNB','upstream','~70% government ownership','neutral','policy + social mandates');
INSERT INTO chain_nodes (ticker,direction,node_name,tag,note) VALUES ('PNB','downstream','Borrowers — post-cleanup book','tailwind','sharply improved asset quality');
INSERT INTO chain_nodes (ticker,direction,node_name,tag,note) VALUES ('PNB','downstream','UPI rails at zero MDR','risk',NULL);
INSERT INTO chain_nodes (ticker,direction,node_name,tag,note) VALUES ('FEDERALBNK','upstream','NRI / Gulf-diaspora deposits','neutral','tied to Gulf economies & USD/INR');
INSERT INTO chain_nodes (ticker,direction,node_name,tag,note) VALUES ('FEDERALBNK','upstream','Blackstone strategic capital','tailwind',NULL);
INSERT INTO chain_nodes (ticker,direction,node_name,tag,note) VALUES ('FEDERALBNK','downstream','Retail & SME borrowers',NULL,NULL);
INSERT INTO chain_nodes (ticker,direction,node_name,tag,note) VALUES ('FEDERALBNK','downstream','Fintech partner distribution','tailwind','partnership model extends reach');
INSERT INTO chain_nodes (ticker,direction,node_name,tag,note) VALUES ('IDFCFIRSTB','upstream','High-CASA retail deposits','tailwind','highest CASA among banks tracked here');
INSERT INTO chain_nodes (ticker,direction,node_name,tag,note) VALUES ('IDFCFIRSTB','downstream','Microfinance & unsecured book','risk','sector-wide MFI stress cycle');
INSERT INTO chain_nodes (ticker,direction,node_name,tag,note) VALUES ('IDFCFIRSTB','downstream','Retail borrowers',NULL,NULL);
INSERT INTO chain_nodes (ticker,direction,node_name,tag,note) VALUES ('IDFCFIRSTB','downstream','Third-party UPI layer','risk',NULL);
INSERT INTO chain_nodes (ticker,direction,node_name,tag,note) VALUES ('BANDHANBNK','upstream','Deposit base — East-India heavy','risk','geographic concentration amplifies regional shocks');
INSERT INTO chain_nodes (ticker,direction,node_name,tag,note) VALUES ('BANDHANBNK','downstream','Microloan (EEB) borrowers','risk','sharp end of the MFI stress cycle');
INSERT INTO chain_nodes (ticker,direction,node_name,tag,note) VALUES ('BANDHANBNK','downstream','Secured retail & housing book','tailwind','risk-weight cut to 100% eases the pivot');
INSERT INTO chain_nodes (ticker,direction,node_name,tag,note) VALUES ('AUBANK','upstream','Deposits amid intense competition','neutral','management calls the environment highly competitive');
INSERT INTO chain_nodes (ticker,direction,node_name,tag,note) VALUES ('AUBANK','upstream','RBI universal-bank approval','tailwind','in-principle nod should lower funding cost');
INSERT INTO chain_nodes (ticker,direction,node_name,tag,note) VALUES ('AUBANK','downstream','MFI & unsecured borrowers','risk','SFB-sector stress');
INSERT INTO chain_nodes (ticker,direction,node_name,tag,note) VALUES ('AUBANK','downstream','Vehicle & secured SME loans',NULL,NULL);
INSERT INTO chain_nodes (ticker,direction,node_name,tag,note) VALUES ('CANBK','upstream','Depositors',NULL,NULL);
INSERT INTO chain_nodes (ticker,direction,node_name,tag,note) VALUES ('CANBK','upstream','Govt ownership + lead-bank role','neutral','coordinates inclusion across states');
INSERT INTO chain_nodes (ticker,direction,node_name,tag,note) VALUES ('CANBK','downstream','Borrowers — record-low NPAs','tailwind','genuine turnaround, CET1 still to build');
INSERT INTO chain_nodes (ticker,direction,node_name,tag,note) VALUES ('CANBK','downstream','UPI rails at zero MDR','risk',NULL);
INSERT INTO chain_nodes (ticker,direction,node_name,tag,note) VALUES ('HINDUNILVR','upstream','Palm oil & crude-linked inputs','risk','cited as the key cost driver');
INSERT INTO chain_nodes (ticker,direction,node_name,tag,note) VALUES ('HINDUNILVR','upstream','Commodity vendors & co-packers',NULL,NULL);
INSERT INTO chain_nodes (ticker,direction,node_name,tag,note) VALUES ('HINDUNILVR','downstream','9-million-outlet general trade',NULL,NULL);
INSERT INTO chain_nodes (ticker,direction,node_name,tag,note) VALUES ('HINDUNILVR','downstream','Quick-commerce shelf','risk','~3% of sales, doubling — squeezes the GT moat');
INSERT INTO chain_nodes (ticker,direction,node_name,tag,note) VALUES ('HINDUNILVR','downstream','D2C digital-native brands','tailwind','Minimalist, OZiva give HUL its own foothold');
INSERT INTO chain_nodes (ticker,direction,node_name,tag,note) VALUES ('ITC','upstream','Own Agri arm — leaf tobacco','tailwind','integrated sourcing at nearly every stage');
INSERT INTO chain_nodes (ticker,direction,node_name,tag,note) VALUES ('ITC','upstream','Farmer procurement networks',NULL,NULL);
INSERT INTO chain_nodes (ticker,direction,node_name,tag,note) VALUES ('ITC','downstream','Cigarette trade — ~80% share','risk','Feb 2026 excise hike; illicit share grows with price');
INSERT INTO chain_nodes (ticker,direction,node_name,tag,note) VALUES ('ITC','downstream','FMCG-Others retail','tailwind','+11.1% — a working hedge');
INSERT INTO chain_nodes (ticker,direction,node_name,tag,note) VALUES ('ITC','downstream','Hotels, agri & paper B2B',NULL,NULL);
INSERT INTO chain_nodes (ticker,direction,node_name,tag,note) VALUES ('NESTLEIND','upstream','Coffee, cocoa, dairy, wheat','risk','global commodity swings hit two big categories');
INSERT INTO chain_nodes (ticker,direction,node_name,tag,note) VALUES ('NESTLEIND','upstream','Parent Nestlé S.A. R&D','tailwind','global brand + science pipeline');
INSERT INTO chain_nodes (ticker,direction,node_name,tag,note) VALUES ('NESTLEIND','downstream','Deep GT distribution',NULL,NULL);
INSERT INTO chain_nodes (ticker,direction,node_name,tag,note) VALUES ('NESTLEIND','downstream','Quick-commerce & modern trade','tailwind','faster-growing channels');
INSERT INTO chain_nodes (ticker,direction,node_name,tag,note) VALUES ('NESTLEIND','downstream','Rural demand','risk','drier monsoon forecast threatens recovery');
INSERT INTO chain_nodes (ticker,direction,node_name,tag,note) VALUES ('TATACONSUM','upstream','Own tea estates & Tata Coffee','neutral','partial backward integration');
INSERT INTO chain_nodes (ticker,direction,node_name,tag,note) VALUES ('TATACONSUM','upstream','Tea auctions','risk','globally traded commodity input');
INSERT INTO chain_nodes (ticker,direction,node_name,tag,note) VALUES ('TATACONSUM','downstream','General trade network',NULL,NULL);
INSERT INTO chain_nodes (ticker,direction,node_name,tag,note) VALUES ('TATACONSUM','downstream','Quick-commerce & e-com','tailwind','62%+ FY26 growth — real share capture');
INSERT INTO chain_nodes (ticker,direction,node_name,tag,note) VALUES ('TCS','upstream','Talent pyramid','risk','AI restructures the staffing-billing model');
INSERT INTO chain_nodes (ticker,direction,node_name,tag,note) VALUES ('TCS','upstream','Global delivery centres',NULL,NULL);
INSERT INTO chain_nodes (ticker,direction,node_name,tag,note) VALUES ('TCS','downstream','Enterprise clients set scope',NULL,NULL);
INSERT INTO chain_nodes (ticker,direction,node_name,tag,note) VALUES ('TCS','downstream','AI-native contracts','tailwind','$1.8bn annualised and compounding');
INSERT INTO chain_nodes (ticker,direction,node_name,tag,note) VALUES ('TCS','downstream','USD/GBP/EUR billing','neutral','weaker rupee flatters reported growth');
INSERT INTO chain_nodes (ticker,direction,node_name,tag,note) VALUES ('INFY','upstream','Talent pyramid','risk','same AI pressure on billing');
INSERT INTO chain_nodes (ticker,direction,node_name,tag,note) VALUES ('INFY','upstream','Topaz platform IP','neutral','management''s stated AI strategy');
INSERT INTO chain_nodes (ticker,direction,node_name,tag,note) VALUES ('INFY','downstream','Enterprise clients set scope',NULL,NULL);
INSERT INTO chain_nodes (ticker,direction,node_name,tag,note) VALUES ('INFY','downstream','USD-heavy billing','neutral','reported vs constant-currency gap');
INSERT INTO chain_nodes (ticker,direction,node_name,tag,note) VALUES ('HCLTECH','upstream','Talent pyramid','risk','2.4% CC growth missed Q4 expectations');
INSERT INTO chain_nodes (ticker,direction,node_name,tag,note) VALUES ('HCLTECH','upstream','ER&D engineering talent','tailwind','fastest segment, +9.8% CC');
INSERT INTO chain_nodes (ticker,direction,node_name,tag,note) VALUES ('HCLTECH','downstream','Enterprise clients',NULL,NULL);
INSERT INTO chain_nodes (ticker,direction,node_name,tag,note) VALUES ('HCLTECH','downstream','HCLSoftware products','tailwind','own IP at a scale peers lack');
INSERT INTO chain_nodes (ticker,direction,node_name,tag,note) VALUES ('HCLTECH','downstream','Advanced-AI deals','tailwind','crossed $620M');
INSERT INTO chain_nodes (ticker,direction,node_name,tag,note) VALUES ('TECHM','upstream','Talent pyramid','risk','AI could shave 2-3% of traditional revenue yearly');
INSERT INTO chain_nodes (ticker,direction,node_name,tag,note) VALUES ('TECHM','downstream','Telecom operator clients','neutral','legacy concentration, actively diluting');
INSERT INTO chain_nodes (ticker,direction,node_name,tag,note) VALUES ('TECHM','downstream','Manufacturing / BFSI / healthcare','tailwind','broad-based diversification is working');
INSERT INTO chain_nodes (ticker,direction,node_name,tag,note) VALUES ('WIPRO','upstream','Talent pyramid','risk','weak organic growth (~-1.3% QoQ CC)');
INSERT INTO chain_nodes (ticker,direction,node_name,tag,note) VALUES ('WIPRO','downstream','Enterprise clients',NULL,NULL);
INSERT INTO chain_nodes (ticker,direction,node_name,tag,note) VALUES ('WIPRO','downstream','Large-deal pipeline','tailwind','bookings +45.4% YoY, conversion pending');
INSERT INTO chain_nodes (ticker,direction,node_name,tag,note) VALUES ('SUNPHARMA','upstream','In-house API plants','tailwind','external API sales under 4% — deep integration');
INSERT INTO chain_nodes (ticker,direction,node_name,tag,note) VALUES ('SUNPHARMA','upstream','Global R&D pipeline',NULL,NULL);
INSERT INTO chain_nodes (ticker,direction,node_name,tag,note) VALUES ('SUNPHARMA','downstream','US specialty Rx (Innovative)','tailwind','21%+ of sales, growing faster than the rest');
INSERT INTO chain_nodes (ticker,direction,node_name,tag,note) VALUES ('SUNPHARMA','downstream','US generics channel','risk','pricing pressure kept it flat this quarter');
INSERT INTO chain_nodes (ticker,direction,node_name,tag,note) VALUES ('SUNPHARMA','downstream','USFDA approval gate','risk','116 pending ANDAs, each carries facility risk');
INSERT INTO chain_nodes (ticker,direction,node_name,tag,note) VALUES ('DRREDDY','upstream','End-to-end API + formulations','neutral','per its own FY26 annual report');
INSERT INTO chain_nodes (ticker,direction,node_name,tag,note) VALUES ('DRREDDY','downstream','US generics — concentrated bets','risk','NA fell 16% on the Lenalidomide cliff');
INSERT INTO chain_nodes (ticker,direction,node_name,tag,note) VALUES ('DRREDDY','downstream','Paragraph-IV pipeline','risk','43 of 75 pending ANDAs are patent challenges');
INSERT INTO chain_nodes (ticker,direction,node_name,tag,note) VALUES ('DRREDDY','downstream','Biosimilars channel','tailwind','oncology & autoimmune pipeline building');
INSERT INTO chain_nodes (ticker,direction,node_name,tag,note) VALUES ('CIPLA','upstream','India USFDA-inspected plants','risk','partner-facility halt hit Lanreotide supply');
INSERT INTO chain_nodes (ticker,direction,node_name,tag,note) VALUES ('CIPLA','upstream','New US Fall River facility','tailwind','built to de-risk geographic concentration');
INSERT INTO chain_nodes (ticker,direction,node_name,tag,note) VALUES ('CIPLA','downstream','US generics & peptides','risk','pricing pressure + Revlimid exclusivity loss');
INSERT INTO chain_nodes (ticker,direction,node_name,tag,note) VALUES ('CIPLA','downstream','India branded prescriptions',NULL,NULL);
INSERT INTO chain_nodes (ticker,direction,node_name,tag,note) VALUES ('CIPLA','downstream','First AB-rated generic launches','tailwind',NULL);
INSERT INTO chain_nodes (ticker,direction,node_name,tag,note) VALUES ('MARUTI','upstream','Steel & component ecosystem',NULL,NULL);
INSERT INTO chain_nodes (ticker,direction,node_name,tag,note) VALUES ('MARUTI','upstream','Chips & rare-earth magnets','risk','China export curbs touch hybrid/EV motors');
INSERT INTO chain_nodes (ticker,direction,node_name,tag,note) VALUES ('MARUTI','upstream','Suzuki platform engineering','neutral','royalty-bearing parent tech');
INSERT INTO chain_nodes (ticker,direction,node_name,tag,note) VALUES ('MARUTI','downstream','Arena / NEXA dealer network',NULL,NULL);
INSERT INTO chain_nodes (ticker,direction,node_name,tag,note) VALUES ('MARUTI','downstream','Small-car buyers','tailwind','GST 2.0 cut 28%→18% structurally reopened the segment');
INSERT INTO chain_nodes (ticker,direction,node_name,tag,note) VALUES ('MARUTI','downstream','Export markets',NULL,NULL);
INSERT INTO chain_nodes (ticker,direction,node_name,tag,note) VALUES ('TMPV','upstream','JLR plants — UK / Slovakia','risk','late-2025 cyberattack halted production');
INSERT INTO chain_nodes (ticker,direction,node_name,tag,note) VALUES ('TMPV','upstream','Chips & rare-earth magnets','risk','EV-push dependency');
INSERT INTO chain_nodes (ticker,direction,node_name,tag,note) VALUES ('TMPV','upstream','India component base',NULL,NULL);
INSERT INTO chain_nodes (ticker,direction,node_name,tag,note) VALUES ('TMPV','downstream','JLR global luxury buyers','risk','China demand soft + luxury tax');
INSERT INTO chain_nodes (ticker,direction,node_name,tag,note) VALUES ('TMPV','downstream','US & EU markets','tailwind','UK-US / EU-US deals cut JLR tariffs');
INSERT INTO chain_nodes (ticker,direction,node_name,tag,note) VALUES ('TMPV','downstream','India mass-market dealers',NULL,NULL);
INSERT INTO chain_nodes (ticker,direction,node_name,tag,note) VALUES ('M&M','upstream','Domestic component suppliers',NULL,NULL);
INSERT INTO chain_nodes (ticker,direction,node_name,tag,note) VALUES ('M&M','upstream','EV platform & battery capex','neutral','management flags margin pressure from the build');
INSERT INTO chain_nodes (ticker,direction,node_name,tag,note) VALUES ('M&M','downstream','SUV buyers via dealers',NULL,NULL);
INSERT INTO chain_nodes (ticker,direction,node_name,tag,note) VALUES ('M&M','downstream','Farmers — monsoon-linked','risk','tractor volumes track farm incomes; US tariff cut helps exports');
INSERT INTO chain_nodes (ticker,direction,node_name,tag,note) VALUES ('M&M','downstream','Mahindra Finance financing loop','tailwind','in-house credit fuels its own vehicle demand');
INSERT INTO chain_nodes (ticker,direction,node_name,tag,note) VALUES ('BAJAJ-AUTO','upstream','Pune / Chakan / Aurangabad plants',NULL,NULL);
INSERT INTO chain_nodes (ticker,direction,node_name,tag,note) VALUES ('BAJAJ-AUTO','upstream','KTM Austria stake','risk','repeated capital infusions into a distressed partner');
INSERT INTO chain_nodes (ticker,direction,node_name,tag,note) VALUES ('BAJAJ-AUTO','downstream','Domestic 2W/3W dealers','neutral','EV already 25% of domestic revenue');
INSERT INTO chain_nodes (ticker,direction,node_name,tag,note) VALUES ('BAJAJ-AUTO','downstream','Africa & LatAm exports','risk','~half of volumes ride EM currencies (naira)');
INSERT INTO chain_nodes (ticker,direction,node_name,tag,note) VALUES ('BAJAJ-AUTO','downstream','Triumph / KTM brand channels',NULL,NULL);
INSERT INTO chain_nodes (ticker,direction,node_name,tag,note) VALUES ('EICHERMOT','upstream','Chennai plants + component base',NULL,NULL);
INSERT INTO chain_nodes (ticker,direction,node_name,tag,note) VALUES ('EICHERMOT','upstream','Heritage brand & design IP','tailwind','lets RE price on styling, not cost');
INSERT INTO chain_nodes (ticker,direction,node_name,tag,note) VALUES ('EICHERMOT','downstream','RE dealers & rider community','risk','GST 2.0 pulled demand forward into Q3');
INSERT INTO chain_nodes (ticker,direction,node_name,tag,note) VALUES ('EICHERMOT','downstream','VECV trucks → infra capex cycle',NULL,NULL);
INSERT INTO chain_nodes (ticker,direction,node_name,tag,note) VALUES ('EICHERMOT','downstream','Emission-norm gate (CAFE/BS7)','tailwind','sector-wide cost rise favours premium margins');
INSERT INTO chain_nodes (ticker,direction,node_name,tag,note) VALUES ('BHARTIARTL','upstream','Spectrum from DoT','risk','AGR dues & spectrum payments are a standing claim');
INSERT INTO chain_nodes (ticker,direction,node_name,tag,note) VALUES ('BHARTIARTL','upstream','Towers, fibre & network gear',NULL,NULL);
INSERT INTO chain_nodes (ticker,direction,node_name,tag,note) VALUES ('BHARTIARTL','upstream','Google AI-hub partnership','tailwind','data-centre / AI infrastructure build');
INSERT INTO chain_nodes (ticker,direction,node_name,tag,note) VALUES ('BHARTIARTL','downstream','India subscribers — ARPU ladder',NULL,NULL);
INSERT INTO chain_nodes (ticker,direction,node_name,tag,note) VALUES ('BHARTIARTL','downstream','Enterprises & data centres','tailwind',NULL);
INSERT INTO chain_nodes (ticker,direction,node_name,tag,note) VALUES ('BHARTIARTL','downstream','Africa opcos','neutral','local-currency sensitivity');
INSERT INTO chain_nodes (ticker,direction,node_name,tag,note) VALUES ('RELIANCE','upstream','Crude & feedstock imports','risk','West Asia conflict disrupted O2C this quarter');
INSERT INTO chain_nodes (ticker,direction,node_name,tag,note) VALUES ('RELIANCE','upstream','Own KG-D6 gas production',NULL,NULL);
INSERT INTO chain_nodes (ticker,direction,node_name,tag,note) VALUES ('RELIANCE','upstream','New Energy giga-complex','neutral','solar, batteries, green H₂ under construction');
INSERT INTO chain_nodes (ticker,direction,node_name,tag,note) VALUES ('RELIANCE','downstream','Jamnagar O2C exports',NULL,NULL);
INSERT INTO chain_nodes (ticker,direction,node_name,tag,note) VALUES ('RELIANCE','downstream','Jio subscribers','tailwind','an imminent Jio listing is the value-unlock event');
INSERT INTO chain_nodes (ticker,direction,node_name,tag,note) VALUES ('RELIANCE','downstream','Retail consumers',NULL,NULL);
INSERT INTO chain_nodes (ticker,direction,node_name,tag,note) VALUES ('ADANIENT','upstream','Group capital & debt','risk','new assets depreciate before they earn');
INSERT INTO chain_nodes (ticker,direction,node_name,tag,note) VALUES ('ADANIENT','upstream','Incubation pipeline — airports, copper, green H₂',NULL,NULL);
INSERT INTO chain_nodes (ticker,direction,node_name,tag,note) VALUES ('ADANIENT','downstream','Matured, contracted cash flows','tailwind','~80% of EBITDA now from mature businesses');
INSERT INTO chain_nodes (ticker,direction,node_name,tag,note) VALUES ('ADANIENT','downstream','New-asset ramp (Navi Mumbai, Kutch)','risk','commissioning drag on returns');
INSERT INTO chain_nodes (ticker,direction,node_name,tag,note) VALUES ('ONGC','upstream','Mature fields — Bombay High','risk','legacy decline needs continuous new drilling');
INSERT INTO chain_nodes (ticker,direction,node_name,tag,note) VALUES ('ONGC','upstream','Exploration acreage',NULL,NULL);
INSERT INTO chain_nodes (ticker,direction,node_name,tag,note) VALUES ('ONGC','downstream','Crude sales at global prices','risk','realizations move with the barrel');
INSERT INTO chain_nodes (ticker,direction,node_name,tag,note) VALUES ('ONGC','downstream','HPCL / MRPL / OPaL downstream','tailwind','captures margin beyond the wellhead');
INSERT INTO chain_nodes (ticker,direction,node_name,tag,note) VALUES ('ONGC','downstream','New-well gas at premium pricing',NULL,NULL);
INSERT INTO chain_nodes (ticker,direction,node_name,tag,note) VALUES ('COALINDIA','upstream','310 mines across 8 states',NULL,NULL);
INSERT INTO chain_nodes (ticker,direction,node_name,tag,note) VALUES ('COALINDIA','upstream','Land & environmental clearances','neutral',NULL);
INSERT INTO chain_nodes (ticker,direction,node_name,tag,note) VALUES ('COALINDIA','downstream','Power utilities via FSAs','risk','solar & wind structurally cap long-run demand');
INSERT INTO chain_nodes (ticker,direction,node_name,tag,note) VALUES ('COALINDIA','downstream','E-auction industrial buyers','neutral','premium slice; inventory +21% flags soft offtake');
INSERT INTO chain_nodes (ticker,direction,node_name,tag,note) VALUES ('COALINDIA','downstream','Import-replacement demand','tailwind','national target to cut 240+ MT of imports');
INSERT INTO chain_nodes (ticker,direction,node_name,tag,note) VALUES ('TATASTEEL','upstream','Captive iron ore','tailwind','structural cost advantage in India');
INSERT INTO chain_nodes (ticker,direction,node_name,tag,note) VALUES ('TATASTEEL','upstream','Coking coal (part-captive, part import)',NULL,NULL);
INSERT INTO chain_nodes (ticker,direction,node_name,tag,note) VALUES ('TATASTEEL','upstream','Licence to operate — NL / UK','risk','active Netherlands non-compliance notices');
INSERT INTO chain_nodes (ticker,direction,node_name,tag,note) VALUES ('TATASTEEL','downstream','India auto & construction','tailwind','infra capex underpins domestic demand');
INSERT INTO chain_nodes (ticker,direction,node_name,tag,note) VALUES ('TATASTEEL','downstream','European end-markets','risk','Chinese overcapacity pressures prices');
INSERT INTO chain_nodes (ticker,direction,node_name,tag,note) VALUES ('TATASTEEL','downstream','Packaging & branded retail steel',NULL,NULL);
INSERT INTO chain_nodes (ticker,direction,node_name,tag,note) VALUES ('JSWSTEEL','upstream','Iron ore — own + auctioned mines',NULL,NULL);
INSERT INTO chain_nodes (ticker,direction,node_name,tag,note) VALUES ('JSWSTEEL','upstream','Debt-funded capacity build','risk','₹1.26 lakh cr programme raises leverage');
INSERT INTO chain_nodes (ticker,direction,node_name,tag,note) VALUES ('JSWSTEEL','upstream','JFE Steel technology JV','neutral',NULL);
INSERT INTO chain_nodes (ticker,direction,node_name,tag,note) VALUES ('JSWSTEEL','downstream','Domestic flat/long buyers','tailwind','12% safeguard duty shields realizations');
INSERT INTO chain_nodes (ticker,direction,node_name,tag,note) VALUES ('JSWSTEEL','downstream','Value-added & export mix',NULL,NULL);
INSERT INTO chain_nodes (ticker,direction,node_name,tag,note) VALUES ('HINDALCO','upstream','Bauxite → alumina (captive)','tailwind','among the deepest integration on the exchange');
INSERT INTO chain_nodes (ticker,direction,node_name,tag,note) VALUES ('HINDALCO','upstream','Copper concentrate imports',NULL,NULL);
INSERT INTO chain_nodes (ticker,direction,node_name,tag,note) VALUES ('HINDALCO','upstream','Scrap feed for Novelis recycling',NULL,NULL);
INSERT INTO chain_nodes (ticker,direction,node_name,tag,note) VALUES ('HINDALCO','downstream','Novelis — cans & auto sheet','risk','Oswego fires + US tariff exposure');
INSERT INTO chain_nodes (ticker,direction,node_name,tag,note) VALUES ('HINDALCO','downstream','India aluminium & copper buyers',NULL,NULL);
INSERT INTO chain_nodes (ticker,direction,node_name,tag,note) VALUES ('HINDALCO','downstream','EV battery materials','tailwind','foil & enclosures — a new leg');
INSERT INTO chain_nodes (ticker,direction,node_name,tag,note) VALUES ('NTPC','upstream','Coal linkage (Coal India FSAs)',NULL,NULL);
INSERT INTO chain_nodes (ticker,direction,node_name,tag,note) VALUES ('NTPC','upstream','Renewable capacity build','risk','FY26 green additions missed internal targets');
INSERT INTO chain_nodes (ticker,direction,node_name,tag,note) VALUES ('NTPC','downstream','State discoms under PPAs','risk','chronically stretched counterparties');
INSERT INTO chain_nodes (ticker,direction,node_name,tag,note) VALUES ('NTPC','downstream','Regulated-return asset base','neutral','CERC tariffs tie earnings to commissioning');
INSERT INTO chain_nodes (ticker,direction,node_name,tag,note) VALUES ('NTPC','downstream','India demand + 500 GW push','tailwind',NULL);
INSERT INTO chain_nodes (ticker,direction,node_name,tag,note) VALUES ('POWERGRID','upstream','Transmission capex & borrowings','risk','debt +13% YoY to fund the build');
INSERT INTO chain_nodes (ticker,direction,node_name,tag,note) VALUES ('POWERGRID','upstream','Equipment & EPC vendors',NULL,NULL);
INSERT INTO chain_nodes (ticker,direction,node_name,tag,note) VALUES ('POWERGRID','downstream','Generators → discoms wheeling','neutral','CERC-regulated return on assets');
INSERT INTO chain_nodes (ticker,direction,node_name,tag,note) VALUES ('POWERGRID','downstream','₹2.44 lakh cr transmission pipeline','tailwind','the 500 GW target needs this grid');
INSERT INTO chain_nodes (ticker,direction,node_name,tag,note) VALUES ('ULTRACEMCO','upstream','Captive limestone reserves',NULL,NULL);
INSERT INTO chain_nodes (ticker,direction,node_name,tag,note) VALUES ('ULTRACEMCO','upstream','Green power — 43% of mix','tailwind','targeting 85% by FY30');
INSERT INTO chain_nodes (ticker,direction,node_name,tag,note) VALUES ('ULTRACEMCO','upstream','Energy & freight costs','risk','West Asia conflict cost ~₹120/tonne EBITDA');
INSERT INTO chain_nodes (ticker,direction,node_name,tag,note) VALUES ('ULTRACEMCO','downstream','India''s widest cement dealer network',NULL,NULL);
INSERT INTO chain_nodes (ticker,direction,node_name,tag,note) VALUES ('ULTRACEMCO','downstream','Infra & PMAY housing demand','tailwind',NULL);
INSERT INTO chain_nodes (ticker,direction,node_name,tag,note) VALUES ('ULTRACEMCO','downstream','Building-materials adjacencies','neutral','chemicals +44%; wires & cables foray');
INSERT INTO chain_nodes (ticker,direction,node_name,tag,note) VALUES ('GRASIM','upstream','Own chlor-alkali feeds VSF','tailwind','chemicals feed the fibre process itself');
INSERT INTO chain_nodes (ticker,direction,node_name,tag,note) VALUES ('GRASIM','upstream','Crude-linked raw materials','risk','hits chemicals and VSF simultaneously');
INSERT INTO chain_nodes (ticker,direction,node_name,tag,note) VALUES ('GRASIM','downstream','VSF → textile mills',NULL,NULL);
INSERT INTO chain_nodes (ticker,direction,node_name,tag,note) VALUES ('GRASIM','downstream','Birla Opus paint dealers','tailwind','crossed 10% share, +370bps');
INSERT INTO chain_nodes (ticker,direction,node_name,tag,note) VALUES ('GRASIM','downstream','UltraTech & AB Capital stakes','neutral','holding-company lens on two more chains');
INSERT INTO chain_nodes (ticker,direction,node_name,tag,note) VALUES ('ASIANPAINT','upstream','TiO₂, monomers, solvents','risk','crude-linked, structurally unhedged; costs eased this qtr');
INSERT INTO chain_nodes (ticker,direction,node_name,tag,note) VALUES ('ASIANPAINT','downstream','Largest paint dealer network','risk','Birla Opus crossed 10% share into this channel');
INSERT INTO chain_nodes (ticker,direction,node_name,tag,note) VALUES ('ASIANPAINT','downstream','Painters & homeowners',NULL,NULL);
INSERT INTO chain_nodes (ticker,direction,node_name,tag,note) VALUES ('ASIANPAINT','downstream','Home-décor services','neutral','Beautiful Homes widens the wallet share');
INSERT INTO chain_nodes (ticker,direction,node_name,tag,note) VALUES ('TITAN','upstream','Gold & diamonds — largely unhedged','risk','price swings inflate revenue, squeeze margin');
INSERT INTO chain_nodes (ticker,direction,node_name,tag,note) VALUES ('TITAN','upstream','Karigar & vendor manufacturing',NULL,NULL);
INSERT INTO chain_nodes (ticker,direction,node_name,tag,note) VALUES ('TITAN','downstream','3,603 own/franchise stores',NULL,NULL);
INSERT INTO chain_nodes (ticker,direction,node_name,tag,note) VALUES ('TITAN','downstream','Damas — international','tailwind','credible new growth vector');
INSERT INTO chain_nodes (ticker,direction,node_name,tag,note) VALUES ('TITAN','downstream','Smart-watch category','risk','-53% YoY in wearables');
INSERT INTO chain_nodes (ticker,direction,node_name,tag,note) VALUES ('SBILIFE','upstream','Policy design & risk capital',NULL,NULL);
INSERT INTO chain_nodes (ticker,direction,node_name,tag,note) VALUES ('SBILIFE','upstream','GST / input-tax-credit regime','risk','sector-wide new-business margin headwind');
INSERT INTO chain_nodes (ticker,direction,node_name,tag,note) VALUES ('SBILIFE','downstream','SBI branch bancassurance','risk','low-cost but concentrated; open-architecture threat');
INSERT INTO chain_nodes (ticker,direction,node_name,tag,note) VALUES ('SBILIFE','downstream','Policyholders','tailwind','18% GST off premiums lifted demand');
INSERT INTO chain_nodes (ticker,direction,node_name,tag,note) VALUES ('HDFCLIFE','upstream','Policy design & risk capital',NULL,NULL);
INSERT INTO chain_nodes (ticker,direction,node_name,tag,note) VALUES ('HDFCLIFE','upstream','Surrender-value regs + GST','risk','quantified margin headwind');
INSERT INTO chain_nodes (ticker,direction,node_name,tag,note) VALUES ('HDFCLIFE','downstream','Banca + agency + digital mix','neutral','structurally more diversified than SBI Life');
INSERT INTO chain_nodes (ticker,direction,node_name,tag,note) VALUES ('HDFCLIFE','downstream','Retail protection buyers','tailwind','mix up nearly 200bps YoY');
INSERT INTO chain_nodes (ticker,direction,node_name,tag,note) VALUES ('APOLLOHOSP','upstream','Doctors & clinical talent',NULL,NULL);
INSERT INTO chain_nodes (ticker,direction,node_name,tag,note) VALUES ('APOLLOHOSP','upstream','New-hospital capex','risk','fresh beds lose money for quarters after opening');
INSERT INTO chain_nodes (ticker,direction,node_name,tag,note) VALUES ('APOLLOHOSP','downstream','Tertiary & quaternary patients',NULL,NULL);
INSERT INTO chain_nodes (ticker,direction,node_name,tag,note) VALUES ('APOLLOHOSP','downstream','Pharmacy + 24/7 digital arm','risk','demerger by Q4 FY27 is a real execution event');
INSERT INTO chain_nodes (ticker,direction,node_name,tag,note) VALUES ('APOLLOHOSP','downstream','International patients','tailwind','medical value travel at higher realizations');
INSERT INTO chain_nodes (ticker,direction,node_name,tag,note) VALUES ('MAXHEALTH','upstream','Clinical talent',NULL,NULL);
INSERT INTO chain_nodes (ticker,direction,node_name,tag,note) VALUES ('MAXHEALTH','upstream','Brownfield/greenfield capex','risk','75%+ occupancy forces capital-heavy growth');
INSERT INTO chain_nodes (ticker,direction,node_name,tag,note) VALUES ('MAXHEALTH','downstream','North-India patient base','risk','geographic concentration');
INSERT INTO chain_nodes (ticker,direction,node_name,tag,note) VALUES ('MAXHEALTH','downstream','Max@Home + Max Lab digital','tailwind','31% of revenue and compounding');
INSERT INTO chain_nodes (ticker,direction,node_name,tag,note) VALUES ('MAXHEALTH','downstream','International patients','tailwind','9% of hospital revenue');
INSERT INTO chain_nodes (ticker,direction,node_name,tag,note) VALUES ('LT','upstream','Bid wins → order backlog','tailwind','₹17.8 lakh cr FY27 prospects pipeline');
INSERT INTO chain_nodes (ticker,direction,node_name,tag,note) VALUES ('LT','upstream','Materials & subcontractors','risk','Energy Projects cost overruns cut margins to 6.8%');
INSERT INTO chain_nodes (ticker,direction,node_name,tag,note) VALUES ('LT','downstream','Govt & PSU infrastructure clients',NULL,NULL);
INSERT INTO chain_nodes (ticker,direction,node_name,tag,note) VALUES ('LT','downstream','Middle East hydrocarbon clients','risk','management explicitly guides for the exposure');
INSERT INTO chain_nodes (ticker,direction,node_name,tag,note) VALUES ('LT','downstream','Completed-asset handover',NULL,NULL);
INSERT INTO chain_nodes (ticker,direction,node_name,tag,note) VALUES ('BEL','upstream','Indigenous defence R&D','tailwind','Atmanirbhar policy structurally favours it');
INSERT INTO chain_nodes (ticker,direction,node_name,tag,note) VALUES ('BEL','upstream','Imported electronic components',NULL,NULL);
INSERT INTO chain_nodes (ticker,direction,node_name,tag,note) VALUES ('BEL','downstream','MoD & armed forces — captive buyer','risk','receivables pile on government payment cycles');
INSERT INTO chain_nodes (ticker,direction,node_name,tag,note) VALUES ('BEL','downstream','Q4-skewed deliveries','neutral','~37% of revenue lands in one quarter');
INSERT INTO chain_nodes (ticker,direction,node_name,tag,note) VALUES ('BEL','downstream','Defence exports (small, growing)',NULL,NULL);
INSERT INTO chain_nodes (ticker,direction,node_name,tag,note) VALUES ('ADANIPORTS','upstream','Port concessions + FY31 capex','risk','net debt/EBITDA at 1.9x and building');
INSERT INTO chain_nodes (ticker,direction,node_name,tag,note) VALUES ('ADANIPORTS','upstream','Marine & offshore services','neutral','backward extension');
INSERT INTO chain_nodes (ticker,direction,node_name,tag,note) VALUES ('ADANIPORTS','downstream','~27-28% of India''s port cargo','tailwind','privatisation + trade growth tailwind');
INSERT INTO chain_nodes (ticker,direction,node_name,tag,note) VALUES ('ADANIPORTS','downstream','Logistics, rail & warehousing','neutral','forward capture around each tonne');
INSERT INTO chain_nodes (ticker,direction,node_name,tag,note) VALUES ('INDIGO','upstream','Leased A320neo-family fleet',NULL,NULL);
INSERT INTO chain_nodes (ticker,direction,node_name,tag,note) VALUES ('INDIGO','upstream','Jet fuel','tailwind','fuel CASK -11.5% YoY — near-term relief');
INSERT INTO chain_nodes (ticker,direction,node_name,tag,note) VALUES ('INDIGO','upstream','Airport slots & non-fuel costs','risk','ex-fuel CASK +3.8% outpaces revenue');
INSERT INTO chain_nodes (ticker,direction,node_name,tag,note) VALUES ('INDIGO','downstream','Domestic passengers — widest network',NULL,NULL);
INSERT INTO chain_nodes (ticker,direction,node_name,tag,note) VALUES ('INDIGO','downstream','International + premium/ancillary','tailwind',NULL);
INSERT INTO chain_nodes (ticker,direction,node_name,tag,note) VALUES ('INDIGO','downstream','West Asia route constraints','risk','conflict disruptions capped capacity growth');
INSERT INTO chain_nodes (ticker,direction,node_name,tag,note) VALUES ('BAJAJFINSV','upstream','Holding-co capital allocation',NULL,NULL);
INSERT INTO chain_nodes (ticker,direction,node_name,tag,note) VALUES ('BAJAJFINSV','upstream','Full ownership of both insurers','tailwind','consolidates the underwriting value');
INSERT INTO chain_nodes (ticker,direction,node_name,tag,note) VALUES ('BAJAJFINSV','downstream','Bajaj Finance lending engine','risk','unsecured-credit scrutiny + funding costs');
INSERT INTO chain_nodes (ticker,direction,node_name,tag,note) VALUES ('BAJAJFINSV','downstream','Insurance policyholders','risk','flat GWP and weak margins right now');
INSERT INTO chain_nodes (ticker,direction,node_name,tag,note) VALUES ('BAJAJFINSV','downstream','India insurance runway','tailwind','multi-decade penetration story');
INSERT INTO chain_nodes (ticker,direction,node_name,tag,note) VALUES ('JIOFIN','upstream','Reliance/Jio ecosystem — 450M users','tailwind','captive distribution no fintech can match');
INSERT INTO chain_nodes (ticker,direction,node_name,tag,note) VALUES ('JIOFIN','upstream','Growth-stage spend','risk','expenses +327% while PAT fell 14%');
INSERT INTO chain_nodes (ticker,direction,node_name,tag,note) VALUES ('JIOFIN','downstream','Digital borrowers','risk','crowded lending & payments market');
INSERT INTO chain_nodes (ticker,direction,node_name,tag,note) VALUES ('JIOFIN','downstream','MF, insurance & payments cross-sell',NULL,NULL);
INSERT INTO chain_nodes (ticker,direction,node_name,tag,note) VALUES ('ETERNAL','upstream','Blinkit 1P inventory + 2,243 dark stores','risk','asset-heavy shift adds working-capital risk');
INSERT INTO chain_nodes (ticker,direction,node_name,tag,note) VALUES ('ETERNAL','upstream','Restaurant partners',NULL,NULL);
INSERT INTO chain_nodes (ticker,direction,node_name,tag,note) VALUES ('ETERNAL','downstream','Food-delivery diners','neutral','the mature, profitable side');
INSERT INTO chain_nodes (ticker,direction,node_name,tag,note) VALUES ('ETERNAL','downstream','Quick-commerce households','risk','Zepto-led competition on its lead');
INSERT INTO chain_nodes (ticker,direction,node_name,tag,note) VALUES ('ETERNAL','downstream','Tier-2+ expansion runway','tailwind','early innings by geography and assortment');
INSERT INTO chain_nodes (ticker,direction,node_name,tag,note) VALUES ('TRENT','upstream','Own design & private-label sourcing','tailwind','Westside/Zudio are almost entirely own-brand');
INSERT INTO chain_nodes (ticker,direction,node_name,tag,note) VALUES ('TRENT','upstream','Store leases & fit-out pipeline',NULL,NULL);
INSERT INTO chain_nodes (ticker,direction,node_name,tag,note) VALUES ('TRENT','downstream','Zudio value shoppers — Tier 2/3','tailwind','~80% of new stores go here');
INSERT INTO chain_nodes (ticker,direction,node_name,tag,note) VALUES ('TRENT','downstream','Westside urban shoppers',NULL,NULL);
INSERT INTO chain_nodes (ticker,direction,node_name,tag,note) VALUES ('TRENT','downstream','Same-store momentum','risk','low single-digit LFL, falling revenue/sq ft');
INSERT INTO mgmt_profiles (ticker,promoter_pct,promoter_who,pledge_note,capital_note,as_of,source_note) VALUES ('RELIANCE',50.01,'Ambani family (via promoter group entities)','No promoter pledge flagged in the quarter''s shareholding trackers.','FY26 dividend of ₹6/share declared; the flagship capital event is the Jio Platforms IPO — DRHP filed 19 Jun 2026 — which would unlock value from inside the promoter-controlled structure.','Mar 2026','Choice/Angel/Screener shareholding trackers');
INSERT INTO mgmt_profiles (ticker,promoter_pct,promoter_who,pledge_note,capital_note,as_of,source_note) VALUES ('TCS',71.77,'Tata Sons (core holding of the Tata group)','None — TCS''s own SEBI filings state promoter shares are not pledged or encumbered.','The Tata group''s cash engine: consistently high dividend payouts (board meets 9 Jul 2026 to consider the next interim dividend) and a history of regular buybacks routed largely to Tata Sons.','Mar 2026','Angel/Screener + TCS exchange SHP filing');
INSERT INTO mgmt_profiles (ticker,promoter_pct,promoter_who,pledge_note,capital_note,as_of,source_note) VALUES ('HDFCBANK',0,'No promoter — professionally managed since the HDFC Ltd merger (Jul 2023)','Not applicable — there is no promoter to pledge.','Institutions hold ~74%; capital allocation is board-driven. FY26 brought the bank''s first-ever bonus issue plus a special interim dividend — a professionally-run register in action.','Mar 2026','Choice + IIFL shareholding trackers');
INSERT INTO mgmt_profiles (ticker,promoter_pct,promoter_who,pledge_note,capital_note,as_of,source_note) VALUES ('ICICIBANK',0,'No promoter — fully institutionally owned, board-managed','Not applicable — there is no promoter to pledge.','Institutions hold ~75% of the register; management incentives run on performance, not family control.','Mar 2026','Choice + IIFL shareholding trackers');
INSERT INTO mgmt_profiles (ticker,promoter_pct,promoter_who,pledge_note,capital_note,as_of,source_note) VALUES ('SBIN',55.5,'Government of India','Not applicable — the promoter is the sovereign.','GoI stake diluted from ~57.5% after the FY26 equity raise (QIP) — the bank funded growth by issuing shares, trimming the state''s slice while keeping clear majority control.','Mar 2026','Kotak Neo (Mar''26) + Choice tracker');
INSERT INTO mgmt_profiles (ticker,promoter_pct,promoter_who,pledge_note,capital_note,as_of,source_note) VALUES ('BHARTIARTL',48.87,'Bharti Telecom (Mittal family + Singtel) 40.47% + other promoter entities','No pledge flagged in current trackers; promoter action is about buying more, not borrowing against it.','Chairman Mittal''s stated decade plan: consolidate promoter holding under Bharti Telecom to 51% using "twin levers" of buybacks and dividends — while explicitly refusing to hollow out the business the way he says IT firms have. FY26 also saw a ₹28,200 cr share-swap lifting Airtel''s stake in Airtel Africa to 79%.','Mar 2026','Choice tracker + Business Standard (May 2026 earnings call)');
INSERT INTO mgmt_profiles (ticker,promoter_pct,promoter_who,pledge_note,capital_note,as_of,source_note) VALUES ('INFY',14.4,'Founders'' families (Nilekani, Murthy, Gopalakrishnan et al)','None — promoter Nandan Nilekani''s Apr-2026 SEBI declaration confirms zero encumbrance.','Ran a record ₹18,000 cr buyback at ₹1,800/share (Nov 2025) that promoters chose NOT to tender — their stake rose mechanically as the share count shrank. New tax rules that treat buyback proceeds as dividend income made tendering unattractive for them.','Mar 2026','Choice tracker + SEBI Reg 31(4) filing + Business Today');
INSERT INTO mgmt_profiles (ticker,promoter_pct,promoter_who,pledge_note,capital_note,as_of,source_note) VALUES ('ITC',0,'No classified promoter — British American Tobacco''s arm (TMI) holds 17.79% as the largest shareholder, but as a public shareholder','Not applicable — no classified promoter.','BAT has been steadily trimming: TMI''s stake fell from 24.0% (Dec 2022) to 17.79% (Mar 2026), while still collecting ₹3,896 cr of FY26 dividends. ITC also bought three brand trademarks from BAT for ₹404 cr — the two are slowly disentangling.','Mar 2026','Choice tracker + FY26 related-party disclosures (Whalesbook)');
INSERT INTO mgmt_profiles (ticker,promoter_pct,promoter_who,pledge_note,capital_note,as_of,source_note) VALUES ('HINDUNILVR',61.9,'Unilever PLC (multinational parent)','None reported — an MNC parent has no need to pledge its subsidiary''s shares.','Classic MNC-parent model: high, steady dividend payouts (₹22/share due Jun 2026) flowing largely to Unilever; strategy set in lockstep with the global parent.','Mar 2026','Kotak Neo (Mar''26) + Choice/Groww/Upstox trackers');
INSERT INTO mgmt_profiles (ticker,promoter_pct,promoter_who,pledge_note,capital_note,as_of,source_note) VALUES ('BAJFINANCE',54.7,'Bajaj Finserv Ltd (the listed holding company)','No pledge flagged in current trackers.','The promoter is itself a listed company on this platform — Bajaj Finserv — so ''promoter confidence'' here is really a group capital-allocation decision one level up.','Mar 2026','Kotak Neo (Mar''26) + Angel tracker');
INSERT INTO mgmt_profiles (ticker,promoter_pct,promoter_who,pledge_note,capital_note,as_of,source_note) VALUES ('BAJAJFINSV',58.81,'Bajaj family (via Bajaj Holdings & promoter group)','No pledge flagged in current trackers.','FY26''s defining move: buying out Allianz''s 26% in both insurance JVs to own them 100% — concentrating the group''s insurance economics under the family-controlled holding company.','Mar 2026','Choice tracker (Mar''26)');
INSERT INTO mgmt_profiles (ticker,promoter_pct,promoter_who,pledge_note,capital_note,as_of,source_note) VALUES ('MARUTI',58.5,'Suzuki Motor Corporation, Japan (56.28% held directly)','None reported — the promoter is a global carmaker parent.','Parent-driven allocation: Suzuki''s India subsidiary is now its largest, and capex flows into new capacity (Kharkhoda) and EV/hybrid programmes are set jointly with Japan — royalty payments to Suzuki remain the standing minority-shareholder watch-item.','Mar 2026','Kotak Neo (Mar''26) + Screener');
INSERT INTO mgmt_profiles (ticker,promoter_pct,promoter_who,pledge_note,capital_note,as_of,source_note) VALUES ('ADANIENT',74.67,'Adani family (S.B. Adani Family Trust holds 49.67% directly)','The promoter trust''s FY26 SEBI declaration states NO fresh encumbrance was created during the year; the group had prepaid over $2 bn of share-backed financing after the 2023 short-seller episode. History says watch this line every quarter.','Promoters BOUGHT through the year — stake rose from 73.97% (Dec 2025) to 74.67% (Mar 2026); FY26 also closed the Jaiprakash Associates insolvency acquisition (May 2026) and a rights-issue call. Aggressive, promoter-funded expansion is the model.','Mar 2026','SEBI Reg 31(4) FY26 filing + Kotak Neo/Screener + Tradebrains');
INSERT INTO mgmt_profiles (ticker,promoter_pct,promoter_who,pledge_note,capital_note,as_of,source_note) VALUES ('KOTAKBANK',25.9,'Uday Kotak & family — founder, now non-executive director','No pledge flagged in current trackers.','Unusual case: the RBI capped the founder''s stake at ~26% by agreement, so promoter holding here is regulator-shaped, not sentiment-shaped. Still among the largest founder stakes in Indian banking.','Q4 FY26','Univest research (Apr 2026) + RBI-agreement record');
INSERT INTO mgmt_profiles (ticker,promoter_pct,promoter_who,pledge_note,capital_note,as_of,source_note) VALUES ('LT',0,'No promoter — India''s flagship promoter-less engineering company','Not applicable — there is no promoter to pledge.','Ownership by institutions (LIC ~11%) and the L&T Employees Trust (~14.3%) with professional management; recent record includes a ₹10,000 cr buyback (2023-24) and steadily rising dividends — capital returned, not hoarded.','Mar 2026','Choice/IIFL trackers + MarketsMojo holdings breakdown');
INSERT INTO cross_company_narratives (id,kind,title,blurb,stages,flows,pairs,evidence) VALUES ('power','flow','How electricity reaches you','India''s power travels through three listed links in a row. Coal India digs the coal, NTPC burns it to make electricity, and Power Grid carries that electricity across the country to the state distributors who hand it to homes and factories. A shock at any one link (a coal shortage, a plant trip, a grid bottleneck) ripples down the whole line.','[{"label": "Fuel", "nodes": [{"tk": "COALINDIA"}]}, {"label": "Generation", "nodes": [{"tk": "NTPC"}]}, {"label": "Transmission", "nodes": [{"tk": "POWERGRID"}]}, {"label": "End users", "nodes": [{"t": "State discoms \u2192 homes & industry"}]}]'::jsonb,'["coal (long-term supply pacts)", "power onto the grid", "wheeled to distributors"]'::jsonb,NULL,'Coal India delivers coal to power utilities via Fuel Supply Agreements; NTPC generates and sells bulk power; Power Grid''s own profile describes moving electricity “from generators (like NTPC)” to distributors.');
INSERT INTO cross_company_narratives (id,kind,title,blurb,stages,flows,pairs,evidence) VALUES ('metals-auto','input','Metals into mobility','Every car, truck and motorcycle begins life as steel and aluminium. India''s big metal makers sit upstream of every listed vehicle maker, so when steel prices, import duties or the Novelis plants move, the effect eventually reaches the automakers'' cost sheets. This is an input dependency — not a single named contract — but it is structurally real for all of them.','[{"label": "Raw metal", "nodes": [{"tk": "TATASTEEL"}, {"tk": "JSWSTEEL"}, {"tk": "HINDALCO"}]}, {"label": "Vehicle makers", "nodes": [{"tk": "MARUTI"}, {"tk": "M&M"}, {"tk": "TMPV"}, {"tk": "EICHERMOT"}, {"tk": "BAJAJ-AUTO"}]}]'::jsonb,'["steel & aluminium \u2014 the metal in every vehicle"]'::jsonb,NULL,'Tata Steel and JSW Steel sell into automotive end-markets; Hindalco''s Novelis supplies automotive body-panel sheet; each automaker lists steel and components among its core inputs.');
INSERT INTO cross_company_narratives (id,kind,title,blurb,stages,flows,pairs,evidence) VALUES ('holding','ownership','Who owns whom — holding-company trees','Some of these 58 tickers are really parent and child. Knowing the tree tells you when two “separate” companies actually rise and fall together, and where a parent''s value is just the sum of what it owns.',NULL,NULL,'[{"parent": "ADANIENT", "child": "ADANIPORTS", "note": "Adani Enterprises incubated Adani Ports from scratch and then listed it separately \u2014 its \u201cbuild-mature-monetise\u201d model."}, {"parent": "GRASIM", "child": "ULTRACEMCO", "note": "Grasim holds the majority stake in UltraTech, India''s largest cement maker \u2014 so Grasim''s value partly is UltraTech."}, {"parent": "BAJAJFINSV", "child": "BAJFINANCE", "note": "Bajaj Finserv is the holding company; Bajaj Finance is the consumer-lending NBFC it owns and captures the value of."}, {"parent": "RELIANCE", "child": "JIOFIN", "note": "Jio Financial was demerged out of Reliance and still sits on top of the Reliance/Jio consumer ecosystem it was born from."}]'::jsonb,NULL);
INSERT INTO cross_company_narratives (id,kind,title,blurb,stages,flows,pairs,evidence) VALUES ('banca','ownership','Banks that sell insurance for their own insurer','A life insurer needs somewhere to sell policies. These two lean on their sister bank''s branch network to do exactly that — “bancassurance.” So the bank''s reach is quietly the insurer''s growth engine, and anything that changes the bank changes the insurer.',NULL,NULL,'[{"parent": "SBIN", "child": "SBILIFE", "note": "SBI Life reaches customers overwhelmingly through State Bank of India''s own branches \u2014 a big cost advantage and a real dependency."}, {"parent": "HDFCBANK", "child": "HDFCLIFE", "note": "HDFC Life sells a large share of its policies through HDFC Bank branches (alongside agency and digital channels)."}]'::jsonb,NULL);
INSERT INTO metric_snapshots (ticker,snapshot_date,metric_key,metric_value,metric_unit,metric_label,status) VALUES ('RELIANCE','2026-06-29','market_cap_cr',1642125,'crore','Market Capitalisation','verified');
INSERT INTO metric_snapshots (ticker,snapshot_date,metric_key,metric_value,metric_unit,metric_label,status) VALUES ('HDFCBANK','2026-06-29','market_cap_cr',1149618,'crore','Market Capitalisation','verified');
INSERT INTO metric_snapshots (ticker,snapshot_date,metric_key,metric_value,metric_unit,metric_label,status) VALUES ('BHARTIARTL','2026-06-29','market_cap_cr',1063749,'crore','Market Capitalisation','verified');
INSERT INTO metric_snapshots (ticker,snapshot_date,metric_key,metric_value,metric_unit,metric_label,status) VALUES ('ICICIBANK','2026-06-29','market_cap_cr',922439,'crore','Market Capitalisation','verified');
INSERT INTO metric_snapshots (ticker,snapshot_date,metric_key,metric_value,metric_unit,metric_label,status) VALUES ('SBIN','2026-06-29','market_cap_cr',889227,'crore','Market Capitalisation','verified');
INSERT INTO metric_snapshots (ticker,snapshot_date,metric_key,metric_value,metric_unit,metric_label,status) VALUES ('TCS','2026-06-29','market_cap_cr',698958,'crore','Market Capitalisation','verified');
INSERT INTO metric_snapshots (ticker,snapshot_date,metric_key,metric_value,metric_unit,metric_label,status) VALUES ('BAJFINANCE','2026-06-29','market_cap_cr',562455,'crore','Market Capitalisation','verified');
INSERT INTO metric_snapshots (ticker,snapshot_date,metric_key,metric_value,metric_unit,metric_label,status) VALUES ('LT','2026-06-29','market_cap_cr',532788,'crore','Market Capitalisation','verified');
INSERT INTO metric_snapshots (ticker,snapshot_date,metric_key,metric_value,metric_unit,metric_label,status) VALUES ('HINDUNILVR','2026-06-29','market_cap_cr',471453,'crore','Market Capitalisation','verified');
INSERT INTO metric_snapshots (ticker,snapshot_date,metric_key,metric_value,metric_unit,metric_label,status) VALUES ('SUNPHARMA','2026-06-29','market_cap_cr',411684,'crore','Market Capitalisation','verified');
INSERT INTO metric_snapshots (ticker,snapshot_date,metric_key,metric_value,metric_unit,metric_label,status) VALUES ('MARUTI','2026-06-29','market_cap_cr',398547,'crore','Market Capitalisation','verified');
INSERT INTO metric_snapshots (ticker,snapshot_date,metric_key,metric_value,metric_unit,metric_label,status) VALUES ('AXISBANK','2026-06-29','market_cap_cr',394632,'crore','Market Capitalisation','verified');
INSERT INTO metric_snapshots (ticker,snapshot_date,metric_key,metric_value,metric_unit,metric_label,status) VALUES ('ADANIENT','2026-06-29','market_cap_cr',384453,'crore','Market Capitalisation','verified');
INSERT INTO metric_snapshots (ticker,snapshot_date,metric_key,metric_value,metric_unit,metric_label,status) VALUES ('ADANIPORTS','2026-06-29','market_cap_cr',381147,'crore','Market Capitalisation','verified');
INSERT INTO metric_snapshots (ticker,snapshot_date,metric_key,metric_value,metric_unit,metric_label,status) VALUES ('INFY','2026-06-29','market_cap_cr',379668,'crore','Market Capitalisation','verified');
INSERT INTO metric_snapshots (ticker,snapshot_date,metric_key,metric_value,metric_unit,metric_label,status) VALUES ('KOTAKBANK','2026-06-29','market_cap_cr',375666,'crore','Market Capitalisation','verified');
INSERT INTO metric_snapshots (ticker,snapshot_date,metric_key,metric_value,metric_unit,metric_label,status) VALUES ('M&M','2026-06-29','market_cap_cr',352524,'crore','Market Capitalisation','verified');
INSERT INTO metric_snapshots (ticker,snapshot_date,metric_key,metric_value,metric_unit,metric_label,status) VALUES ('TITAN','2026-06-29','market_cap_cr',350697,'crore','Market Capitalisation','verified');
INSERT INTO metric_snapshots (ticker,snapshot_date,metric_key,metric_value,metric_unit,metric_label,status) VALUES ('ITC','2026-06-29','market_cap_cr',334863,'crore','Market Capitalisation','verified');
INSERT INTO metric_snapshots (ticker,snapshot_date,metric_key,metric_value,metric_unit,metric_label,status) VALUES ('NTPC','2026-06-29','market_cap_cr',315027,'crore','Market Capitalisation','verified');
INSERT INTO metric_snapshots (ticker,snapshot_date,metric_key,metric_value,metric_unit,metric_label,status) VALUES ('ULTRACEMCO','2026-06-29','market_cap_cr',310590,'crore','Market Capitalisation','verified');
INSERT INTO metric_snapshots (ticker,snapshot_date,metric_key,metric_value,metric_unit,metric_label,status) VALUES ('JSWSTEEL','2026-06-29','market_cap_cr',277008,'crore','Market Capitalisation','verified');
INSERT INTO metric_snapshots (ticker,snapshot_date,metric_key,metric_value,metric_unit,metric_label,status) VALUES ('BEL','2026-06-29','market_cap_cr',275181,'crore','Market Capitalisation','verified');
INSERT INTO metric_snapshots (ticker,snapshot_date,metric_key,metric_value,metric_unit,metric_label,status) VALUES ('HCLTECH','2026-06-29','market_cap_cr',274398,'crore','Market Capitalisation','verified');
INSERT INTO metric_snapshots (ticker,snapshot_date,metric_key,metric_value,metric_unit,metric_label,status) VALUES ('ONGC','2026-06-29','market_cap_cr',270309,'crore','Market Capitalisation','verified');
INSERT INTO metric_snapshots (ticker,snapshot_date,metric_key,metric_value,metric_unit,metric_label,status) VALUES ('BAJAJFINSV','2026-06-29','market_cap_cr',260304,'crore','Market Capitalisation','verified');
INSERT INTO metric_snapshots (ticker,snapshot_date,metric_key,metric_value,metric_unit,metric_label,status) VALUES ('BAJAJ-AUTO','2026-06-29','market_cap_cr',253518,'crore','Market Capitalisation','verified');
INSERT INTO metric_snapshots (ticker,snapshot_date,metric_key,metric_value,metric_unit,metric_label,status) VALUES ('NESTLEIND','2026-06-29','market_cap_cr',250560,'crore','Market Capitalisation','verified');
INSERT INTO metric_snapshots (ticker,snapshot_date,metric_key,metric_value,metric_unit,metric_label,status) VALUES ('COALINDIA','2026-06-29','market_cap_cr',247428,'crore','Market Capitalisation','verified');
INSERT INTO metric_snapshots (ticker,snapshot_date,metric_key,metric_value,metric_unit,metric_label,status) VALUES ('POWERGRID','2026-06-29','market_cap_cr',243861,'crore','Market Capitalisation','verified');
INSERT INTO metric_snapshots (ticker,snapshot_date,metric_key,metric_value,metric_unit,metric_label,status) VALUES ('ASIANPAINT','2026-06-29','market_cap_cr',233247,'crore','Market Capitalisation','verified');
INSERT INTO metric_snapshots (ticker,snapshot_date,metric_key,metric_value,metric_unit,metric_label,status) VALUES ('SHRIRAMFIN','2026-06-29','market_cap_cr',223503,'crore','Market Capitalisation','verified');
INSERT INTO metric_snapshots (ticker,snapshot_date,metric_key,metric_value,metric_unit,metric_label,status) VALUES ('TATASTEEL','2026-06-29','market_cap_cr',216804,'crore','Market Capitalisation','verified');
INSERT INTO metric_snapshots (ticker,snapshot_date,metric_key,metric_value,metric_unit,metric_label,status) VALUES ('ETERNAL','2026-06-29','market_cap_cr',216021,'crore','Market Capitalisation','verified');
INSERT INTO metric_snapshots (ticker,snapshot_date,metric_key,metric_value,metric_unit,metric_label,status) VALUES ('WIPRO','2026-06-29','market_cap_cr',207147,'crore','Market Capitalisation','verified');
INSERT INTO metric_snapshots (ticker,snapshot_date,metric_key,metric_value,metric_unit,metric_label,status) VALUES ('HINDALCO','2026-06-29','market_cap_cr',196185,'crore','Market Capitalisation','verified');
INSERT INTO metric_snapshots (ticker,snapshot_date,metric_key,metric_value,metric_unit,metric_label,status) VALUES ('GRASIM','2026-06-29','market_cap_cr',195576,'crore','Market Capitalisation','verified');
INSERT INTO metric_snapshots (ticker,snapshot_date,metric_key,metric_value,metric_unit,metric_label,status) VALUES ('INDIGO','2026-06-29','market_cap_cr',194619,'crore','Market Capitalisation','verified');
INSERT INTO metric_snapshots (ticker,snapshot_date,metric_key,metric_value,metric_unit,metric_label,status) VALUES ('EICHERMOT','2026-06-29','market_cap_cr',192270,'crore','Market Capitalisation','verified');
INSERT INTO metric_snapshots (ticker,snapshot_date,metric_key,metric_value,metric_unit,metric_label,status) VALUES ('TMPV','2026-06-29','market_cap_cr',130069,'crore','Market Capitalisation','verified');
INSERT INTO metric_snapshots (ticker,snapshot_date,metric_key,metric_value,metric_unit,metric_label,status) VALUES ('SBILIFE','2026-06-29','market_cap_cr',161037,'crore','Market Capitalisation','verified');
INSERT INTO metric_snapshots (ticker,snapshot_date,metric_key,metric_value,metric_unit,metric_label,status) VALUES ('TRENT','2026-06-29','market_cap_cr',157905,'crore','Market Capitalisation','verified');
INSERT INTO metric_snapshots (ticker,snapshot_date,metric_key,metric_value,metric_unit,metric_label,status) VALUES ('JIOFIN','2026-06-29','market_cap_cr',145464,'crore','Market Capitalisation','verified');
INSERT INTO metric_snapshots (ticker,snapshot_date,metric_key,metric_value,metric_unit,metric_label,status) VALUES ('CHOLAFIN','2026-06-29','market_cap_cr',141375,'crore','Market Capitalisation','verified');
INSERT INTO metric_snapshots (ticker,snapshot_date,metric_key,metric_value,metric_unit,metric_label,status) VALUES ('BANKBARODA','2026-06-29','market_cap_cr',133197,'crore','Market Capitalisation','verified');
INSERT INTO metric_snapshots (ticker,snapshot_date,metric_key,metric_value,metric_unit,metric_label,status) VALUES ('FEDERALBNK','2026-06-29','market_cap_cr',81500,'crore','Market Capitalisation','verified');
INSERT INTO metric_snapshots (ticker,snapshot_date,metric_key,metric_value,metric_unit,metric_label,status) VALUES ('TECHM','2026-06-29','market_cap_cr',117537,'crore','Market Capitalisation','verified');
INSERT INTO metric_snapshots (ticker,snapshot_date,metric_key,metric_value,metric_unit,metric_label,status) VALUES ('HDFCLIFE','2026-06-29','market_cap_cr',117015,'crore','Market Capitalisation','verified');
INSERT INTO metric_snapshots (ticker,snapshot_date,metric_key,metric_value,metric_unit,metric_label,status) VALUES ('PNB','2026-06-29','market_cap_cr',114231,'crore','Market Capitalisation','verified');
INSERT INTO metric_snapshots (ticker,snapshot_date,metric_key,metric_value,metric_unit,metric_label,status) VALUES ('APOLLOHOSP','2026-06-29','market_cap_cr',113709,'crore','Market Capitalisation','verified');
INSERT INTO metric_snapshots (ticker,snapshot_date,metric_key,metric_value,metric_unit,metric_label,status) VALUES ('DRREDDY','2026-06-29','market_cap_cr',111360,'crore','Market Capitalisation','verified');
INSERT INTO metric_snapshots (ticker,snapshot_date,metric_key,metric_value,metric_unit,metric_label,status) VALUES ('CANBK','2026-06-29','market_cap_cr',108054,'crore','Market Capitalisation','verified');
INSERT INTO metric_snapshots (ticker,snapshot_date,metric_key,metric_value,metric_unit,metric_label,status) VALUES ('CIPLA','2026-06-29','market_cap_cr',107097,'crore','Market Capitalisation','verified');
INSERT INTO metric_snapshots (ticker,snapshot_date,metric_key,metric_value,metric_unit,metric_label,status) VALUES ('TATACONSUM','2026-06-29','market_cap_cr',103182,'crore','Market Capitalisation','verified');
INSERT INTO metric_snapshots (ticker,snapshot_date,metric_key,metric_value,metric_unit,metric_label,status) VALUES ('AUBANK','2026-06-29','market_cap_cr',70773,'crore','Market Capitalisation','verified');
INSERT INTO metric_snapshots (ticker,snapshot_date,metric_key,metric_value,metric_unit,metric_label,status) VALUES ('MAXHEALTH','2026-06-29','market_cap_cr',100659,'crore','Market Capitalisation','verified');
INSERT INTO metric_snapshots (ticker,snapshot_date,metric_key,metric_value,metric_unit,metric_label,status) VALUES ('IDFCFIRSTB','2026-06-29','market_cap_cr',67996,'crore','Market Capitalisation','verified');
INSERT INTO metric_snapshots (ticker,snapshot_date,metric_key,metric_value,metric_unit,metric_label,status) VALUES ('BANDHANBNK','2026-06-29','market_cap_cr',32895,'crore','Market Capitalisation','verified');


-- ---------------------------------------------------------------------------
-- SECTION 3: Renewable Energy I (ADANIGREEN, SUZLON)
-- ---------------------------------------------------------------------------
-- InvestorLens India — New Company Research: Batch 1 (Renewable Energy)
-- Sourced research for ADANIGREEN and SUZLON, matching the full Phase 1
-- + Phase 1b schema. Run after schema_phase1b.sql is in place.

INSERT INTO companies (ticker,name,exchange,sector,sub_sector,compare_group,business_core,source_note,moat_note,value_chain_position,value_chain_note,as_of,fetched_at) VALUES ('ADANIGREEN','Adani Green Energy','NSE','Renewable Energy','Solar & Wind IPP','Renewable Energy','Adani Green Energy builds, owns and operates utility-scale solar, wind and hybrid power plants across India, then sells the electricity onward under long-term Power Purchase Agreements (PPAs) to state distribution companies (DISCOMs), the government''s Solar Energy Corporation of India (SECI), and increasingly to commercial & industrial (C&I) customers directly. It earns a spread between what it costs to generate power (largely fixed, once a plant is built) and what buyers pay under multi-decade contracts. It is India''s largest renewable energy company by operating capacity.','Adani Green Energy FY26 results presentation & press release (adanigreenenergy.com); Screener.in; MarketsMojo Q4 FY26 result analysis; SEBI Reg 31(4) promoter declaration coverage (scanx.trade)','Scale, balance-sheet access, and the Khavda site itself — the world''s largest single renewable energy park (30 GW planned) on barren land, a location and land-bank advantage that is extremely difficult for any competitor to replicate.','An upstream power generator — Adani Green builds and owns utility-scale solar, wind and hybrid plants, then sells the electricity onward under long-term contracts. It sits between land/equipment suppliers and the buyers (DISCOMs, SECI, and increasingly C&I customers) who consume the power.','Because a sister Adani company (Adani Energy Solutions) builds much of the transmission infrastructure that carries this power to market, AGEL is unusually exposed to how fast that related company''s grid build-out keeps pace — the FY26 curtailment losses are a direct, measurable example of that dependency.','FY26 (year ended 31 Mar 2026)','2026-07-03');
INSERT INTO metric_snapshots (ticker,snapshot_date,metric_key,metric_value,metric_unit,metric_label,metric_note,status) VALUES ('ADANIGREEN','2026-03-31','operating_capacity_mw',19294,'MW','Operating Capacity','Up 35% YoY; India''s largest renewable portfolio, spread across 12 states.','verified');
INSERT INTO metric_snapshots (ticker,snapshot_date,metric_key,metric_value,metric_unit,metric_label,metric_note,status) VALUES ('ADANIGREEN','2026-03-31','capacity_growth_pct',35,'%','Capacity Growth (YoY)','5.1 GW added in FY26 alone — the highest greenfield addition by any company outside China.','verified');
INSERT INTO metric_snapshots (ticker,snapshot_date,metric_key,metric_value,metric_unit,metric_label,metric_note,status) VALUES ('ADANIGREEN','2026-03-31','revenue_growth_pct',22,'%','Revenue Growth (Power Supply, YoY)','Revenue from power supply rose to ₹11,602 crore in FY26.','verified');
INSERT INTO metric_snapshots (ticker,snapshot_date,metric_key,metric_value,metric_unit,metric_label,metric_note,status) VALUES ('ADANIGREEN','2026-03-31','ebitda_margin_pct',91.2,'%','EBITDA Margin (Power Supply)','Industry-leading margin — renewable generation has very low variable operating cost once built.','verified');
INSERT INTO metric_snapshots (ticker,snapshot_date,metric_key,metric_value,metric_unit,metric_label,metric_note,status) VALUES ('ADANIGREEN','2026-03-31','net_debt_ebitda',10.92,'x','Net Debt / EBITDA','Very high leverage even for a capital-intensive utility; funds the aggressive capacity build-out toward the 50 GW-by-2030 target.','verified');
INSERT INTO bull_bear_cases (ticker,snapshot_date,case_type,case_text,case_order) VALUES ('ADANIGREEN','2026-03-31','bull','Added a record 5.1 GW of greenfield capacity in FY26 — the highest of any company outside China — taking total operating capacity to 19.3 GW, up 35% YoY.',1);
INSERT INTO bull_bear_cases (ticker,snapshot_date,case_type,case_text,case_order) VALUES ('ADANIGREEN','2026-03-31','bull','Zero promoter share pledging and an inaugural JCR BBB+ credit rating, aligned with India''s own sovereign rating, signal growing financial credibility despite the scale of the build-out.',2);
INSERT INTO bull_bear_cases (ticker,snapshot_date,case_type,case_text,case_order) VALUES ('ADANIGREEN','2026-03-31','bull','28 GW of capacity is already signed against the 50 GW-by-2030 target, with over 90% of the portfolio locked into long-term PPAs — unusually strong multi-year revenue visibility for a growth-stage utility.',3);
INSERT INTO bull_bear_cases (ticker,snapshot_date,case_type,case_text,case_order) VALUES ('ADANIGREEN','2026-03-31','bear','Net debt/EBITDA near 11x and net debt/equity around 4.2x are extreme even by capital-intensive utility standards — real refinancing risk if rates or funding conditions tighten.',1);
INSERT INTO bull_bear_cases (ticker,snapshot_date,case_type,case_text,case_order) VALUES ('ADANIGREEN','2026-03-31','bear','Grid curtailment cost the company an estimated ₹1,300–1,500 crore of EBITDA in FY26 alone — transmission build-out (much of it via a sister Adani company) hasn''t kept pace with generation capacity.',2);
INSERT INTO bull_bear_cases (ticker,snapshot_date,case_type,case_text,case_order) VALUES ('ADANIGREEN','2026-03-31','bear','FII holding has been drifting down, and at a P/E north of 100x the stock prices in years of flawless execution, leaving little room for disappointment.',3);
INSERT INTO tech_geo_tags (ticker,label,tag_type,is_active) VALUES ('ADANIGREEN','Grid evacuation infrastructure lagging capacity build-out cost an estimated ₹1,300–1,500 crore of EBITDA in FY26 via curtailment','risk',TRUE);
INSERT INTO tech_geo_tags (ticker,label,tag_type,is_active) VALUES ('ADANIGREEN','India''s 50 GW-by-2030 renewable target and long-term PPA regime give a multi-year policy tailwind for utility-scale solar and wind','tailwind',TRUE);
INSERT INTO tech_geo_tags (ticker,label,tag_type,is_active) VALUES ('ADANIGREEN','Rising commercial & industrial demand for green power, including data-centre buyers, offers higher-margin sales than regulated DISCOM contracts','tailwind',TRUE);
INSERT INTO chain_nodes (ticker,direction,node_name,tag,note) VALUES ('ADANIGREEN','upstream','Solar module & wind turbine suppliers, incl. in-house group manufacturing',NULL,NULL);
INSERT INTO chain_nodes (ticker,direction,node_name,tag,note) VALUES ('ADANIGREEN','upstream','Land bank — Khavda, Gujarat barren-land site','tailwind','538 sq km site keeps land cost near zero, a structural cost edge');
INSERT INTO chain_nodes (ticker,direction,node_name,tag,note) VALUES ('ADANIGREEN','upstream','Debt & capital markets','risk','~11x net debt/EBITDA funds the build-out; refinancing risk if conditions tighten');
INSERT INTO chain_nodes (ticker,direction,node_name,tag,note) VALUES ('ADANIGREEN','downstream','SECI & state DISCOMs — long-term PPAs',NULL,NULL);
INSERT INTO chain_nodes (ticker,direction,node_name,tag,note) VALUES ('ADANIGREEN','downstream','Commercial & industrial customers buying green power directly','tailwind','higher-margin than regulated DISCOM sales');
INSERT INTO chain_nodes (ticker,direction,node_name,tag,note) VALUES ('ADANIGREEN','downstream','Grid / transmission capacity','risk','curtailment cost ₹1,300–1,500 crore in FY26 as builds outpaced evacuation infrastructure');
INSERT INTO mgmt_profiles (ticker,promoter_pct,promoter_who,pledge_note,capital_note,as_of,source_note) VALUES ('ADANIGREEN',62.43,'Adani family, via Adani Trading Services LLP (28.80%) and S.B. Adani Family Trust (19.96%), plus other promoter entities','No new encumbrances declared for FY26 per the promoter group''s SEBI Regulation 31(4) filing — zero pledging reported.','Funding a ₹40,000–42,000 crore FY27 capex plan largely through promoter warrants (~US$1.125bn) and non-dilutive debt; the company pays no dividend, reinvesting fully into the 50 GW build-out.','Mar 2026','SEBI Reg 31(4) promoter declaration (via scanx.trade); AGEL FY26 investor presentation');
INSERT INTO metric_snapshots (ticker,snapshot_date,metric_key,metric_value,metric_unit,metric_label,status) VALUES ('ADANIGREEN','2026-03-31','market_cap_cr',256211,'crore','Market Capitalisation','verified');
INSERT INTO companies (ticker,name,exchange,sector,sub_sector,compare_group,business_core,source_note,moat_note,value_chain_position,value_chain_note,as_of,fetched_at) VALUES ('SUZLON','Suzlon Energy','NSE','Renewable Energy','Wind Turbine Manufacturing (OEM)','Renewable Energy','Suzlon designs, manufactures, installs and services wind turbine generators (WTGs) — making its own rotor blades, tubular towers, generators, gearboxes and control systems, then selling complete turbines to wind-farm developers and utilities. It also earns recurring, annuity-like revenue from long-term operations & maintenance (O&M) contracts on its 21 GW+ installed base across 17 countries. It is India''s largest wind energy solutions provider and a rare example of a vertically integrated Indian-origin equipment manufacturer in the sector.','Suzlon Energy FY26 results coverage (DSIJ, Upstox, Quartr summary of company release); Screener.in; Kotak Neo & Angel One share-price and shareholding data (as of Jul 2026)','The only vertically-integrated Indian-origin wind turbine maker — in-house design, manufacturing and O&M across a 21 GW+ installed base — full-stack control that pure-play developers and import-dependent rivals lack, reinforced by a hard-won balance-sheet turnaround after near-collapse in 2015.','A capital-goods manufacturer sitting upstream of the wind-power value chain — Suzlon designs and builds the turbines, towers and generators that wind-farm developers (including rivals of Adani Green) then operate for 20+ years, and earns recurring revenue servicing that installed base.','Suzlon''s manufacturing is import-dependent on a few critical inputs, especially rare-earth permanent magnets, which places a Chinese supply-chain risk underneath an otherwise largely domestic Indian manufacturing story.','FY26 (year ended 31 Mar 2026)','2026-07-03');
INSERT INTO metric_snapshots (ticker,snapshot_date,metric_key,metric_value,metric_unit,metric_label,metric_note,status) VALUES ('SUZLON','2026-03-31','order_book_gw',5.9,'GW','Order Book','66% from PSU and commercial & industrial (C&I) customers — the most bankable, highest-visibility segment.','verified');
INSERT INTO metric_snapshots (ticker,snapshot_date,metric_key,metric_value,metric_unit,metric_label,metric_note,status) VALUES ('SUZLON','2026-03-31','revenue_growth_pct',54,'%','Revenue Growth (YoY)','FY26 revenue from operations rose to ₹16,679 crore from ₹10,851 crore in FY25.','verified');
INSERT INTO metric_snapshots (ticker,snapshot_date,metric_key,metric_value,metric_unit,metric_label,metric_note,status) VALUES ('SUZLON','2026-03-31','ebitda_margin_pct',18.1,'%','EBITDA Margin','Up from 17.1% in FY25 as scale drove operating leverage.','verified');
INSERT INTO metric_snapshots (ticker,snapshot_date,metric_key,metric_value,metric_unit,metric_label,metric_note,status) VALUES ('SUZLON','2026-03-31','net_debt_ebitda',-0.79,'x','Net Debt / EBITDA','Negative because Suzlon holds NET CASH of ₹2,384 crore, not net debt — a striking turnaround after 2015''s debt restructuring.','verified');
INSERT INTO bull_bear_cases (ticker,snapshot_date,case_type,case_text,case_order) VALUES ('SUZLON','2026-03-31','bull','FY26 revenue grew 54% to ₹16,679 crore with EBITDA margin expanding to 18.1% — scale is now translating into both growth and profitability, not just one or the other.',1);
INSERT INTO bull_bear_cases (ticker,snapshot_date,case_type,case_text,case_order) VALUES ('SUZLON','2026-03-31','bull','A ₹2,384 crore NET CASH position as of March 2026 is a remarkable turnaround for a company that went through Corporate Debt Restructuring in 2015 — the balance-sheet risk that once defined this stock is largely gone.',2);
INSERT INTO bull_bear_cases (ticker,snapshot_date,case_type,case_text,case_order) VALUES ('SUZLON','2026-03-31','bull','Order book of ~5.9 GW, with 66% from PSU and commercial/industrial customers, gives multi-quarter revenue visibility in a domestic wind market targeting 100 GW by 2030.',3);
INSERT INTO bull_bear_cases (ticker,snapshot_date,case_type,case_text,case_order) VALUES ('SUZLON','2026-03-31','bear','At a P/E near 25x and P/B over 8x, the market is already pricing in continued high growth — any order-book slowdown would hit the stock hard.',1);
INSERT INTO bull_bear_cases (ticker,snapshot_date,case_type,case_text,case_order) VALUES ('SUZLON','2026-03-31','bear','FY26 net profit included a large deferred-tax-asset benefit; core operating profit growth, while strong, is smaller than the headline PAT growth suggests on its own.',2);
INSERT INTO bull_bear_cases (ticker,snapshot_date,case_type,case_text,case_order) VALUES ('SUZLON','2026-03-31','bear','More than 90% of revenue is domestic-India — a slowdown in Indian wind tenders or a policy shift would hit Suzlon far harder than globally diversified equipment peers.',3);
INSERT INTO tech_geo_tags (ticker,label,tag_type,is_active) VALUES ('SUZLON','China''s dominance of rare-earth magnets, used in permanent-magnet wind generators, is a direct input-supply risk if export curbs tighten','risk',TRUE);
INSERT INTO tech_geo_tags (ticker,label,tag_type,is_active) VALUES ('SUZLON','India crossed 50 GW of installed wind capacity and targets 100 GW by 2030 — a structural multi-year demand tailwind for domestic turbine makers','tailwind',TRUE);
INSERT INTO tech_geo_tags (ticker,label,tag_type,is_active) VALUES ('SUZLON','PSU and C&I customers now make up 66% of the order book, a shift toward more bankable buyers than merchant/private developers alone','tailwind',TRUE);
INSERT INTO chain_nodes (ticker,direction,node_name,tag,note) VALUES ('SUZLON','upstream','Steel, castings & forgings for towers and nacelles',NULL,NULL);
INSERT INTO chain_nodes (ticker,direction,node_name,tag,note) VALUES ('SUZLON','upstream','Rare-earth magnets for permanent-magnet generators','risk','China dominates rare-earth supply; export curbs are a direct input risk');
INSERT INTO chain_nodes (ticker,direction,node_name,tag,note) VALUES ('SUZLON','upstream','Component & precision bearing suppliers',NULL,NULL);
INSERT INTO chain_nodes (ticker,direction,node_name,tag,note) VALUES ('SUZLON','downstream','Wind farm developers & IPPs, incl. peers like Adani Green',NULL,NULL);
INSERT INTO chain_nodes (ticker,direction,node_name,tag,note) VALUES ('SUZLON','downstream','PSU & commercial/industrial project buyers','tailwind','66% of FY26 order book — the highest-visibility demand segment');
INSERT INTO chain_nodes (ticker,direction,node_name,tag,note) VALUES ('SUZLON','downstream','Long-term O&M service contracts','tailwind','annuity-like recurring revenue on Suzlon''s 21 GW+ installed base');
INSERT INTO mgmt_profiles (ticker,promoter_pct,promoter_who,pledge_note,capital_note,as_of,source_note) VALUES ('SUZLON',11.7,'Tanti family (Vinod R. Tanti — Chairman, Girish R. Tanti — Executive Vice Chairman), via Tanti Holdings, Samanvaya Holdings and family trusts','0% promoter pledge — a deliberate marker of the post-2015 balance-sheet turnaround, when pledging was a major overhang on the stock.','No dividend paid despite a return to strong profitability; the FY26 net cash position of ₹2,384 crore is being retained to fund capacity scale-up and the S144 turbine platform ramp rather than distributed to shareholders.','Mar 2026','Screener.in; Kotak Neo shareholding data; company filings');
INSERT INTO metric_snapshots (ticker,snapshot_date,metric_key,metric_value,metric_unit,metric_label,status) VALUES ('SUZLON','2026-03-31','market_cap_cr',79519,'crore','Market Capitalisation','verified');


-- ---------------------------------------------------------------------------
-- SECTION 4: Renewable Energy II (WAAREEENER, NTPCGREEN)
-- ---------------------------------------------------------------------------
-- InvestorLens India — New Company Research: Batch 2 (Renewable Energy)
-- Sourced research for WAAREEENER and NTPCGREEN.

INSERT INTO companies (ticker,name,exchange,sector,sub_sector,compare_group,business_core,source_note,moat_note,value_chain_position,value_chain_note,as_of,fetched_at) VALUES ('WAAREEENER','Waaree Energies','NSE','Renewable Energy','Solar Module Manufacturing','Renewable Energy','Waaree Energies manufactures solar photovoltaic modules — buying or making the raw ingots, wafers and cells, assembling them into panels, and selling them to project developers, utilities, and retail rooftop customers. It is India''s largest solar module manufacturer and the largest non-Chinese manufacturer globally, and is increasingly integrating backward into polysilicon, ingots, wafers, battery storage and even green hydrogen to capture more of the value chain than a pure module assembler.','Waaree Energies FY26 & Q4 FY26 results coverage (SaurEnergy, Mercom India, SolarQuarter, ChartAlert analysis of company filings); Screener.in; Kotak Neo shareholding data','Scale and backward integration — as the largest non-Chinese solar module manufacturer with an expanding in-house supply chain from ingots to modules to batteries, Waaree captures margin at multiple stages that pure assemblers or import-dependent rivals cannot.','Sits upstream in the solar value chain as a manufacturer — Waaree makes the ingots, wafers, cells and modules that project developers like Adani Green then buy and install, and is now integrating even further upstream into polysilicon sourcing and battery storage.','Waaree''s strategy is explicitly to control more of this chain rather than just sell modules — recent moves into PV glass, transformers, battery cells and green hydrogen electrolysers aim to capture value at multiple stages rather than compete purely on module price.','FY26 (year ended 31 Mar 2026)','2026-07-03');
INSERT INTO metric_snapshots (ticker,snapshot_date,metric_key,metric_value,metric_unit,metric_label,metric_note,status) VALUES ('WAAREEENER','2026-03-31','module_capacity_gw',26,'GW','Module Manufacturing Capacity','Largest non-Chinese solar module manufacturer globally.','verified');
INSERT INTO metric_snapshots (ticker,snapshot_date,metric_key,metric_value,metric_unit,metric_label,metric_note,status) VALUES ('WAAREEENER','2026-03-31','order_book_cr',53000,'crore','Order Book','Backed by a bidding pipeline exceeding 100 GW.','verified');
INSERT INTO metric_snapshots (ticker,snapshot_date,metric_key,metric_value,metric_unit,metric_label,metric_note,status) VALUES ('WAAREEENER','2026-03-31','revenue_growth_pct',83.7,'%','Revenue Growth (YoY)','FY26 revenue rose to ₹26,537 crore from ₹14,445 crore in FY25.','verified');
INSERT INTO metric_snapshots (ticker,snapshot_date,metric_key,metric_value,metric_unit,metric_label,metric_note,status) VALUES ('WAAREEENER','2026-03-31','ebitda_margin_pct',22.3,'%','Operating EBITDA Margin','Operating EBITDA of ₹5,909 crore on ₹26,537 crore revenue; margin expanded even at higher volume.','verified');
INSERT INTO bull_bear_cases (ticker,snapshot_date,case_type,case_text,case_order) VALUES ('WAAREEENER','2026-03-31','bull','FY26 revenue more than doubled effectively — up 83.7% to ₹26,537 crore — while PAT grew even faster at 101.4% to ₹3,884 crore, meaning profitability scaled faster than the topline itself.',1);
INSERT INTO bull_bear_cases (ticker,snapshot_date,case_type,case_text,case_order) VALUES ('WAAREEENER','2026-03-31','bull','Order book of ~₹53,000 crore against a pipeline exceeding 100 GW gives multi-year revenue visibility, and Waaree is the largest non-Chinese solar module manufacturer globally at ~26 GW capacity.',2);
INSERT INTO bull_bear_cases (ticker,snapshot_date,case_type,case_text,case_order) VALUES ('WAAREEENER','2026-03-31','bull','Backward integration into ingots, wafers, PV glass, batteries and a US manufacturing base (Brookings, South Dakota) reduces reliance on any single input or market, and the company pays a real dividend (₹4/share FY26) unlike most high-growth sector peers.',3);
INSERT INTO bull_bear_cases (ticker,snapshot_date,case_type,case_text,case_order) VALUES ('WAAREEENER','2026-03-31','bear','Free cash flow was deeply negative in FY26 — inventory and receivables grew faster than profits, meaning P&L strength hasn''t yet been matched by cash generation; this working-capital cycle is the key swing factor for FY27.',1);
INSERT INTO bull_bear_cases (ticker,snapshot_date,case_type,case_text,case_order) VALUES ('WAAREEENER','2026-03-31','bear','Q4 FY26 margins showed signs of moderation even as revenue doubled, and depreciation nearly tripled (₹402 crore to ₹990 crore) as the aggressive capacity build-out weighs on the balance sheet.',2);
INSERT INTO bull_bear_cases (ticker,snapshot_date,case_type,case_text,case_order) VALUES ('WAAREEENER','2026-03-31','bear','A significant share of revenue comes from US exports, and the company was recently examined by US Customs over anti-circumvention allegations (cleared, per the company) — a reminder that trade-policy risk sits directly on top of the growth story.',3);
INSERT INTO tech_geo_tags (ticker,label,tag_type,is_active) VALUES ('WAAREEENER','India''s ALMM (Approved List of Models and Manufacturers) policy mandates domestically-approved modules for many government and subsidised solar projects, a direct tailwind for local manufacturers over Chinese imports','tailwind',TRUE);
INSERT INTO tech_geo_tags (ticker,label,tag_type,is_active) VALUES ('WAAREEENER','US Customs recently examined Waaree over anti-circumvention allegations tied to Chinese-origin solar inputs; the company reports no broad evasion was found, but US trade policy remains a live risk given how much revenue comes from American exports','risk',TRUE);
INSERT INTO tech_geo_tags (ticker,label,tag_type,is_active) VALUES ('WAAREEENER','India added nearly 45 GW of new solar capacity in FY26 alone, an 87% jump over FY25, a structural demand tailwind for domestic module manufacturers','tailwind',TRUE);
INSERT INTO chain_nodes (ticker,direction,node_name,tag,note) VALUES ('WAAREEENER','upstream','Polysilicon & wafer suppliers, incl. new Oman-based stake (United Solar Holding)',NULL,NULL);
INSERT INTO chain_nodes (ticker,direction,node_name,tag,note) VALUES ('WAAREEENER','upstream','Steel, glass & aluminium framing inputs',NULL,NULL);
INSERT INTO chain_nodes (ticker,direction,node_name,tag,note) VALUES ('WAAREEENER','upstream','In-house ingot-wafer capacity (10 GW Nagpur facility under construction)','tailwind','reduces reliance on external wafer suppliers as it ramps');
INSERT INTO chain_nodes (ticker,direction,node_name,tag,note) VALUES ('WAAREEENER','downstream','Utility-scale developers & IPPs, incl. peers like Adani Green',NULL,NULL);
INSERT INTO chain_nodes (ticker,direction,node_name,tag,note) VALUES ('WAAREEENER','downstream','Retail / B2C rooftop solar buyers','tailwind','20.8% of FY26 revenue — a higher-margin channel than pure utility supply');
INSERT INTO chain_nodes (ticker,direction,node_name,tag,note) VALUES ('WAAREEENER','downstream','US & overseas export customers','risk','33% of FY26 revenue is overseas; exposed to US trade/anti-dumping policy shifts');
INSERT INTO mgmt_profiles (ticker,promoter_pct,promoter_who,pledge_note,capital_note,as_of,source_note) VALUES ('WAAREEENER',64.2,'Doshi family (Hitesh Chimanlal Doshi — Chairman & Managing Director — and family), consolidated under individual promoter holdings since a June 2025 intra-group restructuring','No promoter pledge flagged in available shareholding trackers.','Paid a final dividend of ₹2/share (₹4/share total for FY26) despite being in a heavy capex phase, and has board approval to raise up to ₹10,000 crore via QIP or other eligible securities to fund continued backward-integration investment.','Mar 2026','Kotak Neo shareholding data; company regulatory filings (Reg 10(1)(g) promoter consolidation, Jun 2025); Q4 FY26 results release');
INSERT INTO metric_snapshots (ticker,snapshot_date,metric_key,metric_value,metric_unit,metric_label,status) VALUES ('WAAREEENER','2026-03-31','market_cap_cr',82831,'crore','Market Capitalisation','verified');
INSERT INTO companies (ticker,name,exchange,sector,sub_sector,compare_group,business_core,source_note,moat_note,value_chain_position,value_chain_note,as_of,fetched_at) VALUES ('NTPCGREEN','NTPC Green Energy','NSE','Renewable Energy','Solar & Wind IPP (PSU-backed)','Renewable Energy','NTPC Green Energy is the renewable energy arm of NTPC Limited, India''s largest power generator and a state-owned Maharatna company. It develops, builds and operates utility-scale solar and wind power plants, selling electricity under long-term contracts to state distribution companies and other buyers — the same basic generator model as Adani Green, but built on its parent''s government backing, credit rating and access to low-cost capital rather than aggressive private leverage.','NTPC Green Energy FY26 & Q4 FY26 results coverage (MarketsMojo, SaurEnergy, Kotak Neo); Screener.in; NTPC Green Energy investor relations (ngel.in)','Government ownership itself is the moat here — 89% NTPC backing gives access to land, financing and tender pipelines that private renewable developers must compete for on commercial terms alone.','An upstream power generator, structurally identical to Adani Green — it builds and owns solar and wind plants and sells electricity under long-term contracts — but sitting inside a state-owned parent''s balance sheet and credit profile rather than standing alone as a private developer.','Being majority-owned by NTPC gives it privileged access to NTPC''s existing land banks, transmission relationships and government tender pipelines, a structural advantage private-sector peers must build from scratch.','FY26 (year ended 31 Mar 2026)','2026-07-03');
INSERT INTO metric_snapshots (ticker,snapshot_date,metric_key,metric_value,metric_unit,metric_label,metric_note,status) VALUES ('NTPCGREEN','2026-03-31','operating_capacity_mw',10671,'MW','Operating Capacity (Group)','As of mid-2026, includes joint ventures such as ONGC NTPC Green.','verified');
INSERT INTO metric_snapshots (ticker,snapshot_date,metric_key,metric_value,metric_unit,metric_label,metric_note,status) VALUES ('NTPCGREEN','2026-03-31','revenue_growth_pct',29.4,'%','Revenue Growth (YoY)','FY26 revenue rose to ₹2,858 crore from ₹2,209 crore in FY25.','verified');
INSERT INTO metric_snapshots (ticker,snapshot_date,metric_key,metric_value,metric_unit,metric_label,metric_note,status) VALUES ('NTPCGREEN','2026-03-31','net_debt_ebitda',4.65,'x','Net Debt / EBITDA','Moderate versus Adani Green''s ~11x, but rising fast as the group borrows to fund its 60 GW-by-2032 target.','verified');
INSERT INTO metric_snapshots (ticker,snapshot_date,metric_key,metric_value,metric_unit,metric_label,metric_note,status) VALUES ('NTPCGREEN','2026-03-31','roe_pct',3.24,'%','Return on Equity','Genuinely weak for a company trading near 150x earnings — growth has outpaced capital efficiency so far.','verified');
INSERT INTO bull_bear_cases (ticker,snapshot_date,case_type,case_text,case_order) VALUES ('NTPCGREEN','2026-03-31','bull','Backed by NTPC Ltd. (a Maharatna CPSE) which owns ~89% of the company, giving access to government-linked project pipelines, cheaper financing, and credibility to win large PSU-anchored tenders private developers can''t easily match.',1);
INSERT INTO bull_bear_cases (ticker,snapshot_date,case_type,case_text,case_order) VALUES ('NTPCGREEN','2026-03-31','bull','FY26 revenue grew to ₹2,858 crore and Q4 revenue hit a record ₹913 crore (+46.7% YoY), with the company already the largest by market capitalisation in the power sector.',2);
INSERT INTO bull_bear_cases (ticker,snapshot_date,case_type,case_text,case_order) VALUES ('NTPCGREEN','2026-03-31','bull','Part of NTPC group''s 60 GW renewable-by-2032 target, with a 30 GW project pipeline and new joint ventures (including with ONGC and a data-centre-focused tie-up with CtrlS) extending its addressable market.',3);
INSERT INTO bull_bear_cases (ticker,snapshot_date,case_type,case_text,case_order) VALUES ('NTPCGREEN','2026-03-31','bear','Return on equity of just 3.24% is weak by any standard, and at a P/E north of 150x, the stock is priced for a growth story that current capital efficiency doesn''t yet support.',1);
INSERT INTO bull_bear_cases (ticker,snapshot_date,case_type,case_text,case_order) VALUES ('NTPCGREEN','2026-03-31','bear','Debt-funded expansion is accelerating faster than earnings: non-current borrowings jumped from ₹17,301 crore to ₹28,637 crore in a single year, pushing the debt-to-equity ratio from 0.97 to 1.54.',2);
INSERT INTO bull_bear_cases (ticker,snapshot_date,case_type,case_text,case_order) VALUES ('NTPCGREEN','2026-03-31','bear','Interest coverage of just 1.49x leaves little cushion — rising interest costs (up 45.6% YoY in Q4 alone) are already eating into the operating profit that revenue growth is generating.',3);
INSERT INTO tech_geo_tags (ticker,label,tag_type,is_active) VALUES ('NTPCGREEN','NTPC group''s 60 GW renewable-by-2032 target and a 30 GW project pipeline give multi-year policy-backed growth visibility','tailwind',TRUE);
INSERT INTO tech_geo_tags (ticker,label,tag_type,is_active) VALUES ('NTPCGREEN','Rising interest costs on debt-funded expansion — up 45.6% YoY in Q4 FY26 — are compressing margins even as revenue grows','risk',TRUE);
INSERT INTO tech_geo_tags (ticker,label,tag_type,is_active) VALUES ('NTPCGREEN','A new joint venture with CtrlS Datacenters to develop renewable power for data centres taps directly into India''s AI/data-centre electricity demand boom','tailwind',TRUE);
INSERT INTO chain_nodes (ticker,direction,node_name,tag,note) VALUES ('NTPCGREEN','upstream','Solar module & wind turbine suppliers',NULL,NULL);
INSERT INTO chain_nodes (ticker,direction,node_name,tag,note) VALUES ('NTPCGREEN','upstream','Land banks via parent NTPC''s existing sites and relationships','tailwind','privileged access vs private developers sourcing land independently');
INSERT INTO chain_nodes (ticker,direction,node_name,tag,note) VALUES ('NTPCGREEN','upstream','Bond & NCD debt markets','risk','₹5,000 crore in fresh FY27 borrowing planned; debt/equity already at 1.54x');
INSERT INTO chain_nodes (ticker,direction,node_name,tag,note) VALUES ('NTPCGREEN','downstream','State DISCOMs & government tenders (SECI)',NULL,NULL);
INSERT INTO chain_nodes (ticker,direction,node_name,tag,note) VALUES ('NTPCGREEN','downstream','Joint ventures incl. ONGC NTPC Green','neutral','diversifies project sourcing but adds structural complexity');
INSERT INTO chain_nodes (ticker,direction,node_name,tag,note) VALUES ('NTPCGREEN','downstream','Data centre power demand via CtrlS JV','tailwind','new, high-growth buyer segment beyond traditional DISCOM offtake');
INSERT INTO mgmt_profiles (ticker,promoter_pct,promoter_who,pledge_note,capital_note,as_of,source_note) VALUES ('NTPCGREEN',89.0,'NTPC Limited (Government of India-controlled Maharatna CPSE)','Not applicable — the promoter is a state-owned enterprise; no pledge mechanism is relevant.','Board approved raising up to ₹5,000 crore in fresh borrowings during FY27 via bonds and NCDs to fund continued capacity expansion; no dividend paid yet as the company remains in an aggressive capex phase.','Mar 2026','Screener.in; NTPC Green Energy FY26 results release (ngel.in); SaurEnergy coverage');
INSERT INTO metric_snapshots (ticker,snapshot_date,metric_key,metric_value,metric_unit,metric_label,status) VALUES ('NTPCGREEN','2026-03-31','market_cap_cr',81280,'crore','Market Capitalisation','verified');


-- ---------------------------------------------------------------------------
-- SECTION 5: Realty, Insurance, Chemicals, Oil & Gas (DLF, LICI, PIDILITIND, BPCL)
-- ---------------------------------------------------------------------------
-- InvestorLens India — New Company Research: Batch 3 (Realty, Insurance, Chemicals, Oil & Gas)
-- Sourced research for DLF, LICI, PIDILITIND, BPCL.

INSERT INTO companies (ticker,name,exchange,sector,sub_sector,compare_group,business_core,source_note,moat_note,value_chain_position,value_chain_note,as_of,fetched_at) VALUES ('DLF','DLF','NSE','Realty','Residential & Commercial Real Estate Developer','Realty','DLF develops and sells residential real estate — from mass housing to super-luxury towers — and separately leases commercial office space, retail malls and hospitality assets for recurring rental income. It earns large, lumpy cash inflows when residential projects are sold and completed, plus steadier annuity income from long-term leases, and is India''s largest private real estate developer by scale and land bank.','DLF FY26 & Q4 FY26 results coverage (Zeebiz, InvestyWise); Screener.in; Kotak Neo & IndiaInfoline shareholding/market cap data','A multi-decade land bank across Gurugram and other NCR micro-markets, built up since the 1970s, combined with a premium brand (DLF Camellias, Privana, Dahlias) that commands pricing power new entrants cannot easily replicate.','A real estate developer sitting between land and the end buyer or tenant — DLF acquires land, builds residential and commercial projects, then either sells units outright (development business) or leases office and retail space for recurring rental income (annuity business).','Unlike an industrial company, DLF''s core ''input'' is land itself — its decades-accumulated land bank in Gurugram and other NCR locations is arguably a bigger competitive asset than any single project, since new entrants cannot easily replicate a multi-decade land position.','FY26 (year ended 31 Mar 2026)','2026-07-03');
INSERT INTO metric_snapshots (ticker,snapshot_date,metric_key,metric_value,metric_unit,metric_label,metric_note,status) VALUES ('DLF','2026-03-31','new_sales_bookings_cr',20143,'crore','New Sales Bookings','Met FY26 guidance of ₹20,000 crore, though down ~5% YoY.','verified');
INSERT INTO metric_snapshots (ticker,snapshot_date,metric_key,metric_value,metric_unit,metric_label,metric_note,status) VALUES ('DLF','2026-03-31','revenue_growth_pct',13.1,'%','Revenue Growth (YoY)','FY26 revenue rose to ₹10,174 crore.','verified');
INSERT INTO metric_snapshots (ticker,snapshot_date,metric_key,metric_value,metric_unit,metric_label,metric_note,status) VALUES ('DLF','2026-03-31','ebitda_margin_pct',30.2,'%','EBITDA Margin','EBITDA of ₹3,070 crore on ₹10,174 crore revenue.','verified');
INSERT INTO metric_snapshots (ticker,snapshot_date,metric_key,metric_value,metric_unit,metric_label,metric_note,status) VALUES ('DLF','2026-03-31','roe_pct',9.37,'%','Return on Equity','Modest for a stock trading near 40x earnings.','verified');
INSERT INTO bull_bear_cases (ticker,snapshot_date,case_type,case_text,case_order) VALUES ('DLF','2026-03-31','bull','FY26 net profit grew 16% to ₹4,256 crore, sales bookings met the ₹20,000 crore guidance at ₹20,143 crore, and the development business now carries zero gross debt with a net cash surplus — a striking balance-sheet position for a real-estate developer.',1);
INSERT INTO bull_bear_cases (ticker,snapshot_date,case_type,case_text,case_order) VALUES ('DLF','2026-03-31','bull','The annuity business (leased offices, malls, hospitality) gives DLF a second, steadier income stream on top of the lumpy, cyclical project-sales business, insulating it somewhat from housing-market swings.',2);
INSERT INTO bull_bear_cases (ticker,snapshot_date,case_type,case_text,case_order) VALUES ('DLF','2026-03-31','bull','Super-luxury launches like Dahlias generated ₹3,967 crore of bookings in a single quarter, showing DLF can command premium pricing in India''s high-end residential upcycle.',3);
INSERT INTO bull_bear_cases (ticker,snapshot_date,case_type,case_text,case_order) VALUES ('DLF','2026-03-31','bear','Q4 alone told a weaker story: EBITDA fell 42.3% YoY and margin contracted to 28.2% from 31.3%, missing analyst estimates on revenue, EBITDA and margin all at once.',1);
INSERT INTO bull_bear_cases (ticker,snapshot_date,case_type,case_text,case_order) VALUES ('DLF','2026-03-31','bear','Full-year sales bookings actually declined about 5% YoY even though they met guidance — growth has plateaued rather than accelerated.',2);
INSERT INTO bull_bear_cases (ticker,snapshot_date,case_type,case_text,case_order) VALUES ('DLF','2026-03-31','bear','Return on equity of just 9.37% is modest for a company trading near 40x earnings — the market is paying a growth premium that recent bookings data hasn''t clearly justified.',3);
INSERT INTO tech_geo_tags (ticker,label,tag_type,is_active) VALUES ('DLF','India''s premium and luxury housing upcycle continues to support pricing power for large developers with strong brands, evident in Dahlias'' ₹3,967 crore in single-quarter bookings','tailwind',TRUE);
INSERT INTO tech_geo_tags (ticker,label,tag_type,is_active) VALUES ('DLF','A zero gross-debt development business gives DLF unusual insulation from interest-rate cycles that hurt more leveraged real estate peers','tailwind',TRUE);
INSERT INTO tech_geo_tags (ticker,label,tag_type,is_active) VALUES ('DLF','Q4 FY26''s sharp margin contraction (31.3% to 28.2%) shows real estate earnings remain lumpy and execution-dependent quarter to quarter, unlike steadier annuity businesses','risk',TRUE);
INSERT INTO chain_nodes (ticker,direction,node_name,tag,note) VALUES ('DLF','upstream','Land acquisition & aggregation, incl. decades-old NCR land bank',NULL,NULL);
INSERT INTO chain_nodes (ticker,direction,node_name,tag,note) VALUES ('DLF','upstream','Construction contractors & building material suppliers',NULL,NULL);
INSERT INTO chain_nodes (ticker,direction,node_name,tag,note) VALUES ('DLF','upstream','Project & construction financing','tailwind','development business carries zero gross debt, unlike most listed developers');
INSERT INTO chain_nodes (ticker,direction,node_name,tag,note) VALUES ('DLF','downstream','Residential buyers — luxury & super-luxury segment',NULL,NULL);
INSERT INTO chain_nodes (ticker,direction,node_name,tag,note) VALUES ('DLF','downstream','Corporate office & retail tenants (annuity business)','tailwind','steady recurring income distinct from lumpy project sales');
INSERT INTO chain_nodes (ticker,direction,node_name,tag,note) VALUES ('DLF','downstream','Hospitality & recreational operations',NULL,NULL);
INSERT INTO mgmt_profiles (ticker,promoter_pct,promoter_who,pledge_note,capital_note,as_of,source_note) VALUES ('DLF',74.1,'Singh family, via Rajdhani Investments And Agencies Private Limited (61.53% of the promoter stake) and related entities','No pledged promoter holdings reported.','Declared a final dividend of ₹8/share (400% of face value), up 33% YoY, alongside a zero-debt development balance sheet — capital is being returned to shareholders rather than aggressively releveraged.','Mar 2026','Kotak Neo & Screener.in shareholding data; MarketsMojo shareholding detail');
INSERT INTO metric_snapshots (ticker,snapshot_date,metric_key,metric_value,metric_unit,metric_label,status) VALUES ('DLF','2026-03-31','market_cap_cr',165116,'crore','Market Capitalisation','verified');
INSERT INTO companies (ticker,name,exchange,sector,sub_sector,compare_group,business_core,source_note,moat_note,value_chain_position,value_chain_note,as_of,fetched_at) VALUES ('LICI','Life Insurance Corporation','NSE','Insurance','Life Insurance (PSU)','Insurance','Life Insurance Corporation of India collects premiums from policyholders across individual and group life insurance, pension, health and annuity products, invests the pooled money across India''s capital markets, and pays out claims, maturities and bonuses from the investment returns and premium income. It is India''s largest life insurer by a wide margin and one of the largest institutional investors in the Indian stock market.','LIC FY26 results release (licindia.in via Sujatawde coverage); Screener.in; Tickertape','Unmatched scale and distribution reach built over nearly 70 years — India''s largest life insurer by a wide margin, with a brand recognized by nearly 200 million policyholders that no private insurer, however well-capitalized, can replicate quickly.','LIC sits at the center of India''s life insurance value chain — it collects premiums from nearly 200 million policyholders, invests that pooled capital (AUM of ₹57.29 lakh crore) across bonds, equities and government securities, and pays out claims, maturities and bonuses from the returns, keeping the spread as profit.','Because LIC''s investment book is so enormous, it is also one of the largest single shareholders in the Indian stock market itself — its buying and selling decisions can meaningfully move prices in the very market it operates in, a scale advantage (and systemic-risk factor) no private insurer has.','FY26 (year ended 31 Mar 2026)','2026-07-03');
INSERT INTO metric_snapshots (ticker,snapshot_date,metric_key,metric_value,metric_unit,metric_label,metric_note,status) VALUES ('LICI','2026-03-31','premium_income_cr',535984,'crore','Total Premium Income','Up 9.80% YoY.','verified');
INSERT INTO metric_snapshots (ticker,snapshot_date,metric_key,metric_value,metric_unit,metric_label,metric_note,status) VALUES ('LICI','2026-03-31','market_share_pct',56.66,'%','New Business Premium Market Share','By First Year Premium Income (IRDAI); down slightly from 57.05% in FY25 as private insurers gain share.','verified');
INSERT INTO metric_snapshots (ticker,snapshot_date,metric_key,metric_value,metric_unit,metric_label,metric_note,status) VALUES ('LICI','2026-03-31','vnb_margin_pct',21,'%','VNB Margin','Value of New Business grew 41.63% to ₹14,179 crore.','verified');
INSERT INTO metric_snapshots (ticker,snapshot_date,metric_key,metric_value,metric_unit,metric_label,metric_note,status) VALUES ('LICI','2026-03-31','solvency_ratio',2.35,'x','Solvency Ratio','Regulatory minimum is 1.50x; LIC carries a healthy buffer, up from 2.11x.','verified');
INSERT INTO bull_bear_cases (ticker,snapshot_date,case_type,case_text,case_order) VALUES ('LICI','2026-03-31','bull','FY26 net profit grew 19.25% to ₹57,419 crore on Total Premium Income of ₹5,35,984 crore, and remains India''s overwhelming market leader with 56.66% share of new business premium — more than the rest of the industry''s private insurers combined.',1);
INSERT INTO bull_bear_cases (ticker,snapshot_date,case_type,case_text,case_order) VALUES ('LICI','2026-03-31','bull','Value of New Business (VNB) grew 41.63% to ₹14,179 crore with margin above 21%, and the Non-Par product share rose sharply to 35.11% from 27.69% — the mix is shifting toward higher-margin products, not just growing in volume.',2);
INSERT INTO bull_bear_cases (ticker,snapshot_date,case_type,case_text,case_order) VALUES ('LICI','2026-03-31','bull','Trading at a trailing P/E near 9.5x against an ROE near 40%+, LIC is priced far cheaper than most large-cap financials despite a solvency ratio that improved to 2.35 from 2.11, comfortably above the regulatory minimum.',3);
INSERT INTO bull_bear_cases (ticker,snapshot_date,case_type,case_text,case_order) VALUES ('LICI','2026-03-31','bear','Persistency ratios — how many policyholders keep paying premiums over time — slipped slightly (13th month 67.77% vs 68.62%, 61st month 54.13% vs 58.54%), a real quality signal worth watching even amid strong headline growth.',1);
INSERT INTO bull_bear_cases (ticker,snapshot_date,case_type,case_text,case_order) VALUES ('LICI','2026-03-31','bear','Market share in new business premium edged down from 57.05% to 56.66% as private insurers continue to chip away at LIC''s historic dominance, particularly in higher-margin non-par and ULIP products.',2);
INSERT INTO bull_bear_cases (ticker,snapshot_date,case_type,case_text,case_order) VALUES ('LICI','2026-03-31','bear','The Government of India holds 96.5% of the company and media reports point to a possible further stake sale — any large secondary share sale could pressure the stock regardless of underlying business performance.',3);
INSERT INTO tech_geo_tags (ticker,label,tag_type,is_active) VALUES ('LICI','Private insurers continue to gain share in higher-margin non-par and ULIP products, slowly eroding LIC''s historic market dominance even as LIC''s absolute premium income keeps growing','risk',TRUE);
INSERT INTO tech_geo_tags (ticker,label,tag_type,is_active) VALUES ('LICI','A reported government plan to sell a further stake (potentially raising ~₹10,000 crore) could increase share supply and pressure the stock independent of business performance','risk',TRUE);
INSERT INTO tech_geo_tags (ticker,label,tag_type,is_active) VALUES ('LICI','Growth in bancassurance and alternate distribution channels (up more than 45% in FY26) is diversifying LIC beyond its traditional agent-heavy distribution model','tailwind',TRUE);
INSERT INTO chain_nodes (ticker,direction,node_name,tag,note) VALUES ('LICI','upstream','Policyholder premiums — individual & group business',NULL,NULL);
INSERT INTO chain_nodes (ticker,direction,node_name,tag,note) VALUES ('LICI','upstream','Bancassurance & alternate distribution channels','tailwind','growing over 45% in FY26, reducing reliance on the traditional agent force');
INSERT INTO chain_nodes (ticker,direction,node_name,tag,note) VALUES ('LICI','upstream','Agent network — India''s largest, but an aging distribution model',NULL,NULL);
INSERT INTO chain_nodes (ticker,direction,node_name,tag,note) VALUES ('LICI','downstream','Indian equity & debt capital markets — where AUM of ₹57+ lakh crore is invested',NULL,NULL);
INSERT INTO chain_nodes (ticker,direction,node_name,tag,note) VALUES ('LICI','downstream','Policyholder payouts — claims, maturities, bonuses',NULL,NULL);
INSERT INTO chain_nodes (ticker,direction,node_name,tag,note) VALUES ('LICI','downstream','Private insurer competition for high-margin products','risk','steadily eroding LIC''s new-business market share');
INSERT INTO mgmt_profiles (ticker,promoter_pct,promoter_who,pledge_note,capital_note,as_of,source_note) VALUES ('LICI',96.5,'Government of India','Not applicable — the promoter is the sovereign.','Recommended a final dividend of ₹10/share and announced a 1:1 bonus issue in FY26, rewarding shareholders even as the government retains an overwhelming majority stake.','Mar 2026','LIC FY26 results release; Screener.in; Tickertape coverage');
INSERT INTO metric_snapshots (ticker,snapshot_date,metric_key,metric_value,metric_unit,metric_label,status) VALUES ('LICI','2026-03-31','market_cap_cr',546600,'crore','Market Capitalisation','verified');
INSERT INTO companies (ticker,name,exchange,sector,sub_sector,compare_group,business_core,source_note,moat_note,value_chain_position,value_chain_note,as_of,fetched_at) VALUES ('PIDILITIND','Pidilite Industries','NSE','Chemicals','Specialty Chemicals & Adhesives','Chemicals','Pidilite Industries manufactures and sells adhesives, sealants, waterproofing compounds and construction chemicals under well-known consumer brands (Fevicol, Dr. Fixit, M-Seal, Fevikwik), selling both to individual consumers and small contractors through hardware retail (Consumer & Bazaar) and to larger industrial and project customers (Business-to-Business). It converts petrochemical inputs into higher-margin branded products, capturing much more value than a commodity chemicals maker.','Pidilite FY26 & Q4 FY26 results coverage (Angel One, ScanX, Bajaj Broking, MarketsMojo); Screener.in','Brand equity built over decades — ''Fevicol'' is used generically in India the way ''Xerox'' once was for photocopying — giving Pidilite pricing power and shelf preference that new entrants cannot buy their way into quickly.','Pidilite sits downstream of petrochemical input suppliers (vinyl acetate monomer and other crude derivatives) and upstream of the hardware stores, contractors, retailers and industrial customers who buy its adhesives, sealants and construction chemicals — a classic branded-consumer-goods position layered on top of a chemicals manufacturing base.','Because its key raw materials are crude-oil derivatives, Pidilite''s margins are structurally linked to the same crude price cycle that affects fuel and petrochemical companies elsewhere in this dataset, even though its end products look nothing like fuel.','FY26 (year ended 31 Mar 2026)','2026-07-03');
INSERT INTO metric_snapshots (ticker,snapshot_date,metric_key,metric_value,metric_unit,metric_label,metric_note,status) VALUES ('PIDILITIND','2026-03-31','revenue_growth_pct',11.8,'%','Revenue Growth (YoY)','FY26 consolidated revenue reached ₹14,601 crore.','verified');
INSERT INTO metric_snapshots (ticker,snapshot_date,metric_key,metric_value,metric_unit,metric_label,metric_note,status) VALUES ('PIDILITIND','2026-03-31','ebitda_margin_pct',24.2,'%','EBITDA Margin','Up ~120 bps YoY on lower input costs.','verified');
INSERT INTO metric_snapshots (ticker,snapshot_date,metric_key,metric_value,metric_unit,metric_label,metric_note,status) VALUES ('PIDILITIND','2026-03-31','volume_growth_pct',11.1,'%','Underlying Volume Growth','Double-digit growth across both Consumer & Bazaar and B2B segments.','verified');
INSERT INTO metric_snapshots (ticker,snapshot_date,metric_key,metric_value,metric_unit,metric_label,metric_note,status) VALUES ('PIDILITIND','2026-03-31','working_capital_days',116,'days','Working Capital Days','Up sharply from 51.2 days a year earlier — the clearest red flag in an otherwise strong year.','verified');
INSERT INTO bull_bear_cases (ticker,snapshot_date,case_type,case_text,case_order) VALUES ('PIDILITIND','2026-03-31','bull','FY26 revenue grew 11.8% to ₹14,601 crore with EBITDA margin expanding to 24.2%, and Q4 alone saw PAT jump 36.6% — profit growing meaningfully faster than sales as input costs eased.',1);
INSERT INTO bull_bear_cases (ticker,snapshot_date,case_type,case_text,case_order) VALUES ('PIDILITIND','2026-03-31','bull','Iconic, hard-to-displace consumer brands (Fevicol, Dr. Fixit, M-Seal, Fevikwik) give Pidilite pricing power that generic adhesive and chemical makers lack, evident in a payout ratio of 70.2% — the business generates more cash than it needs to reinvest.',2);
INSERT INTO bull_bear_cases (ticker,snapshot_date,case_type,case_text,case_order) VALUES ('PIDILITIND','2026-03-31','bull','Double-digit volume growth across both the Consumer & Bazaar and Business-to-Business segments shows demand strength isn''t concentrated in one channel or product line.',3);
INSERT INTO bull_bear_cases (ticker,snapshot_date,case_type,case_text,case_order) VALUES ('PIDILITIND','2026-03-31','bear','Working capital days jumped from 51.2 to 116 — more than doubling — a real deterioration in how quickly the company converts sales into cash, even as the income statement looks strong.',1);
INSERT INTO bull_bear_cases (ticker,snapshot_date,case_type,case_text,case_order) VALUES ('PIDILITIND','2026-03-31','bear','Margins benefited significantly from lower vinyl acetate monomer and crude-linked input costs this year; a reversal in those raw material prices would directly compress the margin expansion investors are currently rewarding.',2);
INSERT INTO bull_bear_cases (ticker,snapshot_date,case_type,case_text,case_order) VALUES ('PIDILITIND','2026-03-31','bear','At roughly 62–66x trailing earnings, the stock prices in continued flawless execution, leaving little room for a miss even though B2B export volumes actually declined amid Middle East-related disruption.',3);
INSERT INTO tech_geo_tags (ticker,label,tag_type,is_active) VALUES ('PIDILITIND','Vinyl acetate monomer and other crude-linked input costs eased in FY26, directly driving margin expansion — a reversal would compress margins just as directly','risk',TRUE);
INSERT INTO tech_geo_tags (ticker,label,tag_type,is_active) VALUES ('PIDILITIND','Export demand in the B2B segment was hit by Middle East conflict disruption even as domestic project demand stayed strong','risk',TRUE);
INSERT INTO tech_geo_tags (ticker,label,tag_type,is_active) VALUES ('PIDILITIND','India''s construction and real estate upcycle is a direct tailwind for Pidilite''s waterproofing (Dr. Fixit) and tile-fixing product lines','tailwind',TRUE);
INSERT INTO chain_nodes (ticker,direction,node_name,tag,note) VALUES ('PIDILITIND','upstream','Vinyl acetate monomer & crude-linked petrochemical inputs','risk','margin is structurally exposed to the same crude cycle that affects fuel companies');
INSERT INTO chain_nodes (ticker,direction,node_name,tag,note) VALUES ('PIDILITIND','upstream','Packaging & specialty raw material suppliers',NULL,NULL);
INSERT INTO chain_nodes (ticker,direction,node_name,tag,note) VALUES ('PIDILITIND','downstream','Hardware stores, dealers & retail distribution (Consumer & Bazaar)',NULL,NULL);
INSERT INTO chain_nodes (ticker,direction,node_name,tag,note) VALUES ('PIDILITIND','downstream','Contractors, builders & industrial B2B customers','tailwind','double-digit domestic volume growth in FY26');
INSERT INTO chain_nodes (ticker,direction,node_name,tag,note) VALUES ('PIDILITIND','downstream','Export markets','risk','B2B export volumes declined amid Middle East-linked disruption');
INSERT INTO mgmt_profiles (ticker,promoter_pct,promoter_who,pledge_note,capital_note,as_of,source_note) VALUES ('PIDILITIND',69.32,'Parekh family, via entities including Triveni Corporations, J. Ben & Co. and Pbs Business Corporation','No pledge reported; promoter holding essentially stable quarter over quarter.','Proposed a final dividend of ₹11.5/share on top of an earlier special interim dividend of ₹5/share (post a bonus issue adjustment), taking the total FY26 payout ratio to 70.2% — a mature, cash-generative business returning capital rather than chasing growth via leverage.','Mar 2026','MarketsMojo shareholding detail; Screener.in; company Q4 FY26 results release');
INSERT INTO metric_snapshots (ticker,snapshot_date,metric_key,metric_value,metric_unit,metric_label,status) VALUES ('PIDILITIND','2026-03-31','market_cap_cr',160819,'crore','Market Capitalisation','verified');
INSERT INTO companies (ticker,name,exchange,sector,sub_sector,compare_group,business_core,source_note,moat_note,value_chain_position,value_chain_note,as_of,fetched_at) VALUES ('BPCL','Bharat Petroleum','NSE','Oil & Gas','Oil Marketing & Refining (PSU)','Oil & Gas','Bharat Petroleum Corporation refines crude oil into petrol, diesel, LPG, aviation turbine fuel and other products, then sells them through its own retail network, alongside a smaller exploration & production business. As a government-controlled Maharatna PSU, it is one of India''s three dominant oil marketing companies, with earnings driven mainly by refining margins (the spread between crude cost and refined product prices) and steady domestic fuel demand growth.','BPCL FY26 & Q4 FY26 results coverage (Groww, PSU Connect, Upstox); Screener.in; BPCL Q4 FY26 earnings call transcript; ScanX SEBI filing coverage','A Maharatna PSU with an extensive, hard-to-replicate retail fuel network across India, integrated refining capacity, and government backing — scale and distribution reach that would take a private competitor decades and enormous capital to build from scratch.','BPCL sits in the middle of the oil value chain — downstream of crude oil producers like ONGC, it refines crude into petrol, diesel, LPG and other fuels, then sells them onward through its own retail network, distinguishing it from purely upstream companies that only extract crude.','Because crude oil is priced globally in dollars while BPCL sells fuel domestically in rupees at government-influenced prices, the company sits at the exact point where global crude volatility and Indian currency and policy risk intersect — a structurally different exposure than a pure producer or a pure retailer would have.','FY26 (year ended 31 Mar 2026)','2026-07-03');
INSERT INTO metric_snapshots (ticker,snapshot_date,metric_key,metric_value,metric_unit,metric_label,metric_note,status) VALUES ('BPCL','2026-03-31','revenue_growth_pct',4.46,'%','Revenue Growth (YoY)','FY26 consolidated revenue reached ₹5,22,820 crore.','verified');
INSERT INTO metric_snapshots (ticker,snapshot_date,metric_key,metric_value,metric_unit,metric_label,metric_note,status) VALUES ('BPCL','2026-03-31','pat_growth_pct',93.78,'%','PAT Growth (YoY)','Net profit nearly doubled to ₹25,843 crore on stronger refining margins.','verified');
INSERT INTO metric_snapshots (ticker,snapshot_date,metric_key,metric_value,metric_unit,metric_label,metric_note,status) VALUES ('BPCL','2026-03-31','grm_usd_bbl',11.74,'$/bbl','Gross Refining Margin','More than double FY25''s much weaker margin environment.','verified');
INSERT INTO metric_snapshots (ticker,snapshot_date,metric_key,metric_value,metric_unit,metric_label,metric_note,status) VALUES ('BPCL','2026-03-31','refinery_utilization_pct',116,'%','Refinery Utilisation','Highest-ever throughput of 41.15 MMT for the year.','verified');
INSERT INTO bull_bear_cases (ticker,snapshot_date,case_type,case_text,case_order) VALUES ('BPCL','2026-03-31','bull','FY26 consolidated PAT nearly doubled, up 93.78% YoY to ₹25,843 crore, as gross refining margins recovered sharply to $11.74/barrel from a much weaker prior year, alongside record refinery throughput of 41.15 MMT at 116% utilisation.',1);
INSERT INTO bull_bear_cases (ticker,snapshot_date,case_type,case_text,case_order) VALUES ('BPCL','2026-03-31','bull','Domestic fuel demand kept growing across the board — petrol +5.7%, diesel +1%, ATF +11.4%, and CNG sales surged 62.1% — showing volume growth well beyond just a margin-driven profit story.',2);
INSERT INTO bull_bear_cases (ticker,snapshot_date,case_type,case_text,case_order) VALUES ('BPCL','2026-03-31','bull','At a trailing P/E near 5x with an ROE near 28%, BPCL trades at a steep discount to the broader market despite genuinely strong FY26 execution and continued government backing as a Maharatna PSU.',3);
INSERT INTO bull_bear_cases (ticker,snapshot_date,case_type,case_text,case_order) VALUES ('BPCL','2026-03-31','bear','Refining margins are a volatile, largely externally-determined number — the same $11.74/barrel GRM that nearly doubled profit this year can just as easily collapse in a weaker global refining environment, as FY25''s much lower margins already showed.',1);
INSERT INTO bull_bear_cases (ticker,snapshot_date,case_type,case_text,case_order) VALUES ('BPCL','2026-03-31','bear','The Exploration & Production segment (via subsidiary BPRL, including the Mozambique LNG project) remains loss-making, though the loss narrowed as a force-majeure situation resolved — a reminder that not every part of the business is profitable yet.',2);
INSERT INTO bull_bear_cases (ticker,snapshot_date,case_type,case_text,case_order) VALUES ('BPCL','2026-03-31','bear','As a PSU oil marketing company, BPCL''s retail fuel pricing and subsidy exposure are ultimately subject to government policy, not pure market economics — a structural risk private-sector peers don''t carry.',3);
INSERT INTO tech_geo_tags (ticker,label,tag_type,is_active) VALUES ('BPCL','Gross refining margins are directly exposed to global crude price volatility and West Asia geopolitical tensions, which nearly doubled FY26 profit but could just as easily reverse','risk',TRUE);
INSERT INTO tech_geo_tags (ticker,label,tag_type,is_active) VALUES ('BPCL','CNG sales volume grew 62.1% YoY, tracking India''s broader shift toward gas-based and cleaner transport fuels','tailwind',TRUE);
INSERT INTO tech_geo_tags (ticker,label,tag_type,is_active) VALUES ('BPCL','As a Maharatna PSU, BPCL''s retail fuel pricing carries government policy influence that private refiners don''t face, cutting both ways as a stability factor and a constraint','neutral',TRUE);
INSERT INTO chain_nodes (ticker,direction,node_name,tag,note) VALUES ('BPCL','upstream','Crude oil producers & importers, incl. peers like ONGC',NULL,NULL);
INSERT INTO chain_nodes (ticker,direction,node_name,tag,note) VALUES ('BPCL','upstream','Global crude oil & shipping markets','risk','GRM swings directly with global crude price and freight volatility');
INSERT INTO chain_nodes (ticker,direction,node_name,tag,note) VALUES ('BPCL','downstream','BPCL-branded retail fuel outlets across India',NULL,NULL);
INSERT INTO chain_nodes (ticker,direction,node_name,tag,note) VALUES ('BPCL','downstream','Aviation fuel, LPG distribution & CNG stations','tailwind','CNG volumes grew 62.1% YoY, ATF 11.4%');
INSERT INTO chain_nodes (ticker,direction,node_name,tag,note) VALUES ('BPCL','downstream','Petrochemical & biofuel projects (Bina expansion, ethanol plants)','tailwind','diversifying beyond pure fuel refining and marketing');
INSERT INTO mgmt_profiles (ticker,promoter_pct,promoter_who,pledge_note,capital_note,as_of,source_note) VALUES ('BPCL',53.0,'Government of India','Zero encumbrance confirmed for FY26 per the promoter''s SEBI takeover-regulation filing.','Continues investing in strategic growth projects (Bina Petrochemical and Refinery Expansion, ethanol plants, CNG and gas pipeline expansion) alongside its core refining and marketing business, funded from a nearly-doubled FY26 profit base.','Mar 2026','Screener.in; ScanX coverage of SEBI Reg 31(4) promoter filing; BPCL Q4 FY26 earnings call transcript');
INSERT INTO metric_snapshots (ticker,snapshot_date,metric_key,metric_value,metric_unit,metric_label,status) VALUES ('BPCL','2026-03-31','market_cap_cr',134689,'crore','Market Capitalisation','verified');


-- ---------------------------------------------------------------------------
-- SECTION 6: Capital Goods & Defence (ABB, SIEMENS, HAL, MAZDOCK)
-- ---------------------------------------------------------------------------
-- InvestorLens India — New Company Research: Batch 4 (Capital Goods, Defence & Aerospace)
-- Sourced research for ABB, SIEMENS, HAL, MAZDOCK.

INSERT INTO companies (ticker,name,exchange,sector,sub_sector,compare_group,business_core,source_note,moat_note,value_chain_position,value_chain_note,as_of,fetched_at) VALUES ('ABB','ABB India','NSE','Capital Goods','Industrial Automation & Electrification (MNC)','Capital Goods','ABB India manufactures and sells industrial automation, electrification, motion control and robotics products and systems — the equipment and software that runs factories, power grids, data centres and infrastructure projects. It operates as the Indian listed subsidiary of Swiss-headquartered ABB Group, combining global engineering technology with local manufacturing and service.','ABB India Q4/CY25 results coverage (ICICI Direct, Motilal Oswal, Upstox, Whalesbook, Samco); Screener.in','Decades of ABB Group''s global engineering technology, brand trust with large industrial and utility customers, and an integrated local ecosystem of manufacturing, service and support that new entrants cannot replicate quickly, even as competitive intensity from Chinese suppliers grows.','ABB India sits in the middle of the industrial value chain as a technology and equipment supplier — it manufactures and sells automation, electrification and motion products and systems to industrial, infrastructure, utility and data-centre customers, who then use that equipment to run their own factories, grids and facilities.','As a majority-owned subsidiary of Swiss-headquartered ABB Group, its product roadmap, technology transfer and even strategic decisions about specific business lines (like the recent robotics divestment question) flow from group-level decisions made outside India.','CY25 (calendar year ended 31 Dec 2025)','2026-07-03');
INSERT INTO metric_snapshots (ticker,snapshot_date,metric_key,metric_value,metric_unit,metric_label,metric_note,status) VALUES ('ABB','2026-03-31','revenue_growth_pct',8,'%','Revenue Growth (CY25)','CY25 revenue reached a record ₹13,203 crore.','verified');
INSERT INTO metric_snapshots (ticker,snapshot_date,metric_key,metric_value,metric_unit,metric_label,metric_note,status) VALUES ('ABB','2026-03-31','order_inflow_growth_pct',52,'%','Order Inflow Growth (Q4 YoY)','Highest Q4 order intake in five years, at ₹4,096 crore.','verified');
INSERT INTO metric_snapshots (ticker,snapshot_date,metric_key,metric_value,metric_unit,metric_label,metric_note,status) VALUES ('ABB','2026-03-31','ebitda_margin_pct',15.5,'%','EBITDA Margin (Q4 CY25)','Contracted from ~17.2–19% a year earlier on higher imported material costs.','verified');
INSERT INTO metric_snapshots (ticker,snapshot_date,metric_key,metric_value,metric_unit,metric_label,metric_note,status) VALUES ('ABB','2026-03-31','order_book_to_revenue',0.77,'x','Order Backlog / Revenue','Backlog of ₹10,470 crore as of Dec''25, providing under a year of revenue visibility.','verified');
INSERT INTO bull_bear_cases (ticker,snapshot_date,case_type,case_text,case_order) VALUES ('ABB','2026-03-31','bull','Q4 CY25 order inflow surged 52% YoY to ₹4,096 crore — the strongest Q4 order intake in five years — with a large data centre order now representing 10-11% of the total order book, tapping directly into India''s AI infrastructure buildout.',1);
INSERT INTO bull_bear_cases (ticker,snapshot_date,case_type,case_text,case_order) VALUES ('ABB','2026-03-31','bull','CY25 revenue hit a record ₹13,203 crore (+8% YoY), with export revenue growing across all major divisions and strategic focus on 23 high-growth segments including renewables, electronics, and grid modernisation.',2);
INSERT INTO bull_bear_cases (ticker,snapshot_date,case_type,case_text,case_order) VALUES ('ABB','2026-03-31','bull','Backed by decades of ABB Group''s global technology and an integrated ecosystem, the company is positioned to benefit from an anticipated resurgence in India''s private capex cycle in 2026.',3);
INSERT INTO bull_bear_cases (ticker,snapshot_date,case_type,case_text,case_order) VALUES ('ABB','2026-03-31','bear','Q4 CY25 net profit fell 18.08% YoY to ₹432.85 crore even as revenue grew, with EBITDA margin contracting roughly 230-400 basis points on higher imported raw material costs tied to new Quality Control Order (QCO) localisation rules.',1);
INSERT INTO bull_bear_cases (ticker,snapshot_date,case_type,case_text,case_order) VALUES ('ABB','2026-03-31','bear','Material costs rose to 61% of revenue from 58% a year earlier as the company was forced to import more components during a QCO compliance transition period extending into September 2026 — a self-inflicted near-term cost headwind from a policy meant to help domestic manufacturers.',2);
INSERT INTO bull_bear_cases (ticker,snapshot_date,case_type,case_text,case_order) VALUES ('ABB','2026-03-31','bear','At a P/E near 53-57x, the stock prices in a clean recovery story, but intensifying Chinese competition in the Electrification and Motion segments and ABB Group''s global divestment of its Robotics business add real uncertainty.',3);
INSERT INTO tech_geo_tags (ticker,label,tag_type,is_active) VALUES ('ABB','India''s new Quality Control Order (QCO) mandates BIS-tested localisation for many components, and limited domestic testing lab capacity has forced ABB to rely on costlier imports during the compliance transition through September 2026','risk',TRUE);
INSERT INTO tech_geo_tags (ticker,label,tag_type,is_active) VALUES ('ABB','Rising data centre capex in India is generating large orders — now roughly 10-11% of ABB''s order book — directly tied to the AI infrastructure buildout','tailwind',TRUE);
INSERT INTO tech_geo_tags (ticker,label,tag_type,is_active) VALUES ('ABB','Intensifying Chinese competition in the Electrification and Motion segments is pressuring pricing power that ABB previously enjoyed','risk',TRUE);
INSERT INTO chain_nodes (ticker,direction,node_name,tag,note) VALUES ('ABB','upstream','Imported components & raw materials, incl. QCO-driven higher import content','risk','QCO localisation rules have temporarily forced costlier imports during the compliance transition');
INSERT INTO chain_nodes (ticker,direction,node_name,tag,note) VALUES ('ABB','upstream','ABB Group global technology & engineering transfer',NULL,NULL);
INSERT INTO chain_nodes (ticker,direction,node_name,tag,note) VALUES ('ABB','downstream','Industrial manufacturers, utilities & infrastructure project customers',NULL,NULL);
INSERT INTO chain_nodes (ticker,direction,node_name,tag,note) VALUES ('ABB','downstream','Data centre operators','tailwind','large data-centre orders now ~10-11% of the order book');
INSERT INTO chain_nodes (ticker,direction,node_name,tag,note) VALUES ('ABB','downstream','Export markets, incl. group-company preference for India-made exports',NULL,NULL);
INSERT INTO mgmt_profiles (ticker,promoter_pct,promoter_who,pledge_note,capital_note,as_of,source_note) VALUES ('ABB',75.0,'ABB Group (Switzerland), the global parent','No pledge — promoter is a listed multinational''s Indian subsidiary structure, not a family or individual holding.','Board recommended a final dividend of ₹29.95/share; the company continues to reinvest in expanding across 23 target segments while managing near-term margin pressure from input costs.','Dec 2025','Screener.in; ICICI Direct & Motilal Oswal Q4 CY25 result reviews; Upstox coverage');
INSERT INTO metric_snapshots (ticker,snapshot_date,metric_key,metric_value,metric_unit,metric_label,status) VALUES ('ABB','2026-03-31','market_cap_cr',147001,'crore','Market Capitalisation','verified');
INSERT INTO companies (ticker,name,exchange,sector,sub_sector,compare_group,business_core,source_note,moat_note,value_chain_position,value_chain_note,as_of,fetched_at) VALUES ('SIEMENS','Siemens','NSE','Capital Goods','Industrial Automation & Smart Infrastructure (MNC)','Capital Goods','Siemens India provides intelligent infrastructure technology for buildings and decentralised energy systems, automation and digitalisation software for process and manufacturing industries, and smart mobility solutions for rail and road transport. Following the FY26 demerger of its Energy business into separately-listed Siemens Energy India, the company is now more narrowly focused on Smart Infrastructure, Digital Industries and Mobility.','Siemens Ltd FY26/Q2 FY26 results coverage (MarketsMojo, Univest); Screener.in','Global Siemens engineering and brand trust across decades of infrastructure and industrial projects, combined with deep relationships with anchor customers like Power Grid and Indian Railways that a new entrant could not win quickly.','Siemens India sells intelligent infrastructure, automation and mobility technology to industrial, infrastructure and transport customers — buildings, factories, rail networks and utilities all run partly on Siemens equipment, software and systems, positioning it as a technology supplier rather than an end-product maker.','The FY26 demerger of its Energy business into a separately-listed entity (Siemens Energy India) means the remaining company is now more narrowly focused on Smart Infrastructure, Digital Industries and Mobility — a structurally different, smaller business than the one reflected in most pre-2026 historical comparisons.','FY26 (TTM basis, post-demerger)','2026-07-03');
INSERT INTO metric_snapshots (ticker,snapshot_date,metric_key,metric_value,metric_unit,metric_label,metric_note,status) VALUES ('SIEMENS','2026-03-31','revenue_cr',24846,'crore','Revenue (TTM)','Post the FY26 demerger of the Energy business into separately-listed Siemens Energy India.','verified');
INSERT INTO metric_snapshots (ticker,snapshot_date,metric_key,metric_value,metric_unit,metric_label,metric_note,status) VALUES ('SIEMENS','2026-03-31','ebitda_margin_pct',11.93,'%','Operating Margin','Down from 15.34% over six quarters, coinciding with the FY26 Energy business demerger.','verified');
INSERT INTO metric_snapshots (ticker,snapshot_date,metric_key,metric_value,metric_unit,metric_label,metric_note,status) VALUES ('SIEMENS','2026-03-31','roe_pct',12.96,'%','Return on Equity','Trails peer average; capital efficiency has been diluted post-demerger.','verified');
INSERT INTO metric_snapshots (ticker,snapshot_date,metric_key,metric_value,metric_unit,metric_label,metric_note,status) VALUES ('SIEMENS','2026-03-31','working_capital_days',67.6,'days','Working Capital Days','Up from 41.9 days — a genuine cash-conversion concern echoing a pattern seen at other capital goods peers.','verified');
INSERT INTO bull_bear_cases (ticker,snapshot_date,case_type,case_text,case_order) VALUES ('SIEMENS','2026-03-31','bull','Q2 FY26 revenue reached a record ₹5,171 crore on strong order execution across infrastructure and industrial segments, with order intake climbing 18% on a comparable basis and record levels across most divisions.',1);
INSERT INTO bull_bear_cases (ticker,snapshot_date,case_type,case_text,case_order) VALUES ('SIEMENS','2026-03-31','bull','The German parent dramatically consolidated its promoter stake to 75% (from a fragmented ~6.67% base) during the FY26 Energy business demerger, signalling long-term strategic commitment to the Indian subsidiary even as the corporate structure was reorganised.',2);
INSERT INTO bull_bear_cases (ticker,snapshot_date,case_type,case_text,case_order) VALUES ('SIEMENS','2026-03-31','bull','Siemens India sits at the intersection of India''s biggest capex themes — infrastructure, energy transition, digitalisation and urbanisation — with key clients including Power Grid, Indian Railways, data centre operators and state DISCOMs.',3);
INSERT INTO bull_bear_cases (ticker,snapshot_date,case_type,case_text,case_order) VALUES ('SIEMENS','2026-03-31','bear','Operating margins compressed sharply from 15.34% to 11.93% over six quarters, and Q2 FY26 net profit fell 41.63% YoY even as revenue grew — a genuine disconnect between topline momentum and bottom-line delivery.',1);
INSERT INTO bull_bear_cases (ticker,snapshot_date,case_type,case_text,case_order) VALUES ('SIEMENS','2026-03-31','bear','Working capital days nearly doubled from 41.9 to 67.6, signalling slower cash conversion despite reported revenue strength.',2);
INSERT INTO bull_bear_cases (ticker,snapshot_date,case_type,case_text,case_order) VALUES ('SIEMENS','2026-03-31','bear','The FY26 demerger of the Energy business into separately-listed Siemens Energy India makes year-over-year comparisons genuinely difficult — investors are effectively underwriting a smaller, restructured company at a premium valuation built on pre-demerger growth assumptions.',3);
INSERT INTO tech_geo_tags (ticker,label,tag_type,is_active) VALUES ('SIEMENS','India''s approximately ₹11 lakh crore infrastructure budget is directly driving electrification, automation and metro rail order flow for Siemens India','tailwind',TRUE);
INSERT INTO tech_geo_tags (ticker,label,tag_type,is_active) VALUES ('SIEMENS','Data centre capex growth is generating switchgear and energy management orders, tapping the same AI infrastructure boom benefiting peers like ABB','tailwind',TRUE);
INSERT INTO tech_geo_tags (ticker,label,tag_type,is_active) VALUES ('SIEMENS','The FY26 Energy business demerger into Siemens Energy India has temporarily clouded margin and growth comparisons, adding real near-term analytical uncertainty for investors','risk',TRUE);
INSERT INTO chain_nodes (ticker,direction,node_name,tag,note) VALUES ('SIEMENS','upstream','Siemens AG global technology & engineering transfer',NULL,NULL);
INSERT INTO chain_nodes (ticker,direction,node_name,tag,note) VALUES ('SIEMENS','upstream','Electronic components & industrial hardware suppliers',NULL,NULL);
INSERT INTO chain_nodes (ticker,direction,node_name,tag,note) VALUES ('SIEMENS','downstream','Power Grid, state DISCOMs & utility customers',NULL,NULL);
INSERT INTO chain_nodes (ticker,direction,node_name,tag,note) VALUES ('SIEMENS','downstream','Indian Railways & metro rail projects','tailwind','India''s infrastructure capex cycle is a direct order-flow driver');
INSERT INTO chain_nodes (ticker,direction,node_name,tag,note) VALUES ('SIEMENS','downstream','Data centre & industrial manufacturing customers','tailwind','switchgear and energy management orders tied to the AI infrastructure boom');
INSERT INTO mgmt_profiles (ticker,promoter_pct,promoter_who,pledge_note,capital_note,as_of,source_note) VALUES ('SIEMENS',75.0,'Siemens AG (Germany), via Siemens International Holding B.V., Siemens Aktiengesellschaft and related entities','No pledge; the 75% stake reflects a 2026 consolidation move by the German parent, not encumbrance.','Maintains a healthy dividend payout of around 19.1% and remains almost debt-free, even as working capital efficiency has weakened post-demerger.','2026 (post-demerger)','Screener.in; MarketsMojo Q2 FY26 result analysis; Univest coverage');
INSERT INTO metric_snapshots (ticker,snapshot_date,metric_key,metric_value,metric_unit,metric_label,status) VALUES ('SIEMENS','2026-03-31','market_cap_cr',127313,'crore','Market Capitalisation','verified');
INSERT INTO companies (ticker,name,exchange,sector,sub_sector,compare_group,business_core,source_note,moat_note,value_chain_position,value_chain_note,as_of,fetched_at) VALUES ('HAL','Hindustan Aeronautics','NSE','Infra & Capital Goods','Defence Aerospace (PSU)','Defence & Aerospace','Hindustan Aeronautics designs, manufactures, and maintains fighter aircraft (including the indigenous LCA Tejas), helicopters, aircraft engines, and related systems, selling almost exclusively to the Indian Air Force, Navy and other government defence customers. As India''s primary state-owned aerospace manufacturer, its revenue is driven by both new-platform manufacturing and long-term repair, overhaul and maintenance contracts on aircraft already in service.','HAL FY26 & Q4 FY26 results coverage (Drishti earnings call transcript, MarketsMojo); Screener.in; Yahoo Finance','A near-monopoly position as India''s primary military aircraft and helicopter manufacturer, built over decades of exclusive government contracts, deep engineering expertise, and a scale of institutional knowledge that no private competitor could replicate without government backing.','HAL sits at the top of India''s defence aerospace value chain as the primary manufacturer — it designs, builds and maintains fighter aircraft, helicopters, engines and related systems almost exclusively for the Indian armed forces, making it both a supplier and a strategic national-security asset.','Because HAL''s key inputs — like GE engines for the LCA program — are sourced from foreign suppliers, its delivery timelines are structurally exposed to geopolitical and supply chain factors outside India''s control, even though its customer base is almost entirely domestic and government-controlled.','FY26 (year ended 31 Mar 2026)','2026-07-03');
INSERT INTO metric_snapshots (ticker,snapshot_date,metric_key,metric_value,metric_unit,metric_label,metric_note,status) VALUES ('HAL','2026-03-31','revenue_growth_pct',7,'%','Revenue Growth (YoY)','FY26 revenue reached ₹33,050 crore.','verified');
INSERT INTO metric_snapshots (ticker,snapshot_date,metric_key,metric_value,metric_unit,metric_label,metric_note,status) VALUES ('HAL','2026-03-31','ebitda_margin_pct',30,'%','EBITDA Margin','Maintained at a healthy 30% despite LCA delivery delays and supply chain pressure.','verified');
INSERT INTO metric_snapshots (ticker,snapshot_date,metric_key,metric_value,metric_unit,metric_label,metric_note,status) VALUES ('HAL','2026-03-31','order_book_to_revenue',7.7,'x','Order Book / Revenue','Order book of ₹2,54,538 crore — nearly 8 years of current revenue — provides exceptional visibility.','verified');
INSERT INTO metric_snapshots (ticker,snapshot_date,metric_key,metric_value,metric_unit,metric_label,metric_note,status) VALUES ('HAL','2026-03-31','roe_pct',24.71,'%','Return on Equity','Among the highest in the defence sector, trailing only Mazagon Dock.','verified');
INSERT INTO bull_bear_cases (ticker,snapshot_date,case_type,case_text,case_order) VALUES ('HAL','2026-03-31','bull','Order book swelled to ₹2,54,538 crore — nearly 8 times FY26 revenue — after ₹97,028 crore of fresh orders including 97 LCA Mark-1A aircraft, giving HAL exceptional multi-year revenue visibility rare in any industry.',1);
INSERT INTO bull_bear_cases (ticker,snapshot_date,case_type,case_text,case_order) VALUES ('HAL','2026-03-31','bull','FY26 EBITDA grew 11% to ₹13,472 crore while maintaining a healthy 30% margin, and return on equity of 24.71% ranks among the best in the defence sector — trailing only Mazagon Dock.',2);
INSERT INTO bull_bear_cases (ticker,snapshot_date,case_type,case_text,case_order) VALUES ('HAL','2026-03-31','bull','Trading at a P/E of roughly 32-33x against a defence sector average near 55x, HAL is priced at a meaningful discount to peers despite comparable or superior fundamentals — a genuine relative-value case.',3);
INSERT INTO bull_bear_cases (ticker,snapshot_date,case_type,case_text,case_order) VALUES ('HAL','2026-03-31','bear','LCA Mark-1A deliveries have faced repeated delays, now targeted for August-September 2026, driven partly by GE Aerospace engine supply shortfalls outside HAL''s control — a reminder that even strong order books depend on external supply chains.',1);
INSERT INTO bull_bear_cases (ticker,snapshot_date,case_type,case_text,case_order) VALUES ('HAL','2026-03-31','bear','Revenue growth of 7% YoY is modest for a company trading at this valuation, and operating margin actually contracted in Q4 FY26 (36.28% from 38.65%) even as headline profit surged on a large jump in other income.',2);
INSERT INTO bull_bear_cases (ticker,snapshot_date,case_type,case_text,case_order) VALUES ('HAL','2026-03-31','bear','HAL''s revenue mix is expected to shift from roughly 30-70 to 50-50 between manufacturing and other work in FY27, a structural change management believes it can navigate — but which adds execution uncertainty to the growth story.',3);
INSERT INTO tech_geo_tags (ticker,label,tag_type,is_active) VALUES ('HAL','LCA Mark-1A deliveries are delayed to August-September 2026 partly due to GE Aerospace engine supply shortfalls, highlighting HAL''s dependence on foreign critical components despite its otherwise indigenous manufacturing story','risk',TRUE);
INSERT INTO tech_geo_tags (ticker,label,tag_type,is_active) VALUES ('HAL','A record ₹2,54,538 crore order book, including 97 LCA Mark-1A jets and new engine and satellite-launch programs, reflects sustained government defence capex and India''s push for self-reliance in aerospace manufacturing','tailwind',TRUE);
INSERT INTO tech_geo_tags (ticker,label,tag_type,is_active) VALUES ('HAL','Planned investment of ~₹12,000 crore by 2030 in LCA Mark-II, GE-414 engines, IMRH engines and SSLV manufacturing infrastructure signals a structural expansion of India''s indigenous defence manufacturing base','tailwind',TRUE);
INSERT INTO chain_nodes (ticker,direction,node_name,tag,note) VALUES ('HAL','upstream','GE Aerospace — jet engines for LCA Tejas program','risk','delivery delays traced partly to GE engine supply shortfalls');
INSERT INTO chain_nodes (ticker,direction,node_name,tag,note) VALUES ('HAL','upstream','Domestic & imported aerospace-grade components and materials',NULL,NULL);
INSERT INTO chain_nodes (ticker,direction,node_name,tag,note) VALUES ('HAL','upstream','ISRO — technology transfer partnership for SSLV manufacturing',NULL,NULL);
INSERT INTO chain_nodes (ticker,direction,node_name,tag,note) VALUES ('HAL','downstream','Indian Air Force & Indian Navy — primary customers',NULL,NULL);
INSERT INTO chain_nodes (ticker,direction,node_name,tag,note) VALUES ('HAL','downstream','Repair, overhaul & maintenance (ROH) contracts on in-service fleet','tailwind','₹26,539 crore of FY26 fresh orders were ROH work, a steady recurring revenue stream');
INSERT INTO chain_nodes (ticker,direction,node_name,tag,note) VALUES ('HAL','downstream','Export & partnership programs, incl. an MoU with Russia for SJ-100 civil aircraft production',NULL,NULL);
INSERT INTO mgmt_profiles (ticker,promoter_pct,promoter_who,pledge_note,capital_note,as_of,source_note) VALUES ('HAL',71.6,'Government of India','Not applicable — the promoter is the sovereign.','Recommended a final dividend of ₹10/share for FY26, backed by a net cash balance sheet; planning approximately ₹12,000 crore of capital investment by 2030 for next-generation programs.','Mar 2026','Screener.in; HAL Q4 FY26 earnings call transcript (via Drishti); MarketsMojo Q4 FY26 result analysis');
INSERT INTO metric_snapshots (ticker,snapshot_date,metric_key,metric_value,metric_unit,metric_label,status) VALUES ('HAL','2026-03-31','market_cap_cr',296515,'crore','Market Capitalisation','verified');
INSERT INTO companies (ticker,name,exchange,sector,sub_sector,compare_group,business_core,source_note,moat_note,value_chain_position,value_chain_note,as_of,fetched_at) VALUES ('MAZDOCK','Mazagon Dock Shipbuilders','NSE','Infra & Capital Goods','Defence Shipbuilding (PSU)','Defence & Aerospace','Mazagon Dock Shipbuilders designs, constructs and repairs warships and submarines — including destroyers, stealth frigates, corvettes and submarines — almost exclusively for the Indian Navy and Coast Guard, alongside a smaller and growing commercial shipbuilding and offshore platform business. As India''s largest and oldest warship-building yard (established 1774), it holds a near-monopoly on the country''s most complex naval vessels.','Mazagon Dock FY26 & Q4 FY26 results coverage (Angel One, ChartAlert, Multibagg AI); Screener.in','A near-monopoly on complex naval shipbuilding, particularly submarines, built over 250 years of continuous operation and decades of exclusive Indian Navy contracts — technical and trust barriers that would take a new entrant decades to replicate.','Mazagon Dock sits at the top of India''s naval shipbuilding value chain as the country''s largest warship-building yard — it designs, constructs and maintains destroyers, submarines and frigates almost exclusively for the Indian Navy, with a nascent push into commercial shipbuilding and offshore platforms.','Its near-monopoly position on complex naval platforms like submarines comes from decades of accumulated technical expertise and government-backed contracts — a barrier to entry that protects the business, but also means its fortunes are tightly linked to the pace of government defence procurement decisions like the P-75(I) approval.','FY26 (year ended 31 Mar 2026)','2026-07-03');
INSERT INTO metric_snapshots (ticker,snapshot_date,metric_key,metric_value,metric_unit,metric_label,metric_note,status) VALUES ('MAZDOCK','2026-03-31','revenue_growth_pct',13.8,'%','Revenue Growth (YoY)','FY26 revenue from operations reached ₹13,006 crore.','verified');
INSERT INTO metric_snapshots (ticker,snapshot_date,metric_key,metric_value,metric_unit,metric_label,metric_note,status) VALUES ('MAZDOCK','2026-03-31','pat_growth_pct',6.8,'%','PAT Growth (YoY)','Profit growth lagged revenue growth — margin compression, particularly a sharp Q4 dip tied to contract-loss provisions.','verified');
INSERT INTO metric_snapshots (ticker,snapshot_date,metric_key,metric_value,metric_unit,metric_label,metric_note,status) VALUES ('MAZDOCK','2026-03-31','order_book_cr',23758,'crore','Order Book','Down sharply from ₹49,700 crore at the end of FY21 — the pending P-75(I) submarine deal (~₹99,000 crore) would reverse this if finalised.','verified');
INSERT INTO metric_snapshots (ticker,snapshot_date,metric_key,metric_value,metric_unit,metric_label,metric_note,status) VALUES ('MAZDOCK','2026-03-31','contingent_liabilities_cr',37852,'crore','Contingent Liabilities','A genuine balance-sheet risk factor flagged by analysts, typical of large multi-year defence contracts.','verified');
INSERT INTO bull_bear_cases (ticker,snapshot_date,case_type,case_text,case_order) VALUES ('MAZDOCK','2026-03-31','bull','FY26 revenue grew 13.8% to ₹13,006 crore with essentially zero long-term debt and ₹13,097 crore in combined cash and fixed deposits — a fortress balance sheet rare among industrial companies.',1);
INSERT INTO bull_bear_cases (ticker,snapshot_date,case_type,case_text,case_order) VALUES ('MAZDOCK','2026-03-31','bull','Contract Negotiation Committee talks for the P-75(I) submarine program (~₹99,000 crore for six stealth AIP submarines with Germany''s TKMS) have been completed and now await government approval — a deal that alone could roughly quadruple the current order book.',2);
INSERT INTO bull_bear_cases (ticker,snapshot_date,case_type,case_text,case_order) VALUES ('MAZDOCK','2026-03-31','bull','The company is actively diversifying beyond pure defence dependency, signing a commercial contract with the Shipping Corporation of India for a methanol dual-fuel vessel — its re-entry into commercial shipbuilding.',3);
INSERT INTO bull_bear_cases (ticker,snapshot_date,case_type,case_text,case_order) VALUES ('MAZDOCK','2026-03-31','bear','The order book has fallen sharply to ₹23,758 crore as of December 2025, less than half the ₹49,700 crore level at the end of FY21 — the P-75(I) deal is a hoped-for catalyst, not yet a booked order.',1);
INSERT INTO bull_bear_cases (ticker,snapshot_date,case_type,case_text,case_order) VALUES ('MAZDOCK','2026-03-31','bear','Q4 FY26 EBITDA margin collapsed to 13.74% from 35.1% in the prior quarter, as the company took provisions on two contracts where management now expects losses — a reminder that shipbuilding margins can swing sharply on project-specific risk.',2);
INSERT INTO bull_bear_cases (ticker,snapshot_date,case_type,case_text,case_order) VALUES ('MAZDOCK','2026-03-31','bear','Receivables spiked 144% year-over-year and contingent liabilities stand at ₹37,852 crore, both worth watching even though the core balance sheet remains fundamentally strong.',3);
INSERT INTO tech_geo_tags (ticker,label,tag_type,is_active) VALUES ('MAZDOCK','Contract Negotiation Committee talks for the P-75(I) submarine program (~₹99,000 crore, with Germany''s TKMS) are complete and awaiting government approval — the single largest potential catalyst for the order book in years','tailwind',TRUE);
INSERT INTO tech_geo_tags (ticker,label,tag_type,is_active) VALUES ('MAZDOCK','Rising regional maritime security concerns, including tensions linked to the Iran-Israel conflict and a naval incident near Sri Lanka, have renewed investor and policy attention on naval shipbuilding capacity','tailwind',TRUE);
INSERT INTO tech_geo_tags (ticker,label,tag_type,is_active) VALUES ('MAZDOCK','The order book has nearly halved since FY21 even as execution on existing contracts continues, showing that strong delivery alone hasn''t offset slower new-order replenishment','risk',TRUE);
INSERT INTO chain_nodes (ticker,direction,node_name,tag,note) VALUES ('MAZDOCK','upstream','Steel, specialised marine components & propulsion systems',NULL,NULL);
INSERT INTO chain_nodes (ticker,direction,node_name,tag,note) VALUES ('MAZDOCK','upstream','Germany''s Thyssenkrupp Marine Systems (TKMS) — P-75(I) submarine technology partner','tailwind','a ~₹99,000 crore program pending final approval');
INSERT INTO chain_nodes (ticker,direction,node_name,tag,note) VALUES ('MAZDOCK','downstream','Indian Navy & Coast Guard — primary customers',NULL,NULL);
INSERT INTO chain_nodes (ticker,direction,node_name,tag,note) VALUES ('MAZDOCK','downstream','Commercial shipping clients','tailwind','new methanol dual-fuel vessel contract with Shipping Corporation of India marks re-entry into commercial shipbuilding');
INSERT INTO chain_nodes (ticker,direction,node_name,tag,note) VALUES ('MAZDOCK','downstream','Oil & gas offshore platform customers',NULL,NULL);
INSERT INTO mgmt_profiles (ticker,promoter_pct,promoter_who,pledge_note,capital_note,as_of,source_note) VALUES ('MAZDOCK',81.2,'Government of India','Not applicable — the promoter is the sovereign; promoter has not sold any shares in recent periods.','Recommended a final dividend of ₹4.62/share for FY26; maintains a net-cash, essentially debt-free balance sheet even amid heavy capital-intensive shipbuilding programs.','Mar 2026','Screener.in; Angel One Q4 FY26 results coverage; ChartAlert analysis of company filings');
INSERT INTO metric_snapshots (ticker,snapshot_date,metric_key,metric_value,metric_unit,metric_label,status) VALUES ('MAZDOCK','2026-03-31','market_cap_cr',103104,'crore','Market Capitalisation','verified');


-- ---------------------------------------------------------------------------
-- SECTION 7: Power (TATAPOWER, ADANIENSOL, JSWENERGY, ADANIPOWER)
-- ---------------------------------------------------------------------------
-- InvestorLens India — New Company Research: Batch 5 (Power)
-- Sourced research for TATAPOWER, ADANIENSOL, JSWENERGY, ADANIPOWER.

INSERT INTO companies (ticker,name,exchange,sector,sub_sector,compare_group,business_core,source_note,moat_note,value_chain_position,value_chain_note,as_of,fetched_at) VALUES ('TATAPOWER','Tata Power','NSE','Power','Diversified Power (Generation, T&D, Renewables, Solar Mfg)','Power','Tata Power operates across nearly every part of India''s electricity value chain: coal-fired power generation (including the Mundra plant), a fast-growing renewable energy portfolio (solar and wind), power transmission and distribution (including the turned-around Odisha DISCOMs), solar cell and module manufacturing (TP Solar), and India''s leading rooftop solar installation business (Solaroof). This diversification is unusual even among large utilities, most of which specialise in just one or two of these segments.','Tata Power FY26 & Q4 FY26 results coverage (company press release, MarketsMojo, PSU Connect); Screener.in','Unmatched diversification across the entire power value chain — generation, transmission, distribution, solar manufacturing and rooftop installation — under the Tata Group''s brand trust and balance sheet backing, giving it resilience that single-segment competitors lack.','Tata Power is India''s most diversified private power company — spanning coal-fired generation (Mundra), renewable generation, power transmission and distribution (including the Odisha DISCOMs it turned around), solar cell and module manufacturing (TP Solar), and rooftop solar installation (Solaroof) — giving it exposure to nearly every link in the electricity value chain at once.','Because Tata Power both manufactures solar equipment AND builds/operates solar plants AND distributes the resulting power, it captures value at multiple stages that a single-purpose generator or pure-play manufacturer cannot — though weakness in any one segment (like Q4''s Mundra regulatory headwind) can still drag on an otherwise strong quarter.','FY26 (year ended 31 Mar 2026)','2026-07-03');
INSERT INTO metric_snapshots (ticker,snapshot_date,metric_key,metric_value,metric_unit,metric_label,metric_note,status) VALUES ('TATAPOWER','2026-03-31','revenue_cr',62429,'crore','Revenue (FY26)',NULL,'verified');
INSERT INTO metric_snapshots (ticker,snapshot_date,metric_key,metric_value,metric_unit,metric_label,metric_note,status) VALUES ('TATAPOWER','2026-03-31','renewables_pat_growth_pct',59,'%','Renewables PAT Growth (YoY)','Renewables PAT reached ₹1,994 crore in FY26.','verified');
INSERT INTO metric_snapshots (ticker,snapshot_date,metric_key,metric_value,metric_unit,metric_label,metric_note,status) VALUES ('TATAPOWER','2026-03-31','net_debt_ebitda',5.98,'x','Net Debt / EBITDA','High leverage; interest coverage of just 1.43x leaves limited buffer.','verified');
INSERT INTO metric_snapshots (ticker,snapshot_date,metric_key,metric_value,metric_unit,metric_label,metric_note,status) VALUES ('TATAPOWER','2026-03-31','roe_pct',10.2,'%','Return on Equity','Lags peer averages despite strong renewable and solar manufacturing growth.','verified');
INSERT INTO bull_bear_cases (ticker,snapshot_date,case_type,case_text,case_order) VALUES ('TATAPOWER','2026-03-31','bull','Renewables PAT grew 59% to ₹1,994 crore and Solar Manufacturing (TP Solar) PAT grew 103% to ₹857 crore in FY26, with industry-leading module/cell yields above 95% — Tata Power is monetising the energy transition across generation, manufacturing and rooftop simultaneously.',1);
INSERT INTO bull_bear_cases (ticker,snapshot_date,case_type,case_text,case_order) VALUES ('TATAPOWER','2026-03-31','bull','T&D business PAT rose 49% to ₹2,978 crore and Odisha DISCOMs PAT rose 84% to ₹809 crore, showing the distribution and discom-turnaround businesses are genuinely improving, not just the flashier renewables story.',2);
INSERT INTO bull_bear_cases (ticker,snapshot_date,case_type,case_text,case_order) VALUES ('TATAPOWER','2026-03-31','bull','Rooftop Solar (Solaroof) has ranked #1 in India for 11 consecutive years, with FY26 PAT up 150% to ₹499 crore — a high-margin, fast-growing consumer-facing business layered on top of the core utility.',3);
INSERT INTO bull_bear_cases (ticker,snapshot_date,case_type,case_text,case_order) VALUES ('TATAPOWER','2026-03-31','bear','Q4 FY26 revenue fell 12.84% YoY and operating margin dropped to a seven-quarter low of 17.44%, driven partly by the Mundra plant losing Section 11 cost-recovery benefits — a reminder that regulatory support, not just execution, drives parts of this business.',1);
INSERT INTO bull_bear_cases (ticker,snapshot_date,case_type,case_text,case_order) VALUES ('TATAPOWER','2026-03-31','bear','Debt-to-EBITDA of 5.98x and interest coverage of just 1.43x are genuine leverage concerns for a company still funding an 11.6 GW renewable build-out.',2);
INSERT INTO bull_bear_cases (ticker,snapshot_date,case_type,case_text,case_order) VALUES ('TATAPOWER','2026-03-31','bear','Return on equity of just 10.2% and ROCE of 8.0% are weak for a stock trading near 35x earnings — the growth story hasn''t yet translated into best-in-class capital returns.',3);
INSERT INTO tech_geo_tags (ticker,label,tag_type,is_active) VALUES ('TATAPOWER','The Mundra plant''s loss of Section 11 government cost-recovery benefits in Q4 FY26 directly hit generation segment profitability, showing how regulatory mechanisms still shape parts of even a diversified private utility''s earnings','risk',TRUE);
INSERT INTO tech_geo_tags (ticker,label,tag_type,is_active) VALUES ('TATAPOWER','TP Solar''s cell and module manufacturing, with industry-leading yields above 95%, is scaling rapidly to serve both Tata Power''s own renewable build-out and third-party demand for domestically-made solar equipment','tailwind',TRUE);
INSERT INTO tech_geo_tags (ticker,label,tag_type,is_active) VALUES ('TATAPOWER','Rising competition from pure-play renewable IPPs and manufacturers is a structural pressure on Tata Power''s legacy generation margins even as its own renewable segment grows strongly','risk',TRUE);
INSERT INTO chain_nodes (ticker,direction,node_name,tag,note) VALUES ('TATAPOWER','upstream','Coal supply for Mundra & other thermal plants',NULL,NULL);
INSERT INTO chain_nodes (ticker,direction,node_name,tag,note) VALUES ('TATAPOWER','upstream','Solar wafer & polysilicon inputs for TP Solar manufacturing',NULL,NULL);
INSERT INTO chain_nodes (ticker,direction,node_name,tag,note) VALUES ('TATAPOWER','upstream','Government regulatory mechanisms (e.g. Section 11 cost recovery)','risk','Mundra plant profitability is partly tied to these regulatory support mechanisms');
INSERT INTO chain_nodes (ticker,direction,node_name,tag,note) VALUES ('TATAPOWER','downstream','State DISCOMs & Odisha distribution consumers',NULL,NULL);
INSERT INTO chain_nodes (ticker,direction,node_name,tag,note) VALUES ('TATAPOWER','downstream','Rooftop solar retail & commercial customers','tailwind','#1 ranked rooftop solar company in India for 11 straight years');
INSERT INTO chain_nodes (ticker,direction,node_name,tag,note) VALUES ('TATAPOWER','downstream','Third-party solar developers buying TP Solar modules/cells',NULL,NULL);
INSERT INTO mgmt_profiles (ticker,promoter_pct,promoter_who,pledge_note,capital_note,as_of,source_note) VALUES ('TATAPOWER',46.86,'Tata Sons Private Limited (45.21%) and Tata Steel (1.22%)','Zero promoter pledging; holding has remained stable across the past five quarters.','Continues heavy reinvestment into renewable capacity, solar manufacturing capacity and the Bhivpuri Pumped Storage Project, funded partly through elevated leverage (debt/EBITDA of 5.98x).','Mar 2026','Screener.in; MarketsMojo Q4 FY26 result analysis; Tata Power FY26 results release');
INSERT INTO metric_snapshots (ticker,snapshot_date,metric_key,metric_value,metric_unit,metric_label,status) VALUES ('TATAPOWER','2026-03-31','market_cap_cr',120241,'crore','Market Capitalisation','verified');
INSERT INTO companies (ticker,name,exchange,sector,sub_sector,compare_group,business_core,source_note,moat_note,value_chain_position,value_chain_note,as_of,fetched_at) VALUES ('ADANIENSOL','Adani Energy Solutions','NSE','Power','Power Transmission & Distribution','Power','Adani Energy Solutions builds and operates high-voltage power transmission lines and distributes electricity directly to consumers, primarily serving metropolitan Mumbai and the Mundra Special Economic Zone through subsidiary Adani Electricity Mumbai. As India''s largest private transmission company, it earns revenue from regulated transmission tariffs and direct electricity distribution and metering to over 13 million consumers.','Adani Energy Solutions Q4 FY26 results coverage (MarketsMojo); Screener.in; company investor presentation','India''s largest private transmission company, with an extensive high-voltage network (nearly 28,000 circuit kilometres) and regulatory licenses that are difficult and slow for new entrants to obtain, reinforced by its position within the broader Adani energy ecosystem.','Adani Energy Solutions builds and operates the transmission lines and distribution networks that carry electricity from generators — including renewable plants like sister company Adani Green Energy — to end consumers, plus directly distributes power to over 13 million consumers in Mumbai and the Mundra SEZ.','AESL sits at the exact chokepoint that determines whether renewable power actually reaches the market: its own group disclosures acknowledge that Adani Green''s FY26 curtailment losses were partly a function of how fast AESL''s own transmission build-out could keep pace — a direct, quantifiable link between these two related companies.','FY26 (year ended 31 Mar 2026)','2026-07-03');
INSERT INTO metric_snapshots (ticker,snapshot_date,metric_key,metric_value,metric_unit,metric_label,metric_note,status) VALUES ('ADANIENSOL','2026-03-31','revenue_growth_pct',16.76,'%','Revenue Growth (Q4 YoY)','Q4 FY26 net sales of ₹7,443 crore — the highest quarterly figure on record.','verified');
INSERT INTO metric_snapshots (ticker,snapshot_date,metric_key,metric_value,metric_unit,metric_label,metric_note,status) VALUES ('ADANIENSOL','2026-03-31','pat_growth_pct',5.66,'%','PAT Growth (Q4 YoY)',NULL,'verified');
INSERT INTO metric_snapshots (ticker,snapshot_date,metric_key,metric_value,metric_unit,metric_label,metric_note,status) VALUES ('ADANIENSOL','2026-03-31','ebitda_margin_pct',28.82,'%','Operating Margin (Q4 FY26)','Down sharply from 34.71% the prior quarter and 35.31% a year earlier — a 649 basis point YoY compression.','verified');
INSERT INTO metric_snapshots (ticker,snapshot_date,metric_key,metric_value,metric_unit,metric_label,metric_note,status) VALUES ('ADANIENSOL','2026-03-31','roe_pct',10.5,'%','Return on Equity','Weak for a company trading near 73x earnings.','verified');
INSERT INTO bull_bear_cases (ticker,snapshot_date,case_type,case_text,case_order) VALUES ('ADANIENSOL','2026-03-31','bull','Q4 FY26 net sales reached ₹7,443 crore, the highest quarterly figure on record, with a 5-year sales CAGR of 20.62% and EBIT CAGR of 20.08% demonstrating consistent, structural growth in transmission demand.',1);
INSERT INTO bull_bear_cases (ticker,snapshot_date,case_type,case_text,case_order) VALUES ('ADANIENSOL','2026-03-31','bull','Promoter stake increased to 72.73%, signalling Adani family alignment with minority shareholders even as some foreign institutional investors have been selling.',2);
INSERT INTO bull_bear_cases (ticker,snapshot_date,case_type,case_text,case_order) VALUES ('ADANIENSOL','2026-03-31','bull','As India''s largest private transmission company, AESL is directly positioned to capture the multi-decade build-out needed to connect new renewable capacity (including sister company Adani Green''s projects) to the grid — exemplified by its 6,000 MW Integrated Green Energy Corridor project.',3);
INSERT INTO bull_bear_cases (ticker,snapshot_date,case_type,case_text,case_order) VALUES ('ADANIENSOL','2026-03-31','bear','Operating margin compressed sharply to 28.82% in Q4 FY26 from 34.71% the prior quarter and 35.31% a year earlier — a 649 basis point year-over-year decline that raises real questions about cost discipline even as revenue grows.',1);
INSERT INTO bull_bear_cases (ticker,snapshot_date,case_type,case_text,case_order) VALUES ('ADANIENSOL','2026-03-31','bear','At roughly 73x trailing earnings — nearly three times the sector average — the stock prices in years of flawless execution, and return on equity of just 10.5% doesn''t yet justify that premium.',2);
INSERT INTO bull_bear_cases (ticker,snapshot_date,case_type,case_text,case_order) VALUES ('ADANIENSOL','2026-03-31','bear','Low interest coverage and continued FII selling, even alongside promoter buying, suggest institutional investors remain divided on whether current valuations reflect the underlying business quality.',3);
INSERT INTO tech_geo_tags (ticker,label,tag_type,is_active) VALUES ('ADANIENSOL','AESL''s own transmission build-out pace directly affects how much of sister company Adani Green''s renewable generation can actually reach the grid without curtailment — a concrete example of infrastructure bottlenecks shaping India''s energy transition','neutral',TRUE);
INSERT INTO tech_geo_tags (ticker,label,tag_type,is_active) VALUES ('ADANIENSOL','The 6,000 MW Integrated Green Energy Corridor project positions AESL to directly capture India''s multi-decade need for renewable-ready transmission infrastructure','tailwind',TRUE);
INSERT INTO tech_geo_tags (ticker,label,tag_type,is_active) VALUES ('ADANIENSOL','Operating margin compression of nearly 650 basis points year-over-year, even amid record revenue, suggests rising costs or pricing pressure that could persist if not addressed','risk',TRUE);
INSERT INTO chain_nodes (ticker,direction,node_name,tag,note) VALUES ('ADANIENSOL','upstream','Power generators, incl. sister company Adani Green Energy','tailwind','transmission capacity directly determines how much renewable generation reaches the grid');
INSERT INTO chain_nodes (ticker,direction,node_name,tag,note) VALUES ('ADANIENSOL','upstream','HVDC & transmission equipment suppliers',NULL,NULL);
INSERT INTO chain_nodes (ticker,direction,node_name,tag,note) VALUES ('ADANIENSOL','downstream','State DISCOMs & bulk power buyers',NULL,NULL);
INSERT INTO chain_nodes (ticker,direction,node_name,tag,note) VALUES ('ADANIENSOL','downstream','13 million+ retail electricity consumers in Mumbai & Mundra SEZ',NULL,NULL);
INSERT INTO chain_nodes (ticker,direction,node_name,tag,note) VALUES ('ADANIENSOL','downstream','New distribution license territories','tailwind','applied for licenses in Navi Mumbai, Greater Noida and Mundra Subdistrict');
INSERT INTO mgmt_profiles (ticker,promoter_pct,promoter_who,pledge_note,capital_note,as_of,source_note) VALUES ('ADANIENSOL',72.73,'Adani family, via Adani Group promoter entities','No pledge flagged; promoter stake has been increasing, up 1.54% over the last quarter.','Actively raising funds to support transmission expansion, including the 6,000 MW Integrated Green Energy Corridor and new distribution licenses in Navi Mumbai, Greater Noida and Mundra Subdistrict.','Mar 2026','Screener.in; MarketsMojo Q4 FY26 result analysis; Adani Energy Solutions Q4 FY26 investor presentation');
INSERT INTO metric_snapshots (ticker,snapshot_date,metric_key,metric_value,metric_unit,metric_label,status) VALUES ('ADANIENSOL','2026-03-31','market_cap_cr',187028,'crore','Market Capitalisation','verified');
INSERT INTO companies (ticker,name,exchange,sector,sub_sector,compare_group,business_core,source_note,moat_note,value_chain_position,value_chain_note,as_of,fetched_at) VALUES ('JSWENERGY','JSW Energy','NSE','Power','Power Generation (Thermal + Renewable)','Power','JSW Energy generates electricity from a mix of thermal (coal) and renewable (solar and wind) sources, selling power under long-term power purchase agreements and on the merchant market. Part of the JSW Group, it is aggressively expanding capacity toward a 30 GW target by 2030, combining organic renewable build-out with opportunistic thermal plant acquisitions.','JSW Energy Q4 FY26 results coverage (BusinessToday, brokerage notes via JM Financial & Elara Capital); Screener.in; Groww','Part of the JSW Group''s industrial and infrastructure ecosystem, with a hybrid thermal-plus-renewable generation model and aggressive, well-funded capacity expansion that positions it among India''s largest private power generators by the end of the decade.','JSW Energy generates electricity from both thermal and renewable sources and sells it under long-term power purchase agreements and on the merchant market — a hybrid generator model that, unlike pure renewable IPPs, still carries meaningful coal-based capacity alongside its fast-growing clean energy build-out.','The company''s recent acquisition of Maruti Clean Coal and Power (a 300 MW thermal plant) alongside its 30 GW renewable target shows a deliberate strategy of growing through both organic renewable build and opportunistic thermal M&A, rather than committing exclusively to one path.','FY26 (year ended 31 Mar 2026)','2026-07-03');
INSERT INTO metric_snapshots (ticker,snapshot_date,metric_key,metric_value,metric_unit,metric_label,metric_note,status) VALUES ('JSWENERGY','2026-03-31','revenue_growth_pct',38,'%','Revenue Growth (Q4 YoY, adjusted)',NULL,'verified');
INSERT INTO metric_snapshots (ticker,snapshot_date,metric_key,metric_value,metric_unit,metric_label,metric_note,status) VALUES ('JSWENERGY','2026-03-31','ebitda_growth_pct',78,'%','EBITDA Growth (Q4 YoY)',NULL,'verified');
INSERT INTO metric_snapshots (ticker,snapshot_date,metric_key,metric_value,metric_unit,metric_label,metric_note,status) VALUES ('JSWENERGY','2026-03-31','net_debt_ebitda',6,'x','Net Debt / EBITDA','Improved from 7.8x in FY25 — genuine deleveraging progress, though still elevated.','verified');
INSERT INTO metric_snapshots (ticker,snapshot_date,metric_key,metric_value,metric_unit,metric_label,metric_note,status) VALUES ('JSWENERGY','2026-03-31','pat_growth_pct',-36,'%','Adjusted PAT Growth (Q4 YoY)','Profit fell even as revenue and EBITDA grew sharply, on rising depreciation and interest costs from new capacity.','verified');
INSERT INTO bull_bear_cases (ticker,snapshot_date,case_type,case_text,case_order) VALUES ('JSWENERGY','2026-03-31','bull','Q4 FY26 adjusted revenue grew 38% YoY and EBITDA grew 78% YoY, driven by robust capacity additions and a 48% YoY increase in power sales — genuine operational momentum, not just a base-effect illusion.',1);
INSERT INTO bull_bear_cases (ticker,snapshot_date,case_type,case_text,case_order) VALUES ('JSWENERGY','2026-03-31','bull','Net Debt/EBITDA improved to 6x in FY26 from 7.8x in FY25, with EBITDA per MW and gross block per MW both improving — real evidence that past capacity investments are starting to pay off.',2);
INSERT INTO bull_bear_cases (ticker,snapshot_date,case_type,case_text,case_order) VALUES ('JSWENERGY','2026-03-31','bull','The company is confident of reaching its 30 GW by 2030 target, with 13.4 GW already operational, 14 GW under construction and a further 4.6 GW in the pipeline — exceptional forward capacity visibility.',3);
INSERT INTO bull_bear_cases (ticker,snapshot_date,case_type,case_text,case_order) VALUES ('JSWENERGY','2026-03-31','bear','Adjusted PAT actually fell 36% YoY in Q4 FY26 despite EBITDA growing 78% — rising depreciation and interest costs from the capacity build-out are eating deeply into the bottom line even as operations scale.',1);
INSERT INTO bull_bear_cases (ticker,snapshot_date,case_type,case_text,case_order) VALUES ('JSWENERGY','2026-03-31','bear','The stock fell 8% on results day despite headline-strong numbers, as brokerages flagged expensive valuation (12.5x EBITDA vs 11.3x historical median) following a sharp prior rally.',2);
INSERT INTO bull_bear_cases (ticker,snapshot_date,case_type,case_text,case_order) VALUES ('JSWENERGY','2026-03-31','bear','Promoter holding declined 2.74% over the last quarter and return on equity remains weak at 7.62% — capital efficiency hasn''t caught up with the scale of investment yet.',3);
INSERT INTO tech_geo_tags (ticker,label,tag_type,is_active) VALUES ('JSWENERGY','JSW Energy is part of a group of private players (alongside Adani Power, NTPC and Torrent) planning a combined ₹5.5 lakh crore investment for 50 GW of new capacity, reflecting a structural, sector-wide capacity race','tailwind',TRUE);
INSERT INTO tech_geo_tags (ticker,label,tag_type,is_active) VALUES ('JSWENERGY','Rising depreciation and interest costs from rapid capacity expansion are compressing profit growth even as revenue and EBITDA scale rapidly — a classic growth-phase margin squeeze','risk',TRUE);
INSERT INTO tech_geo_tags (ticker,label,tag_type,is_active) VALUES ('JSWENERGY','The recent acquisition of Maruti Clean Coal and Power shows continued opportunistic thermal capacity growth even as the long-term target remains overwhelmingly renewable-weighted','neutral',TRUE);
INSERT INTO chain_nodes (ticker,direction,node_name,tag,note) VALUES ('JSWENERGY','upstream','Coal supply for thermal generation',NULL,NULL);
INSERT INTO chain_nodes (ticker,direction,node_name,tag,note) VALUES ('JSWENERGY','upstream','Solar & wind equipment suppliers for renewable capacity',NULL,NULL);
INSERT INTO chain_nodes (ticker,direction,node_name,tag,note) VALUES ('JSWENERGY','upstream','Debt & capital markets','risk','6x net debt/EBITDA funds the 30 GW capacity race, though improving from 7.8x');
INSERT INTO chain_nodes (ticker,direction,node_name,tag,note) VALUES ('JSWENERGY','downstream','Long-term Power Purchase Agreement (PPA) counterparties',NULL,NULL);
INSERT INTO chain_nodes (ticker,direction,node_name,tag,note) VALUES ('JSWENERGY','downstream','Merchant power market (IEX)','risk','merchant realisations are volatile and subject to demand/weather swings');
INSERT INTO chain_nodes (ticker,direction,node_name,tag,note) VALUES ('JSWENERGY','downstream','Newly acquired thermal assets, incl. Maruti Clean Coal and Power',NULL,NULL);
INSERT INTO mgmt_profiles (ticker,promoter_pct,promoter_who,pledge_note,capital_note,as_of,source_note) VALUES ('JSWENERGY',66.5,'JSW Group (Sajjan Jindal family)','No pledge flagged; promoter holding decreased 2.74% over the last quarter, worth monitoring.','Continues funding an aggressive capacity build-out (30 GW target by 2030) partly through debt, with deleveraging progress evident in improving Net Debt/EBITDA (6x from 7.8x).','Mar 2026','Screener.in; BusinessToday Q4 FY26 results coverage; Groww');
INSERT INTO metric_snapshots (ticker,snapshot_date,metric_key,metric_value,metric_unit,metric_label,status) VALUES ('JSWENERGY','2026-03-31','market_cap_cr',105150,'crore','Market Capitalisation','verified');
INSERT INTO companies (ticker,name,exchange,sector,sub_sector,compare_group,business_core,source_note,moat_note,value_chain_position,value_chain_note,as_of,fetched_at) VALUES ('ADANIPOWER','Adani Power','NSE','Power','Thermal Power Generation (Private)','Power','Adani Power generates electricity primarily from coal-fired thermal plants — led by the 4,620 MW Mundra facility — and sells it under a mix of long-term Power Purchase Agreements with state utilities, shorter-term contracts, and open merchant-market sales. As India''s largest private thermal power producer, it plays a central role in the country''s baseload electricity supply even as the broader system adds renewable capacity.','Adani Power FY26 & Q4 FY26 results release (adani.com); Screener.in; Kotak Neo shareholding data','Scale as India''s largest private thermal power producer, accounting for roughly 7.3% of India''s domestic coal-based power generation capacity, backed by the Adani Group''s execution track record and access to captive and contracted coal supply.','Adani Power burns coal to generate baseload electricity at large thermal plants (led by the 4,620 MW Mundra facility), then sells that power through a mix of long-term Power Purchase Agreements with state utilities, shorter-term contracts, and open merchant-market sales — a classic thermal generator business model.','Because a meaningful share of its output is sold on the merchant market rather than locked into long-term contracts, Adani Power''s earnings are directly exposed to day-ahead power price swings — exactly the kind of swing that cut average realisations 13.7% in FY26 as renewable penetration rose.','FY26 (year ended 31 Mar 2026)','2026-07-03');
INSERT INTO metric_snapshots (ticker,snapshot_date,metric_key,metric_value,metric_unit,metric_label,metric_note,status) VALUES ('ADANIPOWER','2026-03-31','revenue_growth_pct',10,'%','Revenue Growth (Q4 YoY)','Q4 FY26 revenue of ₹15,989 crore.','verified');
INSERT INTO metric_snapshots (ticker,snapshot_date,metric_key,metric_value,metric_unit,metric_label,metric_note,status) VALUES ('ADANIPOWER','2026-03-31','ebitda_growth_pct',27,'%','EBITDA Growth (Q4 YoY)','Q4 FY26 EBITDA of ₹6,498 crore.','verified');
INSERT INTO metric_snapshots (ticker,snapshot_date,metric_key,metric_value,metric_unit,metric_label,metric_note,status) VALUES ('ADANIPOWER','2026-03-31','pat_cr',12971,'crore','PAT (FY26)','Broadly flat vs FY25''s ₹12,750 crore; helped by a lower tax provision rather than pure operating growth.','verified');
INSERT INTO metric_snapshots (ticker,snapshot_date,metric_key,metric_value,metric_unit,metric_label,metric_note,status) VALUES ('ADANIPOWER','2026-03-31','operating_capacity_gw',17.5,'GW','Operating Capacity','Targeting 30.6 GW by 2030; India''s largest private thermal power producer.','verified');
INSERT INTO bull_bear_cases (ticker,snapshot_date,case_type,case_text,case_order) VALUES ('ADANIPOWER','2026-03-31','bull','Q4 FY26 PAT grew 64% YoY to ₹4,271 crore on 10% revenue growth and 27% EBITDA growth, with expansion tie-ups now reaching 13.3 GW including a new 1.6 GW long-term PPA awarded by Maharashtra''s DISCOM.',1);
INSERT INTO bull_bear_cases (ticker,snapshot_date,case_type,case_text,case_order) VALUES ('ADANIPOWER','2026-03-31','bull','As India''s largest private thermal power producer with 17.5 GW of operating capacity and a target of 30.6 GW by 2030, Adani Power is positioned to capture a large share of India''s continuing baseload power demand even as renewables grow.',2);
INSERT INTO bull_bear_cases (ticker,snapshot_date,case_type,case_text,case_order) VALUES ('ADANIPOWER','2026-03-31','bull','All-India power demand growth resumed in Q4 FY26 (+1.6% YoY) after a soft winter, with warmer weather driving renewed offtake — a near-term operational tailwind.',3);
INSERT INTO bull_bear_cases (ticker,snapshot_date,case_type,case_text,case_order) VALUES ('ADANIPOWER','2026-03-31','bear','Full-year FY26 EBITDA was essentially flat versus FY25 (₹21,285 crore vs ₹21,575 crore) despite higher operating capacity, as lower merchant power realisations (average IEX price down 13.7% YoY) offset volume gains — growth in assets hasn''t yet translated into growth in core earnings.',1);
INSERT INTO bull_bear_cases (ticker,snapshot_date,case_type,case_text,case_order) VALUES ('ADANIPOWER','2026-03-31','bear','Adani Power pays no dividend on its equity shares despite consistent profitability, and screening tools flag potential capitalisation of interest costs — a detail worth understanding since it can make reported profits look stronger than underlying cash generation.',2);
INSERT INTO bull_bear_cases (ticker,snapshot_date,case_type,case_text,case_order) VALUES ('ADANIPOWER','2026-03-31','bear','Rising renewable power penetration is structurally pressuring merchant thermal tariffs, creating a slow-moving headwind for the non-contracted portion of Adani Power''s capacity even as its own PPA-backed volumes stay resilient.',3);
INSERT INTO tech_geo_tags (ticker,label,tag_type,is_active) VALUES ('ADANIPOWER','Rising renewable power penetration is structurally compressing merchant market power prices (down 13.7% YoY in FY26), a slow-building headwind for thermal generators'' non-contracted capacity','risk',TRUE);
INSERT INTO tech_geo_tags (ticker,label,tag_type,is_active) VALUES ('ADANIPOWER','All-India power demand growth resumed with the onset of summer in Q4 FY26, reversing a soft winter driven by cold weather and unseasonal rains','tailwind',TRUE);
INSERT INTO tech_geo_tags (ticker,label,tag_type,is_active) VALUES ('ADANIPOWER','New long-term PPAs, including a 1,600 MW Maharashtra DISCOM award under Design-Build-Finance-Own-Operate terms, provide contracted revenue visibility that insulates part of the portfolio from merchant price volatility','tailwind',TRUE);
INSERT INTO chain_nodes (ticker,direction,node_name,tag,note) VALUES ('ADANIPOWER','upstream','Coal supply, incl. captive and contracted sources',NULL,NULL);
INSERT INTO chain_nodes (ticker,direction,node_name,tag,note) VALUES ('ADANIPOWER','upstream','Thermal plant equipment & maintenance',NULL,NULL);
INSERT INTO chain_nodes (ticker,direction,node_name,tag,note) VALUES ('ADANIPOWER','downstream','State DISCOMs — long-term Power Purchase Agreements',NULL,NULL);
INSERT INTO chain_nodes (ticker,direction,node_name,tag,note) VALUES ('ADANIPOWER','downstream','Merchant power market (IEX)','risk','average realisations fell 13.7% YoY in FY26 as renewable penetration rose');
INSERT INTO chain_nodes (ticker,direction,node_name,tag,note) VALUES ('ADANIPOWER','downstream','New DBFOO contracts, incl. 1,600 MW Maharashtra DISCOM award','tailwind','locks in contracted revenue visibility');
INSERT INTO mgmt_profiles (ticker,promoter_pct,promoter_who,pledge_note,capital_note,as_of,source_note) VALUES ('ADANIPOWER',75.0,'Adani family, via Adani Group promoter entities','No pledge flagged in current shareholding trackers.','Pays no dividend on equity shares despite consistent profitability, reinvesting into capacity expansion toward the 30.6 GW 2030 target; screening tools flag potential capitalisation of interest costs as worth independent scrutiny.','Mar 2026','Screener.in; Adani Power Q4 FY26 results release; Kotak Neo shareholding data');
INSERT INTO metric_snapshots (ticker,snapshot_date,metric_key,metric_value,metric_unit,metric_label,status) VALUES ('ADANIPOWER','2026-03-31','market_cap_cr',433134,'crore','Market Capitalisation','verified');


-- ---------------------------------------------------------------------------
-- SECTION 8: Auto & Auto Components (HYUNDAI, TVSMOTOR, BOSCHLTD, MOTHERSON)
-- ---------------------------------------------------------------------------
-- InvestorLens India — Batch 6 (Auto & Auto Components)

INSERT INTO companies (ticker,name,exchange,sector,sub_sector,compare_group,business_core,source_note,moat_note,value_chain_position,value_chain_note,as_of,fetched_at) VALUES ('HYUNDAI','Hyundai Motor India','NSE','Auto','Passenger Vehicles (MNC)','Auto','Hyundai Motor India designs, manufactures and sells passenger vehicles — including the Venue, Verna, Exter, Creta and Aura — for both the domestic Indian market and export to emerging markets, as a wholly-owned subsidiary of South Korea''s Hyundai Motor Company. It is India''s second-largest passenger vehicle manufacturer and exporter.','Hyundai Motor India FY26 & Q4 FY26 results coverage (company press release, MarketsMojo, ScanX, InvestyWise); Screener.in; Kotak Neo','Three decades of brand trust in India, a wide dealership and service network, and backing from Hyundai Motor Company''s global platform engineering and design — advantages a new entrant would need many years and enormous capital to replicate.','Hyundai Motor India designs, manufactures and sells passenger vehicles domestically and for export, sourcing components from a large supplier base (including companies like Bosch and Motherson elsewhere in this dataset) and selling through dealership networks — positioning it squarely as an OEM at the consumer-facing end of the automotive value chain.','As a wholly-owned Korean subsidiary, Hyundai India''s capacity decisions (like the new Pune plant) and product roadmap are made with both the Indian market and Hyundai''s global export hub strategy in mind, meaning its growth isn''t purely a bet on domestic demand alone.','FY26 (year ended 31 Mar 2026)','2026-07-03');
INSERT INTO metric_snapshots (ticker,snapshot_date,metric_key,metric_value,metric_unit,metric_label,metric_note,status) VALUES ('HYUNDAI','2026-03-31','revenue_growth_pct',2.3,'%','Revenue Growth (FY26)','FY26 consolidated revenue reached ₹70,763 crore.','verified');
INSERT INTO metric_snapshots (ticker,snapshot_date,metric_key,metric_value,metric_unit,metric_label,metric_note,status) VALUES ('HYUNDAI','2026-03-31','ebitda_margin_pct',12.2,'%','EBITDA Margin','Down from 12.9% in FY25.','verified');
INSERT INTO metric_snapshots (ticker,snapshot_date,metric_key,metric_value,metric_unit,metric_label,metric_note,status) VALUES ('HYUNDAI','2026-03-31','pat_growth_pct',-3.7,'%','PAT Growth (FY26)','FY26 PAT of ₹5,432 crore vs ₹5,640 crore in FY25.','verified');
INSERT INTO metric_snapshots (ticker,snapshot_date,metric_key,metric_value,metric_unit,metric_label,metric_note,status) VALUES ('HYUNDAI','2026-03-31','export_growth_pct',16.4,'%','Export Growth (FY26)','Grew despite acknowledged geopolitical headwinds.','verified');
INSERT INTO bull_bear_cases (ticker,snapshot_date,case_type,case_text,case_order) VALUES ('HYUNDAI','2026-03-31','bull','Record Q4 FY26 domestic sales (wholesale volume +8.7% YoY to 208,275 units), highest-ever quarterly and full-year CNG/rural penetration, and 16.4% export growth despite geopolitical headwinds show broad-based demand strength, not just one segment.',1);
INSERT INTO bull_bear_cases (ticker,snapshot_date,case_type,case_text,case_order) VALUES ('HYUNDAI','2026-03-31','bull','Celebrating 30 years in India, the company commenced its Pune plant in FY26 (first product: New Venue, 5-star Bharat NCAP rated), expanding capacity toward 1.14 million units by 2030 — real physical capacity backing the growth guidance.',2);
INSERT INTO bull_bear_cases (ticker,snapshot_date,case_type,case_text,case_order) VALUES ('HYUNDAI','2026-03-31','bull','Zero promoter encumbrance and a stable 82.5% holding from Hyundai Motor Company signal long-term parent commitment, while FY27 guidance targets 8-10% volume growth and margin recovery to 11-14%.',3);
INSERT INTO bull_bear_cases (ticker,snapshot_date,case_type,case_text,case_order) VALUES ('HYUNDAI','2026-03-31','bear','Q4 FY26 operating margin contracted sharply to 10.66% from 14.45% a year earlier — a 379 basis point erosion — driven by vendor compensation, labour code costs, commodity inflation and an unfavourable SUV/export mix.',1);
INSERT INTO bull_bear_cases (ticker,snapshot_date,case_type,case_text,case_order) VALUES ('HYUNDAI','2026-03-31','bear','Net profit fell 22.2% YoY in Q4 FY26 to ₹1,256 crore even as revenue hit a record high, and FY26 full-year PAT was below FY25''s — growth in volume hasn''t yet translated into growth in profit.',2);
INSERT INTO bull_bear_cases (ticker,snapshot_date,case_type,case_text,case_order) VALUES ('HYUNDAI','2026-03-31','bear','Persistent FII selling (down from 7.35% to 5.42% since September 2025) suggests foreign institutional investors remain cautious on near-term earnings trajectory despite management''s optimistic FY27 guidance.',3);
INSERT INTO tech_geo_tags (ticker,label,tag_type,is_active) VALUES ('HYUNDAI','GST 2.0 reforms provided a direct demand tailwind in Q4 FY26, contributing to record quarterly domestic sales','tailwind',TRUE);
INSERT INTO tech_geo_tags (ticker,label,tag_type,is_active) VALUES ('HYUNDAI','Rising input costs, new labour code compliance, and vendor compensation payments compressed margins sharply in Q4 FY26, showing cost-side pressures can outpace even record revenue','risk',TRUE);
INSERT INTO tech_geo_tags (ticker,label,tag_type,is_active) VALUES ('HYUNDAI','Export growth of 16.4% in FY26 came despite acknowledged geopolitical headwinds, positioning India as a resilient hub for Hyundai''s emerging-market export strategy','tailwind',TRUE);
INSERT INTO chain_nodes (ticker,direction,node_name,tag,note) VALUES ('HYUNDAI','upstream','Component suppliers, incl. Bosch and Motherson elsewhere in this dataset',NULL,NULL);
INSERT INTO chain_nodes (ticker,direction,node_name,tag,note) VALUES ('HYUNDAI','upstream','Steel, semiconductors & EV battery inputs',NULL,NULL);
INSERT INTO chain_nodes (ticker,direction,node_name,tag,note) VALUES ('HYUNDAI','downstream','Domestic dealership & service network',NULL,NULL);
INSERT INTO chain_nodes (ticker,direction,node_name,tag,note) VALUES ('HYUNDAI','downstream','Export markets, incl. emerging-market hub strategy','tailwind','16.4% export growth in FY26 despite geopolitical headwinds');
INSERT INTO chain_nodes (ticker,direction,node_name,tag,note) VALUES ('HYUNDAI','downstream','CNG & EV adoption segments','tailwind','highest-ever quarterly CNG contribution of 18% in Q4 FY26');
INSERT INTO mgmt_profiles (ticker,promoter_pct,promoter_who,pledge_note,capital_note,as_of,source_note) VALUES ('HYUNDAI',82.5,'Hyundai Motor Company (South Korea)','No encumbrance on promoter shares confirmed for FY26 per SEBI Reg 31(4) filing.','Recommended a final dividend of ₹21/share; committed to a ~₹7,500 crore FY27 capex plan funding Pune plant expansion and two new SUV launches including a localised compact EV.','Mar 2026','Screener.in; MarketsMojo Q4 FY26 result analysis; Hyundai Motor India FY26 results release; ScanX SEBI filing coverage');
INSERT INTO metric_snapshots (ticker,snapshot_date,metric_key,metric_value,metric_unit,metric_label,status) VALUES ('HYUNDAI','2026-03-31','market_cap_cr',161704,'crore','Market Capitalisation','verified');
INSERT INTO companies (ticker,name,exchange,sector,sub_sector,compare_group,business_core,source_note,moat_note,value_chain_position,value_chain_note,as_of,fetched_at) VALUES ('TVSMOTOR','TVS Motor Company','NSE','Auto','Two-Wheelers','Auto','TVS Motor Company designs, manufactures and sells motorcycles, scooters, mopeds and three-wheelers across ICE, CNG and electric powertrains, selling domestically and to export markets. It is India''s third-largest two-wheeler manufacturer by volume, competing directly with Bajaj Auto, Hero MotoCorp and Eicher Motors'' Royal Enfield.','TVS Motor FY26 & Q4 FY26 results coverage (MarketsMojo, Univest); Screener.in','Nearly a century of brand trust in Indian two- and three-wheelers, a vast dealership and service network, and continuous product innovation across ICE, CNG and EV powertrains that smaller or newer entrants struggle to match at scale.','TVS Motor designs, manufactures and sells two-wheelers and three-wheelers across India and export markets, sourcing components from suppliers and selling through an extensive dealership network — positioning it as an OEM at the consumer end of the two-wheeler value chain, competing directly for market share against Bajaj Auto and Eicher Motors elsewhere in this dataset.','As India''s third-largest two-wheeler manufacturer, TVS''s growth increasingly depends on capturing share in EVs and premium segments rather than just riding overall market growth, since the core commuter segment is mature and highly competitive.','FY26 (year ended 31 Mar 2026)','2026-07-03');
INSERT INTO metric_snapshots (ticker,snapshot_date,metric_key,metric_value,metric_unit,metric_label,metric_note,status) VALUES ('TVSMOTOR','2026-03-31','revenue_growth_pct',30.42,'%','Revenue Growth (Q4 YoY)','Q4 FY26 net sales of ₹15,053 crore, an all-time high.','verified');
INSERT INTO metric_snapshots (ticker,snapshot_date,metric_key,metric_value,metric_unit,metric_label,metric_note,status) VALUES ('TVSMOTOR','2026-03-31','ebitda_margin_pct',14.53,'%','Operating Margin (Q4 FY26)','Down from 16.63% a year earlier.','verified');
INSERT INTO metric_snapshots (ticker,snapshot_date,metric_key,metric_value,metric_unit,metric_label,metric_note,status) VALUES ('TVSMOTOR','2026-03-31','net_debt_ebitda',4.17,'x','Net Debt / EBITDA','Real leverage; debt-to-equity stands at 3.24x.','verified');
INSERT INTO metric_snapshots (ticker,snapshot_date,metric_key,metric_value,metric_unit,metric_label,metric_note,status) VALUES ('TVSMOTOR','2026-03-31','pat_growth_pct',19.03,'%','PAT Growth (Q4 YoY)','Grew YoY but fell 8.29% sequentially from Q3 FY26.','verified');
INSERT INTO bull_bear_cases (ticker,snapshot_date,case_type,case_text,case_order) VALUES ('TVSMOTOR','2026-03-31','bull','Q4 FY26 net sales hit an all-time high of ₹15,053 crore, up 30.42% YoY, with FY26 full-year net sales of ₹56,070 crore — broad-based demand strength across the two-wheeler and three-wheeler portfolio.',1);
INSERT INTO bull_bear_cases (ticker,snapshot_date,case_type,case_text,case_order) VALUES ('TVSMOTOR','2026-03-31','bull','Rock-solid 50.27% promoter holding (TVS Holdings, formerly Sundaram Clayton) with zero pledging reflects strong long-term family commitment, and ten-year stock returns exceeding 1,000% demonstrate a genuine track record of value creation.',2);
INSERT INTO bull_bear_cases (ticker,snapshot_date,case_type,case_text,case_order) VALUES ('TVSMOTOR','2026-03-31','bull','Rising EV sales and export expansion give TVS multiple growth vectors beyond the core domestic ICE two-wheeler market, which remains competitive but stable.',3);
INSERT INTO bull_bear_cases (ticker,snapshot_date,case_type,case_text,case_order) VALUES ('TVSMOTOR','2026-03-31','bear','Q4 FY26 operating margin contracted to 14.53% from 16.63% a year earlier, and net profit fell 8.29% sequentially despite revenue growth — the classic sign of rising costs outpacing volume gains.',1);
INSERT INTO bull_bear_cases (ticker,snapshot_date,case_type,case_text,case_order) VALUES ('TVSMOTOR','2026-03-31','bear','Debt-to-equity of 3.24x and debt-to-EBITDA of 4.17x represent real leverage, and screening tools flag possible capitalisation of interest costs — worth independent scrutiny of reported profitability.',2);
INSERT INTO bull_bear_cases (ticker,snapshot_date,case_type,case_text,case_order) VALUES ('TVSMOTOR','2026-03-31','bear','FII holding declined for the first time in four quarters (down 52 basis points to 22.57%), suggesting some foreign investors are booking profits or growing cautious after a strong run.',3);
INSERT INTO tech_geo_tags (ticker,label,tag_type,is_active) VALUES ('TVSMOTOR','Rising employee costs and input cost pressures compressed operating margin by over 200 basis points year-over-year in Q4 FY26, even as revenue grew 30%','risk',TRUE);
INSERT INTO tech_geo_tags (ticker,label,tag_type,is_active) VALUES ('TVSMOTOR','Growing EV adoption and export market expansion give TVS multiple growth vectors beyond the mature domestic commuter two-wheeler segment','tailwind',TRUE);
INSERT INTO tech_geo_tags (ticker,label,tag_type,is_active) VALUES ('TVSMOTOR','Elevated leverage (debt/EBITDA of 4.17x) constrains financial flexibility just as the company needs to keep investing in EV and premium product development to defend market share','risk',TRUE);
INSERT INTO chain_nodes (ticker,direction,node_name,tag,note) VALUES ('TVSMOTOR','upstream','Component suppliers, incl. batteries for EV models',NULL,NULL);
INSERT INTO chain_nodes (ticker,direction,node_name,tag,note) VALUES ('TVSMOTOR','upstream','Steel & aluminium inputs',NULL,NULL);
INSERT INTO chain_nodes (ticker,direction,node_name,tag,note) VALUES ('TVSMOTOR','downstream','Domestic dealership & service network',NULL,NULL);
INSERT INTO chain_nodes (ticker,direction,node_name,tag,note) VALUES ('TVSMOTOR','downstream','Export markets',NULL,NULL);
INSERT INTO chain_nodes (ticker,direction,node_name,tag,note) VALUES ('TVSMOTOR','downstream','EV adoption segment','tailwind','rising EV sales are a key growth vector beyond the mature commuter ICE segment');
INSERT INTO mgmt_profiles (ticker,promoter_pct,promoter_who,pledge_note,capital_note,as_of,source_note) VALUES ('TVSMOTOR',50.27,'TVS Holdings Limited (formerly Sundaram Clayton Limited)','Zero pledging of promoter shares.','Board to consider final FY26 dividend; continues investing in EV product lines and export capacity even amid elevated leverage.','Mar 2026','Screener.in; MarketsMojo Q4 FY26 result analysis');
INSERT INTO metric_snapshots (ticker,snapshot_date,metric_key,metric_value,metric_unit,metric_label,status) VALUES ('TVSMOTOR','2026-03-31','market_cap_cr',165852,'crore','Market Capitalisation','verified');
INSERT INTO companies (ticker,name,exchange,sector,sub_sector,compare_group,business_core,source_note,moat_note,value_chain_position,value_chain_note,as_of,fetched_at) VALUES ('BOSCHLTD','Bosch','NSE','Auto Components','Auto & Industrial Technology (MNC)','Auto Components','Bosch India manufactures and supplies technology and components across four sectors: Mobility (automotive parts like fuel injection and chassis systems), Industrial Technology, Consumer Goods (power tools and appliances), and Energy and Building Technology. As the Indian flagship of Germany''s Robert Bosch group, it combines global engineering technology with extensive local manufacturing, supplying both automotive OEMs and industrial/retail customers directly.','Bosch India Q4 FY26 results coverage (Bajaj Finserv, Univest); Screener.in; Bosch Limited shareholder information (bosch.in); Kotak Neo','Deep engineering technology transfer from Robert Bosch GmbH''s global R&D, combined with nearly 18 manufacturing units and decades of relationships with India''s major automotive and industrial OEMs — scale and technical trust that would take a new entrant decades to replicate.','Bosch India manufactures components, technology and systems — spanning automotive parts (fuel injection, chassis systems), industrial automation, consumer goods (power tools, appliances) and building technology — selling to OEMs like Hyundai and TVS Motor as well as directly to industrial and retail customers, positioning it upstream of the vehicles and products that use its technology.','Because Bosch India sits inside a much larger German multinational group, its own corporate structure is periodically reshuffled (subsidiaries transferred in or spun out) as part of global Bosch strategy — a structural factor investors need to track separately from underlying business performance.','FY26 (year ended 31 Mar 2026)','2026-07-03');
INSERT INTO metric_snapshots (ticker,snapshot_date,metric_key,metric_value,metric_unit,metric_label,metric_note,status) VALUES ('BOSCHLTD','2026-03-31','revenue_growth_pct',16,'%','Revenue Growth (Q4 YoY)','Q4 FY26 revenue of ₹4,911 crore.','verified');
INSERT INTO metric_snapshots (ticker,snapshot_date,metric_key,metric_value,metric_unit,metric_label,metric_note,status) VALUES ('BOSCHLTD','2026-03-31','ebitda_growth_pct',16.1,'%','EBITDA Growth (Q4 YoY)',NULL,'verified');
INSERT INTO metric_snapshots (ticker,snapshot_date,metric_key,metric_value,metric_unit,metric_label,metric_note,status) VALUES ('BOSCHLTD','2026-03-31','pat_cr',2773,'crore','PAT (FY26)',NULL,'verified');
INSERT INTO metric_snapshots (ticker,snapshot_date,metric_key,metric_value,metric_unit,metric_label,metric_note,status) VALUES ('BOSCHLTD','2026-03-31','promoter_pct_ref',70.54,'%','Promoter Holding (context metric)','Shown here as a metric for reference; also recorded in the management profile.','verified');
INSERT INTO bull_bear_cases (ticker,snapshot_date,case_type,case_text,case_order) VALUES ('BOSCHLTD','2026-03-31','bull','Q4 FY26 revenue grew 16% YoY to ₹4,911 crore with EBITDA growing 16.1%, and the company declared a substantial ₹512/share dividend — consistent, well-funded shareholder returns from a genuinely diversified technology business.',1);
INSERT INTO bull_bear_cases (ticker,snapshot_date,case_type,case_text,case_order) VALUES ('BOSCHLTD','2026-03-31','bull','Operating across four distinct sectors — Mobility, Industrial Technology, Consumer Goods, and Energy and Building Technology — Bosch India isn''t purely an auto-cycle bet, giving it more resilience than a pure-play auto component maker.',2);
INSERT INTO bull_bear_cases (ticker,snapshot_date,case_type,case_text,case_order) VALUES ('BOSCHLTD','2026-03-31','bull','Backed by Robert Bosch GmbH''s global engineering and R&D, with nearly 18 manufacturing units across India, Bosch combines deep local manufacturing scale with world-class parent technology.',3);
INSERT INTO bull_bear_cases (ticker,snapshot_date,case_type,case_text,case_order) VALUES ('BOSCHLTD','2026-03-31','bear','At a P/E near 40-43x, the stock is priced at a significant premium, and ongoing corporate restructuring within the broader Bosch India group (including a planned Offer For Sale in Bosch Home Comfort India) adds complexity for investors trying to value the standalone entity.',1);
INSERT INTO bull_bear_cases (ticker,snapshot_date,case_type,case_text,case_order) VALUES ('BOSCHLTD','2026-03-31','bear','As a subsidiary of a German multinational, Bosch India''s strategic direction — including which businesses stay, get transferred, or get restructured — is ultimately decided at the global parent level, not by Indian shareholders.',2);
INSERT INTO bull_bear_cases (ticker,snapshot_date,case_type,case_text,case_order) VALUES ('BOSCHLTD','2026-03-31','bear','Heavy reliance on the automotive sector for its Mobility segment means Bosch India remains meaningfully exposed to the same auto-cycle risks facing its OEM customers like Hyundai and TVS Motor elsewhere in this dataset.',3);
INSERT INTO tech_geo_tags (ticker,label,tag_type,is_active) VALUES ('BOSCHLTD','Ongoing intra-group restructuring, including a planned Offer For Sale in Bosch Home Comfort India and the Bosch Chassis Systems India consolidation, reflects the German parent''s periodic reshuffling of its Indian corporate structure','neutral',TRUE);
INSERT INTO tech_geo_tags (ticker,label,tag_type,is_active) VALUES ('BOSCHLTD','Diversification across Mobility, Industrial Technology, Consumer Goods and Energy/Building Technology reduces Bosch India''s dependence on any single sector''s cycle, unlike a pure-play auto component maker','tailwind',TRUE);
INSERT INTO tech_geo_tags (ticker,label,tag_type,is_active) VALUES ('BOSCHLTD','As a key supplier to auto OEMs, Bosch India''s Mobility segment remains exposed to the same demand and margin pressures facing vehicle manufacturers like Hyundai and TVS Motor','risk',TRUE);
INSERT INTO chain_nodes (ticker,direction,node_name,tag,note) VALUES ('BOSCHLTD','upstream','Robert Bosch GmbH global R&D & engineering technology transfer',NULL,NULL);
INSERT INTO chain_nodes (ticker,direction,node_name,tag,note) VALUES ('BOSCHLTD','upstream','Steel, electronics & precision components',NULL,NULL);
INSERT INTO chain_nodes (ticker,direction,node_name,tag,note) VALUES ('BOSCHLTD','downstream','Automotive OEMs, incl. Hyundai and TVS Motor elsewhere in this dataset',NULL,NULL);
INSERT INTO chain_nodes (ticker,direction,node_name,tag,note) VALUES ('BOSCHLTD','downstream','Industrial automation customers',NULL,NULL);
INSERT INTO chain_nodes (ticker,direction,node_name,tag,note) VALUES ('BOSCHLTD','downstream','Consumer goods & building technology retail channels',NULL,NULL);
INSERT INTO mgmt_profiles (ticker,promoter_pct,promoter_who,pledge_note,capital_note,as_of,source_note) VALUES ('BOSCHLTD',70.54,'Robert Bosch Internationale Beteiligungen AG (67.76%) and Bosch Global Software Technologies Private Limited (2.78%)','No pledge; a wholly German-parent-controlled promoter structure.','Declared a dividend of ₹512/share for FY26; continues intra-group corporate restructuring including consolidating Bosch Chassis Systems India as a wholly-owned subsidiary from July 2026.','Mar 2026','Bosch Limited shareholder information (bosch.in); Screener.in; Kotak Neo');
INSERT INTO metric_snapshots (ticker,snapshot_date,metric_key,metric_value,metric_unit,metric_label,status) VALUES ('BOSCHLTD','2026-03-31','market_cap_cr',122483,'crore','Market Capitalisation','verified');
INSERT INTO companies (ticker,name,exchange,sector,sub_sector,compare_group,business_core,source_note,moat_note,value_chain_position,value_chain_note,as_of,fetched_at) VALUES ('MOTHERSON','Samvardhana Motherson','NSE','Auto Components','Global Auto Components Supplier','Auto Components','Samvardhana Motherson International is one of the world''s largest automotive component manufacturers, producing wiring harnesses, rear-view mirrors, polymer-based interior and exterior modules, and vision systems, alongside emerging businesses in aerospace and consumer electronics. Operating across more than 30 countries and serving nearly every major global automotive OEM as a full-system solutions provider, it is India''s largest auto ancillary company by scale.','Samvardhana Motherson FY26 & Q4 FY26 results coverage (Univest, MarketsMojo); Screener.in','Scale as one of the world''s largest automotive component suppliers, with deep, long-standing relationships across nearly every major global OEM and a full-system product breadth that few competitors can match — reinforced by continuous strategic acquisitions extending that breadth further.','Samvardhana Motherson manufactures a broad range of automotive components — wiring harnesses, rear-view mirrors, polymer modules, interior and exterior trim — supplying tier-1 parts directly to global automotive OEMs across Europe, North America and Asia, positioning it as one of the world''s largest full-system automotive component suppliers.','Motherson''s strategy of becoming a ''full system solutions provider'' rather than a single-component specialist means it increasingly competes with companies like Bosch on breadth, not just on individual parts — and its continuous global M&A is explicitly aimed at deepening that breadth further.','FY26 (year ended 31 Mar 2026)','2026-07-03');
INSERT INTO metric_snapshots (ticker,snapshot_date,metric_key,metric_value,metric_unit,metric_label,metric_note,status) VALUES ('MOTHERSON','2026-03-31','pat_growth_pct',42.5,'%','PAT Growth (Q4 YoY)','Q4 FY26 PAT of ₹1,497 crore, recovering strongly from a weak Q4 FY25.','verified');
INSERT INTO metric_snapshots (ticker,snapshot_date,metric_key,metric_value,metric_unit,metric_label,metric_note,status) VALUES ('MOTHERSON','2026-03-31','booked_business_usd_bn',83.9,'$bn','Automotive Booked Business','Provides exceptional multi-year revenue visibility.','verified');
INSERT INTO metric_snapshots (ticker,snapshot_date,metric_key,metric_value,metric_unit,metric_label,metric_note,status) VALUES ('MOTHERSON','2026-03-31','roe_pct',11.6,'%','Return on Equity','Weak for a company of this scale.','verified');
INSERT INTO metric_snapshots (ticker,snapshot_date,metric_key,metric_value,metric_unit,metric_label,metric_note,status) VALUES ('MOTHERSON','2026-03-31','interest_coverage',8.92,'x','Interest Coverage','Improved as the company steadily deleverages.','verified');
INSERT INTO bull_bear_cases (ticker,snapshot_date,case_type,case_text,case_order) VALUES ('MOTHERSON','2026-03-31','bull','Q4 FY26 consolidated PAT jumped 42.5% YoY to ₹1,497 crore, recovering strongly from a weak Q4 FY25, with an automotive booked business exceeding USD 83.9 billion providing exceptional multi-year revenue visibility.',1);
INSERT INTO bull_bear_cases (ticker,snapshot_date,case_type,case_text,case_order) VALUES ('MOTHERSON','2026-03-31','bull','Operating across four divisions (Modules & Polymer Products, Vision Systems, Wiring Harnesses, and Emerging Businesses including aerospace and consumer electronics) spanning 30+ countries gives genuine diversification against any single customer, geography or auto segment.',2);
INSERT INTO bull_bear_cases (ticker,snapshot_date,case_type,case_text,case_order) VALUES ('MOTHERSON','2026-03-31','bull','Interest costs have been declining steadily as the company deleverages, with interest coverage improving to nearly 9x — a real, ongoing balance-sheet improvement story.',3);
INSERT INTO bull_bear_cases (ticker,snapshot_date,case_type,case_text,case_order) VALUES ('MOTHERSON','2026-03-31','bear','Promoter holding dropped sharply from 58.13% to 48.60% in mid-2025 due to corporate restructuring — a significant ownership change investors should understand rather than overlook.',1);
INSERT INTO bull_bear_cases (ticker,snapshot_date,case_type,case_text,case_order) VALUES ('MOTHERSON','2026-03-31','bear','Return on equity of just 11.6% is weak for a company of this scale, and the wide gap between 5-year sales CAGR and EBIT CAGR points to a persistent struggle to convert growth into proportionate profit.',2);
INSERT INTO bull_bear_cases (ticker,snapshot_date,case_type,case_text,case_order) VALUES ('MOTHERSON','2026-03-31','bear','An aggressive, ongoing string of global acquisitions (Nexans autoelectric, Elektrokontakt, Yutaka Giken, Shinnichi, Vacuform, among others) creates real integration risk even as it extends the company''s global footprint.',3);
INSERT INTO tech_geo_tags (ticker,label,tag_type,is_active) VALUES ('MOTHERSON','An automotive booked business exceeding USD 83.9 billion gives Motherson exceptional multi-year revenue visibility, insulating it somewhat from any single quarter''s demand swings','tailwind',TRUE);
INSERT INTO tech_geo_tags (ticker,label,tag_type,is_active) VALUES ('MOTHERSON','A steady stream of global acquisitions (Nexans autoelectric, Elektrokontakt, Yutaka Giken, Shinnichi, Vacuform) is expanding Motherson''s product range and geographic footprint, though each deal carries real integration execution risk','neutral',TRUE);
INSERT INTO tech_geo_tags (ticker,label,tag_type,is_active) VALUES ('MOTHERSON','Declining interest costs and improving interest coverage reflect genuine deleveraging progress, reducing financial risk even as the company continues to grow through acquisition','tailwind',TRUE);
INSERT INTO chain_nodes (ticker,direction,node_name,tag,note) VALUES ('MOTHERSON','upstream','Steel, polymer resins, glass & electronic components',NULL,NULL);
INSERT INTO chain_nodes (ticker,direction,node_name,tag,note) VALUES ('MOTHERSON','upstream','Global acquisition targets, incl. Nexans autoelectric, Elektrokontakt, Yutaka Giken','neutral','ongoing M&A extends product range but carries integration risk');
INSERT INTO chain_nodes (ticker,direction,node_name,tag,note) VALUES ('MOTHERSON','downstream','Global automotive OEMs across Europe, North America & Asia',NULL,NULL);
INSERT INTO chain_nodes (ticker,direction,node_name,tag,note) VALUES ('MOTHERSON','downstream','Emerging businesses: aerospace & consumer electronics customers','tailwind','diversification beyond pure automotive demand cycles');
INSERT INTO chain_nodes (ticker,direction,node_name,tag,note) VALUES ('MOTHERSON','downstream','Indian OEMs, incl. peers like Hyundai and TVS Motor elsewhere in this dataset',NULL,NULL);
INSERT INTO mgmt_profiles (ticker,promoter_pct,promoter_who,pledge_note,capital_note,as_of,source_note) VALUES ('MOTHERSON',48.6,'Motherson family (Sehgal family) promoter group','No pledge flagged; holding has been stable near 48.6% since a mid-2025 corporate restructuring reduced it from 58.13%.','Actively funding a series of global acquisitions (Nexans autoelectric, Elektrokontakt, Yutaka Giken, Shinnichi, Vacuform) while simultaneously deleveraging, with interest costs declining steadily quarter over quarter.','Mar 2026','Screener.in; MarketsMojo Q3/Q4 FY26 result analyses; Univest');
INSERT INTO metric_snapshots (ticker,snapshot_date,metric_key,metric_value,metric_unit,metric_label,status) VALUES ('MOTHERSON','2026-03-31','market_cap_cr',155784,'crore','Market Capitalisation','verified');


-- ---------------------------------------------------------------------------
-- SECTION 9: Financial Services (BAJAJHLDNG, BAJAJHFL, ICICIGI, IRFC, PFC, RECLTD)
-- ---------------------------------------------------------------------------
-- InvestorLens India — Batch 7 (Financial Services)

INSERT INTO companies (ticker,name,exchange,sector,sub_sector,compare_group,business_core,source_note,moat_note,value_chain_position,value_chain_note,as_of,fetched_at) VALUES ('BAJAJHLDNG','Bajaj Holdings','NSE','Financial Services','Investment Holding Company','Financial Services','Bajaj Holdings & Investment Limited is a pure investment holding company with no significant operating business of its own. Its value comes almost entirely from large strategic equity stakes it holds in three Bajaj group companies — Bajaj Auto, Bajaj Finserv and Bajaj Finance — earning dividends and capital appreciation from those holdings rather than from manufacturing or selling anything directly.','Bajaj Holdings Q4 FY26 results coverage (MarketsMojo)','Multi-decade, deeply entrenched strategic stakes in three large, well-run Bajaj group companies — a position that would be effectively impossible for anyone to replicate today given how the ownership was built up over generations.','Bajaj Holdings & Investment is a pure investment holding company — it doesn''t manufacture or sell anything itself, but owns large strategic stakes in Bajaj Auto, Bajaj Finserv and Bajaj Finance, capturing value purely through dividends received and the appreciation of those underlying stakes.','Because its own standalone operations are negligible, Bajaj Holdings'' real ''business'' is capital allocation and long-term ownership — its value chain position is best understood as sitting one layer above the operating companies themselves, rather than participating in any single industry''s chain directly.','FY26 (year ended 31 Mar 2026)','2026-07-03');
INSERT INTO metric_snapshots (ticker,snapshot_date,metric_key,metric_value,metric_unit,metric_label,metric_note,status) VALUES ('BAJAJHLDNG','2026-03-31','consolidated_pat_growth_pct',49.23,'%','Consolidated PAT Growth (Q4 YoY)',NULL,'verified');
INSERT INTO metric_snapshots (ticker,snapshot_date,metric_key,metric_value,metric_unit,metric_label,metric_note,status) VALUES ('BAJAJHLDNG','2026-03-31','standalone_revenue_growth_pct',-58.32,'%','Standalone Revenue Growth (Q4 YoY)','Standalone revenue is not representative of value; nearly all worth sits in investment holdings, not operating revenue.','verified');
INSERT INTO metric_snapshots (ticker,snapshot_date,metric_key,metric_value,metric_unit,metric_label,metric_note,status) VALUES ('BAJAJHLDNG','2026-03-31','five_yr_sales_cagr_pct',22.58,'%','5-Year Sales CAGR (Consolidated)',NULL,'verified');
INSERT INTO metric_snapshots (ticker,snapshot_date,metric_key,metric_value,metric_unit,metric_label,metric_note,status) VALUES ('BAJAJHLDNG','2026-03-31','pe_ratio',16.09,'x','P/E Ratio','A discount to most holding company peers despite superior underlying ROE.','verified');
INSERT INTO bull_bear_cases (ticker,snapshot_date,case_type,case_text,case_order) VALUES ('BAJAJHLDNG','2026-03-31','bull','Consolidated Q4 FY26 net profit surged 49.23% YoY to ₹2,575 crore, reflecting the growing value of Bajaj Holdings'' strategic stakes in Bajaj Auto, Bajaj Finserv and Bajaj Finance — the underlying businesses are compounding even when the holding company''s own standalone numbers look erratic.',1);
INSERT INTO bull_bear_cases (ticker,snapshot_date,case_type,case_text,case_order) VALUES ('BAJAJHLDNG','2026-03-31','bull','Trading at a P/E of just 16.09x and P/BV of 1.74x, Bajaj Holdings is priced at a meaningful discount to most holding company peers despite a five-year sales CAGR of 22.58% and EBIT CAGR of 27.22% — a classic holding-company-discount opportunity.',2);
INSERT INTO bull_bear_cases (ticker,snapshot_date,case_type,case_text,case_order) VALUES ('BAJAJHLDNG','2026-03-31','bull','Rock-solid 51.46% promoter holding, led by the Bajaj family through Jamnalal Sons Private Limited and various family trusts, has remained completely stable across five straight quarters.',3);
INSERT INTO bull_bear_cases (ticker,snapshot_date,case_type,case_text,case_order) VALUES ('BAJAJHLDNG','2026-03-31','bear','Standalone revenue collapsed 58.32% YoY (and 78.94% sequentially) to just ₹60.54 crore — a reminder that Bajaj Holdings'' own operating business is tiny and volatile; nearly all real value sits in its investment stakes, not anything it does directly.',1);
INSERT INTO bull_bear_cases (ticker,snapshot_date,case_type,case_text,case_order) VALUES ('BAJAJHLDNG','2026-03-31','bear','The structural ''holding company discount'' is a double-edged sword: investors can simply buy Bajaj Auto, Bajaj Finserv or Bajaj Finance directly instead of paying through this intermediary layer, capping how much re-rating Bajaj Holdings itself can realistically see.',2);
INSERT INTO bull_bear_cases (ticker,snapshot_date,case_type,case_text,case_order) VALUES ('BAJAJHLDNG','2026-03-31','bear','Foreign institutional investors have been steadily reducing their stake (down 94 basis points over four quarters), possibly preferring direct exposure to the operating Bajaj companies over the holding structure.',3);
INSERT INTO tech_geo_tags (ticker,label,tag_type,is_active) VALUES ('BAJAJHLDNG','The health of Bajaj Holdings'' reported earnings is almost entirely a function of how well Bajaj Auto, Bajaj Finserv and Bajaj Finance perform — it has no independent operating story of its own','neutral',TRUE);
INSERT INTO tech_geo_tags (ticker,label,tag_type,is_active) VALUES ('BAJAJHLDNG','A persistent holding-company discount to the sum of its underlying stakes is a structural, industry-wide feature of investment holding companies, not specific to any single quarter''s results','risk',TRUE);
INSERT INTO tech_geo_tags (ticker,label,tag_type,is_active) VALUES ('BAJAJHLDNG','Continued FII selling even as the stock trades at a statistical discount suggests some institutional investors prefer direct exposure to Bajaj''s operating businesses over the holding company wrapper','risk',TRUE);
INSERT INTO chain_nodes (ticker,direction,node_name,tag,note) VALUES ('BAJAJHLDNG','upstream','Dividend income from Bajaj Auto, Bajaj Finserv & Bajaj Finance stakes',NULL,NULL);
INSERT INTO chain_nodes (ticker,direction,node_name,tag,note) VALUES ('BAJAJHLDNG','downstream','Shareholders, via dividends and share price appreciation',NULL,NULL);
INSERT INTO mgmt_profiles (ticker,promoter_pct,promoter_who,pledge_note,capital_note,as_of,source_note) VALUES ('BAJAJHLDNG',51.46,'Bajaj family, via Jamnalal Sons Private Limited (18.01%), Niraj Bajaj Nirav Trust (4.83%) and other family trusts and investment vehicles','No pledge flagged; promoter holding has been completely stable across the past five quarters.','As a holding company, capital allocation consists mainly of retaining and growing its stakes in Bajaj Auto, Bajaj Finserv and Bajaj Finance rather than operational reinvestment.','Mar 2026','MarketsMojo Q4 FY26 result analysis; Screener.in');
INSERT INTO metric_snapshots (ticker,snapshot_date,metric_key,metric_value,metric_unit,metric_label,status) VALUES ('BAJAJHLDNG','2026-03-31','market_cap_cr',118000,'crore','Market Capitalisation','verified');
INSERT INTO companies (ticker,name,exchange,sector,sub_sector,compare_group,business_core,source_note,moat_note,value_chain_position,value_chain_note,as_of,fetched_at) VALUES ('BAJAJHFL','Bajaj Housing Finance','NSE','Financial Services','Housing Finance','Financial Services','Bajaj Housing Finance is a housing finance company that lends to individuals for home purchase and construction, and to developers for project finance, as a subsidiary of Bajaj Finance. It borrows in wholesale debt markets and lends that capital onward at a margin, benefiting from its parent''s brand, distribution network and underwriting capabilities.','Bajaj Housing Finance Q4 FY26 results coverage (MarketsMojo, Univest); Screener.in','Structural competitive advantages inherited from parent Bajaj Finance — brand equity, distribution depth, underwriting technology and customer relationships — that would take a new entrant 10-15 years to replicate independently.','Bajaj Housing Finance borrows money in the wholesale debt and capital markets, then lends it onward to individuals and developers for home purchases and construction — a classic housing-finance NBFC model, sitting between capital markets and the end borrower.','As a subsidiary of Bajaj Finance, it can lean on the parent''s distribution network, credit underwriting systems and funding relationships rather than building all of that from scratch, giving it a faster path to scale than an independent housing financier.','FY26 (year ended 31 Mar 2026)','2026-07-03');
INSERT INTO metric_snapshots (ticker,snapshot_date,metric_key,metric_value,metric_unit,metric_label,metric_note,status) VALUES ('BAJAJHFL','2026-03-31','pat_growth_pct',14.06,'%','PAT Growth (Q4 YoY)',NULL,'verified');
INSERT INTO metric_snapshots (ticker,snapshot_date,metric_key,metric_value,metric_unit,metric_label,metric_note,status) VALUES ('BAJAJHFL','2026-03-31','interest_income_growth_pct',15.69,'%','Interest Income Growth (Q4 YoY)',NULL,'verified');
INSERT INTO metric_snapshots (ticker,snapshot_date,metric_key,metric_value,metric_unit,metric_label,metric_note,status) VALUES ('BAJAJHFL','2026-03-31','pat_margin_pct',23.15,'%','PAT Margin','Down 33 bps QoQ and below 23.48% a year earlier — slight margin compression even amid strong growth.','verified');
INSERT INTO metric_snapshots (ticker,snapshot_date,metric_key,metric_value,metric_unit,metric_label,metric_note,status) VALUES ('BAJAJHFL','2026-03-31','roe_pct',12.06,'%','Return on Equity','Modest for a lending business, reflecting a still-maturing loan book.','verified');
INSERT INTO bull_bear_cases (ticker,snapshot_date,case_type,case_text,case_order) VALUES ('BAJAJHFL','2026-03-31','bull','Q4 FY26 net profit grew 14.06% YoY to ₹669.19 crore with interest income up 15.69%, showing consistent double-digit growth momentum in both the top and bottom line of the loan book.',1);
INSERT INTO bull_bear_cases (ticker,snapshot_date,case_type,case_text,case_order) VALUES ('BAJAJHFL','2026-03-31','bull','As a subsidiary of Bajaj Finance (holding an 86.7% stake), Bajaj Housing Finance benefits from the parent''s underwriting expertise, funding access and brand trust — real inherited advantages in a competitive mortgage market.',2);
INSERT INTO bull_bear_cases (ticker,snapshot_date,case_type,case_text,case_order) VALUES ('BAJAJHFL','2026-03-31','bull','India''s RBI rate cut cycle that commenced in 2026 reduces Bajaj Housing Finance''s own borrowing costs while also stimulating end-customer demand for home loans — a tailwind on both sides of the balance sheet.',3);
INSERT INTO bull_bear_cases (ticker,snapshot_date,case_type,case_text,case_order) VALUES ('BAJAJHFL','2026-03-31','bear','PAT margin compressed slightly to 23.15% from 23.48% a year earlier, and at a P/E near 28x, the stock is priced for continued strong growth that any slowdown would punish quickly.',1);
INSERT INTO bull_bear_cases (ticker,snapshot_date,case_type,case_text,case_order) VALUES ('BAJAJHFL','2026-03-31','bear','The company pays no dividend despite consistent profitability, choosing to retain all capital for loan book growth — a reasonable strategy for a young lender, but one that offers no income cushion to shareholders.',2);
INSERT INTO bull_bear_cases (ticker,snapshot_date,case_type,case_text,case_order) VALUES ('BAJAJHFL','2026-03-31','bear','Domestic and global competitors are investing aggressively in the housing finance market, and any erosion of Bajaj Housing Finance''s pricing power or market share would directly compress the growth story supporting its premium valuation.',3);
INSERT INTO tech_geo_tags (ticker,label,tag_type,is_active) VALUES ('BAJAJHFL','The RBI''s 2026 rate cut cycle lowers Bajaj Housing Finance''s own cost of funds while simultaneously making home loans more attractive to end customers, a rare double tailwind','tailwind',TRUE);
INSERT INTO tech_geo_tags (ticker,label,tag_type,is_active) VALUES ('BAJAJHFL','Intensifying competition from established housing finance peers and banks pressures pricing and market share, a structural risk in a maturing mortgage lending market','risk',TRUE);
INSERT INTO tech_geo_tags (ticker,label,tag_type,is_active) VALUES ('BAJAJHFL','Parentage under Bajaj Finance gives access to an established distribution and cross-sell network that a standalone new entrant would need years to build','tailwind',TRUE);
INSERT INTO chain_nodes (ticker,direction,node_name,tag,note) VALUES ('BAJAJHFL','upstream','Wholesale debt & capital markets, incl. RBI policy rate environment','tailwind','2026 rate cut cycle lowers borrowing costs');
INSERT INTO chain_nodes (ticker,direction,node_name,tag,note) VALUES ('BAJAJHFL','upstream','Parent Bajaj Finance''s distribution & underwriting systems',NULL,NULL);
INSERT INTO chain_nodes (ticker,direction,node_name,tag,note) VALUES ('BAJAJHFL','downstream','Individual home loan borrowers',NULL,NULL);
INSERT INTO chain_nodes (ticker,direction,node_name,tag,note) VALUES ('BAJAJHFL','downstream','Real estate developers — project finance',NULL,NULL);
INSERT INTO mgmt_profiles (ticker,promoter_pct,promoter_who,pledge_note,capital_note,as_of,source_note) VALUES ('BAJAJHFL',86.7,'Bajaj Finance Limited','No pledged promoter holdings.','Retains all profits for loan book growth; FY26 dividend was Nil despite consistent profitability.','Mar 2026','Screener.in; MarketsMojo shareholding data; Univest');
INSERT INTO metric_snapshots (ticker,snapshot_date,metric_key,metric_value,metric_unit,metric_label,status) VALUES ('BAJAJHFL','2026-03-31','market_cap_cr',73191,'crore','Market Capitalisation','verified');
INSERT INTO companies (ticker,name,exchange,sector,sub_sector,compare_group,business_core,source_note,moat_note,value_chain_position,value_chain_note,as_of,fetched_at) VALUES ('ICICIGI','ICICI Lombard General Insurance','NSE','Insurance','General Insurance','Insurance','ICICI Lombard General Insurance sells non-life insurance products — including motor, health, property and liability coverage — to individuals and businesses, collecting premiums and paying out claims, while investing the pooled premium float for additional income. It is one of India''s largest private-sector general insurers, jointly promoted by ICICI Bank and Canada''s Fairfax Financial Holdings.','ICICI Lombard FY26 & Q4 FY26 results coverage (Sahi, ICICI Direct); Screener.in; Kotak Neo','Backing from ICICI Bank''s brand and distribution network, combined with decades of underwriting data and a diversified product portfolio spanning health, motor and commercial lines, giving ICICI Lombard scale advantages that smaller general insurers cannot easily match.','ICICI Lombard collects insurance premiums from individuals and businesses across health, motor, property and liability lines, invests that pooled capital, and pays out claims when policyholders experience covered losses — a classic general (non-life) insurance model, distinct from LIC''s life insurance business elsewhere in this dataset.','General insurance differs structurally from life insurance in that policies are typically annual and claims can arise quickly (a car accident, a hospital visit), making underwriting discipline and claims management far more central to profitability quarter-to-quarter than in the multi-decade life insurance business.','FY26 (year ended 31 Mar 2026)','2026-07-03');
INSERT INTO metric_snapshots (ticker,snapshot_date,metric_key,metric_value,metric_unit,metric_label,metric_note,status) VALUES ('ICICIGI','2026-03-31','gdpi_growth_pct',7.0,'%','GDPI Growth (FY26)','Below industry growth of 9.2%; excluding Crop and Mass Health, growth was 10.2% vs industry 13.3%.','verified');
INSERT INTO metric_snapshots (ticker,snapshot_date,metric_key,metric_value,metric_unit,metric_label,metric_note,status) VALUES ('ICICIGI','2026-03-31','pat_growth_pct',10.5,'%','PAT Growth (FY26)',NULL,'verified');
INSERT INTO metric_snapshots (ticker,snapshot_date,metric_key,metric_value,metric_unit,metric_label,metric_note,status) VALUES ('ICICIGI','2026-03-31','combined_ratio_pct',103.4,'%','Combined Ratio','Above 100% means underwriting alone is unprofitable before investment income; slightly worse than FY25''s 102.8%.','verified');
INSERT INTO metric_snapshots (ticker,snapshot_date,metric_key,metric_value,metric_unit,metric_label,metric_note,status) VALUES ('ICICIGI','2026-03-31','solvency_ratio',2.67,'x','Solvency Ratio','Comfortably above the 1.50x regulatory minimum.','verified');
INSERT INTO bull_bear_cases (ticker,snapshot_date,case_type,case_text,case_order) VALUES ('ICICIGI','2026-03-31','bull','FY26 PAT grew 10.5% to ₹2,772 crore, and the retail health segment — the standout performer — grew net earned premiums over 55%, showing real momentum in one of general insurance''s most attractive product lines.',1);
INSERT INTO bull_bear_cases (ticker,snapshot_date,case_type,case_text,case_order) VALUES ('ICICIGI','2026-03-31','bull','Q4 FY26 GDPI grew 18.2% versus industry growth of just 10.9%, indicating genuine market share gains rather than simply riding an industry-wide upcycle.',2);
INSERT INTO bull_bear_cases (ticker,snapshot_date,case_type,case_text,case_order) VALUES ('ICICIGI','2026-03-31','bull','A comfortable solvency ratio of 2.67x (versus a 1.50x regulatory minimum) and a healthy dividend of ₹13.50/share for FY26 reflect a well-capitalised, shareholder-friendly business.',3);
INSERT INTO bull_bear_cases (ticker,snapshot_date,case_type,case_text,case_order) VALUES ('ICICIGI','2026-03-31','bear','The combined ratio — the key measure of underwriting profitability — worsened slightly to 103.4% in FY26 from 102.8% in FY25, meaning core underwriting alone remains unprofitable and the company still depends on investment income to generate overall profit.',1);
INSERT INTO bull_bear_cases (ticker,snapshot_date,case_type,case_text,case_order) VALUES ('ICICIGI','2026-03-31','bear','Full-year GDPI growth of 7.0% lagged industry growth of 9.2%, suggesting ICICI Lombard is losing some ground in aggregate market share even as specific segments like retail health outperform.',2);
INSERT INTO bull_bear_cases (ticker,snapshot_date,case_type,case_text,case_order) VALUES ('ICICIGI','2026-03-31','bear','Return on Average Equity declined to 17.8% in FY26 from 19.1% in FY25, and Q4 FY26 ROAE fell further to 13.3% from 14.5% — a genuine profitability trend worth watching, not just a one-quarter blip.',3);
INSERT INTO tech_geo_tags (ticker,label,tag_type,is_active) VALUES ('ICICIGI','Retail health insurance grew net earned premiums over 55% in Q4 FY26, reflecting rising consumer demand for health coverage and successful product innovation like the Elevate offering','tailwind',TRUE);
INSERT INTO tech_geo_tags (ticker,label,tag_type,is_active) VALUES ('ICICIGI','The company migrated major product lines to a new enterprise-wide technology platform (Artemis) during FY26, a modernisation effort that could improve efficiency but also carries execution risk during transition','neutral',TRUE);
INSERT INTO tech_geo_tags (ticker,label,tag_type,is_active) VALUES ('ICICIGI','A combined ratio persistently above 100% means the business structurally depends on investment income to be profitable, exposing overall earnings to capital market volatility beyond pure insurance risk','risk',TRUE);
INSERT INTO chain_nodes (ticker,direction,node_name,tag,note) VALUES ('ICICIGI','upstream','Reinsurance partners — spreading large or catastrophic risk',NULL,NULL);
INSERT INTO chain_nodes (ticker,direction,node_name,tag,note) VALUES ('ICICIGI','upstream','ICICI Bank distribution network & brand',NULL,NULL);
INSERT INTO chain_nodes (ticker,direction,node_name,tag,note) VALUES ('ICICIGI','downstream','Retail policyholders — motor, health & property insurance',NULL,NULL);
INSERT INTO chain_nodes (ticker,direction,node_name,tag,note) VALUES ('ICICIGI','downstream','Corporate & commercial clients — liability & business insurance',NULL,NULL);
INSERT INTO chain_nodes (ticker,direction,node_name,tag,note) VALUES ('ICICIGI','downstream','Indian equity & debt capital markets — where premium float is invested',NULL,NULL);
INSERT INTO mgmt_profiles (ticker,promoter_pct,promoter_who,pledge_note,capital_note,as_of,source_note) VALUES ('ICICIGI',51.3,'ICICI Bank and Fairfax Financial Holdings (Canada), as joint promoters','No pledge flagged in current shareholding trackers.','Proposed a final dividend of ₹7/share, taking the total FY26 dividend to ₹13.50/share, up from ₹12.50/share in FY25 — consistent, growing shareholder returns.','Mar 2026','Screener.in; Kotak Neo; ICICI Direct Q4 FY26 result analysis; Sahi FY26 results breakdown');
INSERT INTO metric_snapshots (ticker,snapshot_date,metric_key,metric_value,metric_unit,metric_label,status) VALUES ('ICICIGI','2026-03-31','market_cap_cr',87752,'crore','Market Capitalisation','verified');
INSERT INTO companies (ticker,name,exchange,sector,sub_sector,compare_group,business_core,source_note,moat_note,value_chain_position,value_chain_note,as_of,fetched_at) VALUES ('IRFC','IRFC','NSE','Financial Services','Railway Finance (PSU)','PSU Infrastructure Lenders','Indian Railway Finance Corporation is the dedicated financing arm of Indian Railways, raising funds from domestic and international debt markets and channelling that capital exclusively into acquiring rolling stock (locomotives, coaches, wagons) and financing railway infrastructure projects. It operates on a leasing, lending and borrowing model with Indian Railways as its sole effective customer.','IRFC FY26 & Q4 FY26 results coverage (MarketsMojo, Sahi, Torus Digital); Screener.in','A government-mandated, effectively exclusive role as Indian Railways'' dedicated financing arm — a position protected by policy design rather than competitive advantage, meaning its ''moat'' is regulatory rather than commercial.','IRFC raises funds from domestic and international debt markets, then channels that capital exclusively to Indian Railways to finance rolling stock (locomotives, coaches, wagons) and railway infrastructure projects — a specialised, single-customer financing arm rather than a diversified lender.','Because its only real borrower is the Indian government''s own railway system, IRFC''s credit risk is about as low as a lender can have — but that same concentration means its growth is entirely capped by how much Indian Railways itself chooses to borrow, with no ability to diversify into new customer segments the way PFC or REC can.','FY26 (year ended 31 Mar 2026)','2026-07-03');
INSERT INTO metric_snapshots (ticker,snapshot_date,metric_key,metric_value,metric_unit,metric_label,metric_note,status) VALUES ('IRFC','2026-03-31','interest_income_growth_pct',9.12,'%','Interest Income Growth (Q4 YoY)',NULL,'verified');
INSERT INTO metric_snapshots (ticker,snapshot_date,metric_key,metric_value,metric_unit,metric_label,metric_note,status) VALUES ('IRFC','2026-03-31','pat_growth_pct',0.15,'%','PAT Growth (Q4 YoY)','Essentially flat; fell 6.54% sequentially as interest expenses rose faster than income.','verified');
INSERT INTO metric_snapshots (ticker,snapshot_date,metric_key,metric_value,metric_unit,metric_label,metric_note,status) VALUES ('IRFC','2026-03-31','roe_pct',13.74,'%','Return on Equity','Significantly trails peers PFC (19.17%) and REC (~20%).','verified');
INSERT INTO metric_snapshots (ticker,snapshot_date,metric_key,metric_value,metric_unit,metric_label,metric_note,status) VALUES ('IRFC','2026-03-31','net_debt_equity',2.73,'x','Debt / Equity','Lower leverage than PFC (7.88x), reflecting a more conservative, single-customer lending model.','verified');
INSERT INTO bull_bear_cases (ticker,snapshot_date,case_type,case_text,case_order) VALUES ('IRFC','2026-03-31','bull','Q4 FY26 interest income reached ₹7,336 crore, the highest quarterly figure in the company''s history, up 9.12% YoY, reflecting continued expansion of IRFC''s loan book to Indian Railways.',1);
INSERT INTO bull_bear_cases (ticker,snapshot_date,case_type,case_text,case_order) VALUES ('IRFC','2026-03-31','bull','IRFC exceeded its FY26 disbursement guidance, disbursing ₹35,000 crore against a ₹30,000 crore target — genuine execution beyond plan.',2);
INSERT INTO bull_bear_cases (ticker,snapshot_date,case_type,case_text,case_order) VALUES ('IRFC','2026-03-31','bull','As the dedicated financing arm of Indian Railways with a government promoter, IRFC carries very low credit risk on its core lending book — its borrower is effectively the Indian state.',3);
INSERT INTO bull_bear_cases (ticker,snapshot_date,case_type,case_text,case_order) VALUES ('IRFC','2026-03-31','bear','Q4 FY26 net profit was essentially flat YoY (+0.15%) and fell 6.54% sequentially, as interest expenses surged 14.80% QoQ — faster than revenue growth — directly compressing profitability.',1);
INSERT INTO bull_bear_cases (ticker,snapshot_date,case_type,case_text,case_order) VALUES ('IRFC','2026-03-31','bear','Return on equity of just 13.74% trails peers PFC (19.17%) and REC (~20%) significantly, yet IRFC trades at a P/E of 18.70x versus peers'' sub-6x — a valuation premium that''s increasingly difficult to justify on fundamentals alone.',2);
INSERT INTO bull_bear_cases (ticker,snapshot_date,case_type,case_text,case_order) VALUES ('IRFC','2026-03-31','bear','IRFC''s entire business model depends on a single customer, Indian Railways — a concentration risk with no meaningful diversification, unlike PFC and REC which lend across many power-sector borrowers.',3);
INSERT INTO tech_geo_tags (ticker,label,tag_type,is_active) VALUES ('IRFC','IRFC exceeded its FY26 disbursement target (₹35,000 crore actual vs ₹30,000 crore guided), reflecting Indian Railways'' accelerating capital expenditure on rolling stock and infrastructure','tailwind',TRUE);
INSERT INTO tech_geo_tags (ticker,label,tag_type,is_active) VALUES ('IRFC','Rising interest costs in a still-elevated rate environment are compressing IRFC''s margins faster than its interest income is growing, a direct near-term profitability risk','risk',TRUE);
INSERT INTO tech_geo_tags (ticker,label,tag_type,is_active) VALUES ('IRFC','A single-customer business model tied entirely to Indian Railways caps diversification and pricing flexibility compared to power-sector lenders like PFC and REC that serve many borrowers','risk',TRUE);
INSERT INTO chain_nodes (ticker,direction,node_name,tag,note) VALUES ('IRFC','upstream','Domestic & international debt markets',NULL,NULL);
INSERT INTO chain_nodes (ticker,direction,node_name,tag,note) VALUES ('IRFC','upstream','Government of India backing & policy mandate',NULL,NULL);
INSERT INTO chain_nodes (ticker,direction,node_name,tag,note) VALUES ('IRFC','downstream','Indian Railways — sole borrower, for rolling stock and infrastructure financing',NULL,NULL);
INSERT INTO mgmt_profiles (ticker,promoter_pct,promoter_who,pledge_note,capital_note,as_of,source_note) VALUES ('IRFC',84.65,'Government of India, via the Ministry of Railways','No encumbrance on promoter shares confirmed for FY26 per SEBI Reg 31(4) filing; however promoter holding itself declined 1.71 percentage points in Q4 FY26 after three stable quarters.','Continues raising domestic and international debt to fund Indian Railways'' rolling stock and infrastructure needs; no equity dilution signalled beyond the modest promoter stake reduction.','Mar 2026','Screener.in; MarketsMojo Q4 FY26 result analysis; ScanX SEBI filing coverage; Sahi FY26 results');
INSERT INTO metric_snapshots (ticker,snapshot_date,metric_key,metric_value,metric_unit,metric_label,status) VALUES ('IRFC','2026-03-31','market_cap_cr',118701,'crore','Market Capitalisation','verified');
INSERT INTO companies (ticker,name,exchange,sector,sub_sector,compare_group,business_core,source_note,moat_note,value_chain_position,value_chain_note,as_of,fetched_at) VALUES ('PFC','Power Finance Corporation','NSE','Financial Services','Power Sector Lending (PSU)','PSU Infrastructure Lenders','Power Finance Corporation is a government-owned non-banking financial company that raises capital in debt markets and lends it to power-sector companies across generation, transmission, distribution and renewable energy, spanning both public and private borrowers. It is India''s largest NBFC by loan book and is in the process of merging with sister PSU lender REC to form a single, dominant power-sector financing institution.','PFC FY26 & Q4 FY26 results coverage (InvestyWise, MarketsMojo); Screener.in; Ventura Securities PFC-REC merger analysis','Scale as India''s largest NBFC lender with deep, government-backed relationships across every major power-sector borrower, reinforced by the pending REC merger which would make the combined entity even more dominant in power-sector financing.','Power Finance Corporation raises capital in domestic and international debt markets and lends it to power-sector borrowers — generation, transmission, distribution and renewable energy companies — across both public and private sectors, functioning as India''s largest dedicated infrastructure financier for the power industry.','PFC''s planned merger with REC (approved by both boards at an 88:100 share swap ratio, with the combined entity''s loan book exceeding ₹11 lakh crore) will create a single, dominant power-sector financing institution — a structural consolidation that directly reshapes the lending side of every power company in this dataset''s value chain.','FY26 (year ended 31 Mar 2026)','2026-07-03');
INSERT INTO metric_snapshots (ticker,snapshot_date,metric_key,metric_value,metric_unit,metric_label,metric_note,status) VALUES ('PFC','2026-03-31','standalone_pat_growth_pct',16,'%','Standalone PAT Growth (FY26)','Record standalone net profit of ₹20,051 crore.','verified');
INSERT INTO metric_snapshots (ticker,snapshot_date,metric_key,metric_value,metric_unit,metric_label,metric_note,status) VALUES ('PFC','2026-03-31','net_npa_pct',0.13,'%','Net NPA','Excellent asset quality for a large infrastructure lender.','verified');
INSERT INTO metric_snapshots (ticker,snapshot_date,metric_key,metric_value,metric_unit,metric_label,metric_note,status) VALUES ('PFC','2026-03-31','roe_pct',19.17,'%','Return on Equity','Second-highest among PSU infrastructure lenders after REC.','verified');
INSERT INTO metric_snapshots (ticker,snapshot_date,metric_key,metric_value,metric_unit,metric_label,metric_note,status) VALUES ('PFC','2026-03-31','net_debt_equity',7.88,'x','Debt / Equity','High leverage typical for a government-backed infrastructure financier; well above peer IRFC''s 2.73x.','verified');
INSERT INTO bull_bear_cases (ticker,snapshot_date,case_type,case_text,case_order) VALUES ('PFC','2026-03-31','bull','FY26 standalone net profit hit a record ₹20,051 crore (+16% YoY), with consolidated PAT reaching ₹33,625 crore and net NPA at an excellent 0.13% — scale, growth and asset quality all pointing the same direction.',1);
INSERT INTO bull_bear_cases (ticker,snapshot_date,case_type,case_text,case_order) VALUES ('PFC','2026-03-31','bull','PFC maintains the largest NBFC loan book in India at ₹11.64 lakh crore, including a leading ₹1.65 lakh crore renewable energy financing portfolio, positioning it at the center of India''s entire power-sector capital needs.',2);
INSERT INTO bull_bear_cases (ticker,snapshot_date,case_type,case_text,case_order) VALUES ('PFC','2026-03-31','bull','At a P/E of just 5.5-6x versus a finance sector average near 21x, PFC is statistically inexpensive for a company delivering a 19.17% ROE and a well-capitalised 23.44% CRAR.',3);
INSERT INTO bull_bear_cases (ticker,snapshot_date,case_type,case_text,case_order) VALUES ('PFC','2026-03-31','bear','Debt-to-equity of 7.88x is meaningfully higher than peers like IRFC (2.73x), amplifying both earnings volatility and refinancing risk even though this leverage is typical for government-backed infrastructure lenders.',1);
INSERT INTO bull_bear_cases (ticker,snapshot_date,case_type,case_text,case_order) VALUES ('PFC','2026-03-31','bear','Q4 FY26 interest income was essentially flat quarter-on-quarter (down 0.60%) and down 1.18% YoY, raising real questions about loan book growth velocity even as reported profit hit a record — the profit surge leaned partly on provision reversals rather than pure operating growth.',2);
INSERT INTO bull_bear_cases (ticker,snapshot_date,case_type,case_text,case_order) VALUES ('PFC','2026-03-31','bear','The approved merger with REC, while strategically rational, will dilute existing PFC shareholders'' equity by roughly 34% and introduces real integration and governance complexity during the transition period through the planned 2027 completion.',3);
INSERT INTO tech_geo_tags (ticker,label,tag_type,is_active) VALUES ('PFC','PFC''s board-approved merger with REC (88:100 share swap, targeted completion by April 1, 2027) will create a combined power-sector lender with a loan book exceeding ₹11 lakh crore, the single largest structural event in India''s infrastructure financing sector this year','tailwind',TRUE);
INSERT INTO tech_geo_tags (ticker,label,tag_type,is_active) VALUES ('PFC','Q4 FY26 interest income was flat to slightly down despite record reported profit, suggesting the earnings jump leaned on provision reversals and other one-off factors rather than pure loan book growth','risk',TRUE);
INSERT INTO tech_geo_tags (ticker,label,tag_type,is_active) VALUES ('PFC','A leading ₹1.65 lakh crore renewable energy financing portfolio positions PFC to directly fund the capacity build-out of companies like Adani Green, NTPC Green, Suzlon and Waaree elsewhere in this dataset','tailwind',TRUE);
INSERT INTO chain_nodes (ticker,direction,node_name,tag,note) VALUES ('PFC','upstream','Domestic & international debt markets',NULL,NULL);
INSERT INTO chain_nodes (ticker,direction,node_name,tag,note) VALUES ('PFC','upstream','Government of India backing & policy mandate',NULL,NULL);
INSERT INTO chain_nodes (ticker,direction,node_name,tag,note) VALUES ('PFC','downstream','Power generation, transmission & distribution companies','tailwind','funds capacity build-out for companies like Adani Green, NTPC Green, Tata Power elsewhere in this dataset');
INSERT INTO chain_nodes (ticker,direction,node_name,tag,note) VALUES ('PFC','downstream','Renewable energy project developers','tailwind','₹1.65 lakh crore renewable financing portfolio');
INSERT INTO chain_nodes (ticker,direction,node_name,tag,note) VALUES ('PFC','downstream','Merger partner REC','neutral','88:100 share swap merger targeted for completion by April 2027');
INSERT INTO mgmt_profiles (ticker,promoter_pct,promoter_who,pledge_note,capital_note,as_of,source_note) VALUES ('PFC',56.0,'Government of India','No pledge; promoter holding has remained largely constant over the past six months.','Proposed a final dividend of ₹3.95/share, taking the total FY26 dividend to ₹18.55/share; simultaneously executing the REC merger process, which will dilute existing shareholders'' equity by roughly 34% upon completion.','Mar 2026','Screener.in; InvestyWise Q4 FY26 results & merger coverage; MarketsMojo Q4 FY26 result analysis; Ventura Securities merger analysis');
INSERT INTO metric_snapshots (ticker,snapshot_date,metric_key,metric_value,metric_unit,metric_label,status) VALUES ('PFC','2026-03-31','market_cap_cr',141921,'crore','Market Capitalisation','verified');
INSERT INTO companies (ticker,name,exchange,sector,sub_sector,compare_group,business_core,source_note,moat_note,value_chain_position,value_chain_note,as_of,fetched_at) VALUES ('RECLTD','REC Limited','NSE','Financial Services','Power Sector Lending (PSU)','PSU Infrastructure Lenders','REC Limited is a government-owned Maharatna CPSE that finances projects across the entire power sector value chain — generation, transmission, distribution and renewable energy — lending to state electricity boards, private power producers, central utilities and infrastructure developers. Originally focused on rural electrification since 1969, it has broadened into a full power-sector financier and is now in the process of merging into sister PSU lender PFC.','REC FY26 & Q4 FY26 results coverage (Tickertape, Trade Brains); Screener.in; ScanX & Groww PFC-REC merger coverage','Nearly 60 years of relationships across India''s power sector as a Maharatna CPSE, financing everything from rural electrification to renewable energy — a position about to be consolidated further through the pending merger into PFC, creating an even more dominant combined lender.','REC raises capital in domestic and international debt markets and lends across the entire power sector value chain — generation, transmission, distribution and renewable energy — to state electricity boards, private power producers, central utilities and infrastructure developers, historically rooted in rural electrification financing.','REC''s pending absorption into PFC (rather than the other way around) means its distinct corporate identity is set to disappear, even though its loan book and lending relationships will continue inside the combined entity — a reminder that in this dataset, a company''s value chain position can itself be in the process of structural change.','FY26 (year ended 31 Mar 2026)','2026-07-03');
INSERT INTO metric_snapshots (ticker,snapshot_date,metric_key,metric_value,metric_unit,metric_label,metric_note,status) VALUES ('RECLTD','2026-03-31','pat_growth_pct',2.67,'%','PAT Growth (FY26)','Full-year growth modest; Q4 FY26 profit alone fell 21.7% YoY.','verified');
INSERT INTO metric_snapshots (ticker,snapshot_date,metric_key,metric_value,metric_unit,metric_label,metric_note,status) VALUES ('RECLTD','2026-03-31','revenue_growth_pct',5.67,'%','Total Income Growth (FY26)',NULL,'verified');
INSERT INTO metric_snapshots (ticker,snapshot_date,metric_key,metric_value,metric_unit,metric_label,metric_note,status) VALUES ('RECLTD','2026-03-31','roe_pct',20,'%','Return on Equity','Highest among the PSU infrastructure lenders in this dataset.','verified');
INSERT INTO metric_snapshots (ticker,snapshot_date,metric_key,metric_value,metric_unit,metric_label,metric_note,status) VALUES ('RECLTD','2026-03-31','dividend_yield_pct',5.64,'%','Dividend Yield','Among the highest yields of any company in this dataset.','verified');
INSERT INTO bull_bear_cases (ticker,snapshot_date,case_type,case_text,case_order) VALUES ('RECLTD','2026-03-31','bull','FY26 total income grew 5.67% to ₹59,628 crore with net profit up 2.67% to ₹16,308 crore, and REC delivers the highest ROE (~20%) among PSU infrastructure lenders in this dataset, ahead of both PFC and IRFC.',1);
INSERT INTO bull_bear_cases (ticker,snapshot_date,case_type,case_text,case_order) VALUES ('RECLTD','2026-03-31','bull','A dividend yield of 5.64% (₹8.55/share total FY26 payout across interim and final dividends) makes REC one of the highest-yielding stocks in this entire dataset, appealing directly to income-focused investors.',2);
INSERT INTO bull_bear_cases (ticker,snapshot_date,case_type,case_text,case_order) VALUES ('RECLTD','2026-03-31','bull','As a Maharatna CPSE financing the complete power sector value chain — generation, transmission, distribution and renewable energy — REC has direct exposure to India''s structural, multi-decade power capacity build-out.',3);
INSERT INTO bull_bear_cases (ticker,snapshot_date,case_type,case_text,case_order) VALUES ('RECLTD','2026-03-31','bear','Q4 FY26 net profit fell sharply, down 21.7% YoY to ₹3,375 crore, with total income also declining nearly 5% — a genuinely weak quarter that the full-year growth figure understates.',1);
INSERT INTO bull_bear_cases (ticker,snapshot_date,case_type,case_text,case_order) VALUES ('RECLTD','2026-03-31','bear','The approved merger into PFC (at an 88:100 share swap ratio, with REC being absorbed into the surviving PFC entity) means REC as a standalone listed company will eventually cease to exist — a structural event investors must factor into any long-term holding decision.',2);
INSERT INTO bull_bear_cases (ticker,snapshot_date,case_type,case_text,case_order) VALUES ('RECLTD','2026-03-31','bear','ROCE of just 9.71% is meaningfully lower than the strong ROE figure, hinting at a business that relies significantly on financial leverage to generate shareholder returns rather than pure operating efficiency.',3);
INSERT INTO tech_geo_tags (ticker,label,tag_type,is_active) VALUES ('RECLTD','REC''s board-approved merger into PFC at an 88:100 share swap ratio will end REC''s standalone existence as a listed company, with shareholders receiving PFC shares upon completion','risk',TRUE);
INSERT INTO tech_geo_tags (ticker,label,tag_type,is_active) VALUES ('RECLTD','Q4 FY26''s 21.7% profit decline, even amid a positive full-year growth number, signals real near-term earnings volatility that a simple annual view would miss','risk',TRUE);
INSERT INTO tech_geo_tags (ticker,label,tag_type,is_active) VALUES ('RECLTD','REC''s deep, decades-long relationships across the entire power sector value chain — from generation to renewable energy — position the combined PFC-REC entity to dominate power-sector financing post-merger','tailwind',TRUE);
INSERT INTO chain_nodes (ticker,direction,node_name,tag,note) VALUES ('RECLTD','upstream','Domestic & international debt markets',NULL,NULL);
INSERT INTO chain_nodes (ticker,direction,node_name,tag,note) VALUES ('RECLTD','upstream','Government of India backing via Ministry of Power',NULL,NULL);
INSERT INTO chain_nodes (ticker,direction,node_name,tag,note) VALUES ('RECLTD','downstream','State electricity boards & DISCOMs',NULL,NULL);
INSERT INTO chain_nodes (ticker,direction,node_name,tag,note) VALUES ('RECLTD','downstream','Private power producers & renewable energy developers','tailwind','funds the same power-sector build-out as PFC across generation, transmission and renewables');
INSERT INTO chain_nodes (ticker,direction,node_name,tag,note) VALUES ('RECLTD','downstream','Merger partner PFC','risk','REC will be absorbed into PFC; standalone listing will cease upon completion');
INSERT INTO mgmt_profiles (ticker,promoter_pct,promoter_who,pledge_note,capital_note,as_of,source_note) VALUES ('RECLTD',52.6,'Government of India, via the Ministry of Power','No pledge flagged in current shareholding trackers.','Recommended a final dividend of ₹1.55/share plus ₹7/share in interim dividends already paid (four tranches), totalling ₹8.55/share for FY26; separately proposed raising up to ₹40,000 crore via bonds/debentures alongside the PFC merger process.','Mar 2026','Screener.in; Tickertape FY26 results coverage; ScanX merger coverage; Groww');
INSERT INTO metric_snapshots (ticker,snapshot_date,metric_key,metric_value,metric_unit,metric_label,status) VALUES ('RECLTD','2026-03-31','market_cap_cr',97324,'crore','Market Capitalisation','verified');


-- ---------------------------------------------------------------------------
-- SECTION 10: FMCG (BRITANNIA, GODREJCP, UNITDSPR, VBL)
-- ---------------------------------------------------------------------------
-- InvestorLens India — Batch 8 (FMCG)

INSERT INTO companies (ticker,name,exchange,sector,sub_sector,compare_group,business_core,source_note,moat_note,value_chain_position,value_chain_note,as_of,fetched_at) VALUES ('BRITANNIA','Britannia Industries','NSE','FMCG','Packaged Foods','FMCG','Britannia Industries manufactures and sells packaged food products — primarily biscuits, along with bread, dairy, cakes and adjacent categories — under well-known brands sold through extensive domestic retail and rural distribution networks as well as export markets in over 60 countries. It is one of India''s oldest and most trusted FMCG companies, particularly dominant in the biscuits category.','Britannia FY26 & Q4 FY26 results coverage (MarketsMojo, ChartAlert, ScanX, Univest); Screener.in','Decades of brand trust in Indian households across biscuits (NutriChoice, Bourbon, Good Day) and dairy, combined with one of the deepest rural distribution networks in Indian FMCG — advantages that support pricing power new entrants cannot easily replicate.','Britannia converts commodity agricultural inputs — wheat flour, palm oil, sugar and dairy — into branded, packaged biscuits, bread, dairy and adjacent food products, sold through India''s vast retail and rural distribution networks as well as 60+ export markets.','Because its core inputs are agricultural commodities with volatile global pricing, Britannia''s margin story each quarter is as much about input cost timing and hedging as it is about brand strength or volume growth — a structurally different risk profile from a services or technology business.','FY26 (year ended 31 Mar 2026)','2026-07-03');
INSERT INTO metric_snapshots (ticker,snapshot_date,metric_key,metric_value,metric_unit,metric_label,metric_note,status) VALUES ('BRITANNIA','2026-03-31','revenue_growth_pct',6.7,'%','Revenue Growth (FY26)',NULL,'verified');
INSERT INTO metric_snapshots (ticker,snapshot_date,metric_key,metric_value,metric_unit,metric_label,metric_note,status) VALUES ('BRITANNIA','2026-03-31','pat_growth_pct',16.5,'%','PAT Growth (FY26)','Outpaced revenue growth on margin expansion and a lower effective tax rate.','verified');
INSERT INTO metric_snapshots (ticker,snapshot_date,metric_key,metric_value,metric_unit,metric_label,metric_note,status) VALUES ('BRITANNIA','2026-03-31','roe_pct',74.67,'%','Return on Equity','Among the very highest in Indian FMCG, behind only Nestle India.','verified');
INSERT INTO metric_snapshots (ticker,snapshot_date,metric_key,metric_value,metric_unit,metric_label,metric_note,status) VALUES ('BRITANNIA','2026-03-31','dividend_payout_pct',71,'%','Dividend Payout Ratio','Dividends paid exceeded PAT in FY26 — generous but limits reinvestment capacity.','verified');
INSERT INTO bull_bear_cases (ticker,snapshot_date,case_type,case_text,case_order) VALUES ('BRITANNIA','2026-03-31','bull','FY26 PAT grew 16.5% to ₹2,537 crore, outpacing revenue growth of 6.7%, on the back of margin expansion and near-perfect earnings quality (operating cash flow was ~103% of reported profit).',1);
INSERT INTO bull_bear_cases (ticker,snapshot_date,case_type,case_text,case_order) VALUES ('BRITANNIA','2026-03-31','bull','Return on equity of 74.67% is exceptional even by FMCG standards, trailing only Nestle India among major Indian consumer companies, while the balance sheet remains net cash with negligible debt.',2);
INSERT INTO bull_bear_cases (ticker,snapshot_date,case_type,case_text,case_order) VALUES ('BRITANNIA','2026-03-31','bull','International operations spanning 60+ countries, including manufacturing in the UAE and Oman, give Britannia a genuine diversification lever beyond the Indian market that many domestic-focused FMCG peers lack.',3);
INSERT INTO bull_bear_cases (ticker,snapshot_date,case_type,case_text,case_order) VALUES ('BRITANNIA','2026-03-31','bear','Operating margin compressed 186 basis points sequentially to 18.20% in Q4 FY26, and revenue actually declined 5% quarter-on-quarter — the year-over-year growth story masks real within-year volatility.',1);
INSERT INTO bull_bear_cases (ticker,snapshot_date,case_type,case_text,case_order) VALUES ('BRITANNIA','2026-03-31','bear','At a P/E of 52.47x and P/BV of 35.61x, the stock is priced for continued flawless execution, leaving little room for the wheat flour and palm oil price volatility management itself flagged as a key FY27 risk.',2);
INSERT INTO bull_bear_cases (ticker,snapshot_date,case_type,case_text,case_order) VALUES ('BRITANNIA','2026-03-31','bear','Associate and joint-venture losses nearly tripled during FY26, and current borrowings almost doubled even as long-term debt fell — small but real signs of financial discipline loosening at the margins.',3);
INSERT INTO tech_geo_tags (ticker,label,tag_type,is_active) VALUES ('BRITANNIA','Rural and semi-urban demand recovery, aided by better monsoon conditions in FY26, directly drove Britannia''s volume-led revenue growth','tailwind',TRUE);
INSERT INTO tech_geo_tags (ticker,label,tag_type,is_active) VALUES ('BRITANNIA','Wheat flour and palm oil price volatility remains the single biggest input-cost risk flagged by management for FY27, directly affecting margin sustainability','risk',TRUE);
INSERT INTO tech_geo_tags (ticker,label,tag_type,is_active) VALUES ('BRITANNIA','Rising employee costs (up 16.9% YoY, well above 6.7% revenue growth) are quietly eroding some of the raw material cost relief the company has benefited from','risk',TRUE);
INSERT INTO chain_nodes (ticker,direction,node_name,tag,note) VALUES ('BRITANNIA','upstream','Wheat flour, palm oil, sugar & dairy commodity inputs','risk','margin is directly exposed to global commodity price volatility');
INSERT INTO chain_nodes (ticker,direction,node_name,tag,note) VALUES ('BRITANNIA','upstream','Packaging material suppliers',NULL,NULL);
INSERT INTO chain_nodes (ticker,direction,node_name,tag,note) VALUES ('BRITANNIA','downstream','Domestic retail & rural distribution network',NULL,NULL);
INSERT INTO chain_nodes (ticker,direction,node_name,tag,note) VALUES ('BRITANNIA','downstream','Export markets across 60+ countries, incl. UAE & Oman manufacturing',NULL,NULL);
INSERT INTO chain_nodes (ticker,direction,node_name,tag,note) VALUES ('BRITANNIA','downstream','Adjacent categories: dairy, cakes & premium biscuits','tailwind','premiumisation (NutriChoice, Bourbon) supports margin expansion');
INSERT INTO mgmt_profiles (ticker,promoter_pct,promoter_who,pledge_note,capital_note,as_of,source_note) VALUES ('BRITANNIA',50.6,'Wadia Group and related promoter entities','No pledge flagged; promoter holding stable.','Declared a final dividend of ₹90.50/share; capex stepped down sharply in FY26, freeing cash for the generous dividend payout while maintaining a net cash balance sheet.','Mar 2026','Screener.in; MarketsMojo Q4 FY26 result analysis; ChartAlert analysis of company filings; ScanX & Univest FY26 results coverage');
INSERT INTO metric_snapshots (ticker,snapshot_date,metric_key,metric_value,metric_unit,metric_label,status) VALUES ('BRITANNIA','2026-03-31','market_cap_cr',125575,'crore','Market Capitalisation','verified');
INSERT INTO companies (ticker,name,exchange,sector,sub_sector,compare_group,business_core,source_note,moat_note,value_chain_position,value_chain_note,as_of,fetched_at) VALUES ('GODREJCP','Godrej Consumer Products','NSE','FMCG','Home & Personal Care','FMCG','Godrej Consumer Products manufactures and sells home care products (household insecticides, air fresheners), personal care (soaps) and hair care (colorants) under well-known brands, distributed across India and a significant international footprint including Africa, Indonesia and Latin America. It is one of India''s largest home and personal care companies, with genuine geographic diversification beyond the domestic market.','Godrej Consumer Products FY26 & Q4 FY26 results coverage (InvestyWise, ScanX, Univest); Screener.in; Yahoo Finance','Decades of brand trust in Indian home and personal care categories (household insecticides, soaps, hair color), combined with genuine international distribution reach across Africa and other emerging markets that few Indian FMCG peers have replicated.','Godrej Consumer Products manufactures and sells home care, personal care and hair care products — household insecticides, soaps, air fresheners and hair colorants — through domestic retail distribution in India and a meaningful international footprint including Africa, positioning it as a branded consumer goods company with genuine geographic diversification beyond most India-focused FMCG peers.','Because a meaningful share of GCPL''s business sits outside India, particularly in Africa, its growth story is more exposed to emerging-market currency and demand volatility than domestically-focused peers like Britannia — a real structural difference in risk profile within the same FMCG sector.','FY26 (year ended 31 Mar 2026)','2026-07-03');
INSERT INTO metric_snapshots (ticker,snapshot_date,metric_key,metric_value,metric_unit,metric_label,metric_note,status) VALUES ('GODREJCP','2026-03-31','revenue_growth_pct',11,'%','Revenue Growth (Q4 YoY)',NULL,'verified');
INSERT INTO metric_snapshots (ticker,snapshot_date,metric_key,metric_value,metric_unit,metric_label,metric_note,status) VALUES ('GODREJCP','2026-03-31','volume_growth_pct',6,'%','Underlying Volume Growth (Q4)',NULL,'verified');
INSERT INTO metric_snapshots (ticker,snapshot_date,metric_key,metric_value,metric_unit,metric_label,metric_note,status) VALUES ('GODREJCP','2026-03-31','ebitda_margin_pct',21.7,'%','EBITDA Margin (Q4)',NULL,'verified');
INSERT INTO metric_snapshots (ticker,snapshot_date,metric_key,metric_value,metric_unit,metric_label,metric_note,status) VALUES ('GODREJCP','2026-03-31','roe_pct',15.1,'%','Return on Equity','Modest for the FMCG sector; Africa business headwinds have weighed on overall returns.','verified');
INSERT INTO bull_bear_cases (ticker,snapshot_date,case_type,case_text,case_order) VALUES ('GODREJCP','2026-03-31','bull','Q4 FY26 revenue grew 11% with 6% underlying volume growth and EBITDA up 10% at a healthy 21.7% margin, with the Home Care segment (household insecticides, air fresheners) delivering 12% value growth and market share gains.',1);
INSERT INTO bull_bear_cases (ticker,snapshot_date,case_type,case_text,case_order) VALUES ('GODREJCP','2026-03-31','bull','The standalone India business significantly outperformed the consolidated numbers — 10% sales growth and 8% volume growth at a 24.7% margin — showing the core domestic franchise is healthier than the group total suggests.',2);
INSERT INTO bull_bear_cases (ticker,snapshot_date,case_type,case_text,case_order) VALUES ('GODREJCP','2026-03-31','bull','The company''s ''Speedboats'' portfolio of newer, high-growth products is targeted to deliver 30%+ growth over the medium term, a genuine innovation-led growth lever beyond the mature core categories.',3);
INSERT INTO bull_bear_cases (ticker,snapshot_date,case_type,case_text,case_order) VALUES ('GODREJCP','2026-03-31','bear','FY26 PAT growth fell below the company''s own 15-18% target, with management explicitly attributing the shortfall to headwinds in the Africa business — a real geographic diversification risk, not just a domestic execution issue.',1);
INSERT INTO bull_bear_cases (ticker,snapshot_date,case_type,case_text,case_order) VALUES ('GODREJCP','2026-03-31','bear','Promoter holding has declined 10.2 percentage points over three years, and at a P/E near 46-57x depending on the period measured, the stock is priced at a premium that recent growth has struggled to fully justify.',2);
INSERT INTO bull_bear_cases (ticker,snapshot_date,case_type,case_text,case_order) VALUES ('GODREJCP','2026-03-31','bear','A significant portion of promoter shares (held by Burjis, Sohrab and Hormazd Godrej) carry legacy transfer restrictions dating to 2020, with voting rights concentrated in a single family member — a governance structure worth understanding for any long-term shareholder.',3);
INSERT INTO tech_geo_tags (ticker,label,tag_type,is_active) VALUES ('GODREJCP','Africa business headwinds caused FY26 PAT growth to fall below the company''s own 15-18% target, a geographic diversification risk distinct from purely domestic FMCG peers','risk',TRUE);
INSERT INTO tech_geo_tags (ticker,label,tag_type,is_active) VALUES ('GODREJCP','The ''Speedboats'' portfolio of newer product categories is targeted for 30%+ medium-term growth, an innovation-led lever management is betting on to reaccelerate overall growth','tailwind',TRUE);
INSERT INTO tech_geo_tags (ticker,label,tag_type,is_active) VALUES ('GODREJCP','A regulatory accounting presentation change (netting customer-related spends against revenue, per ICAI Expert Advisory Committee guidance) affects how revenue is reported from Q4 FY26 onward, though it does not change underlying EBITDA or cash flow','neutral',TRUE);
INSERT INTO chain_nodes (ticker,direction,node_name,tag,note) VALUES ('GODREJCP','upstream','Chemical & fragrance raw material suppliers',NULL,NULL);
INSERT INTO chain_nodes (ticker,direction,node_name,tag,note) VALUES ('GODREJCP','upstream','Packaging material suppliers',NULL,NULL);
INSERT INTO chain_nodes (ticker,direction,node_name,tag,note) VALUES ('GODREJCP','downstream','Domestic retail distribution across India',NULL,NULL);
INSERT INTO chain_nodes (ticker,direction,node_name,tag,note) VALUES ('GODREJCP','downstream','International markets, incl. Africa, Indonesia & Latin America','risk','Africa headwinds caused FY26 PAT growth to miss the company''s own target');
INSERT INTO chain_nodes (ticker,direction,node_name,tag,note) VALUES ('GODREJCP','downstream','Newer growth categories (''Speedboats'' portfolio)','tailwind','targeted for 30%+ medium-term growth');
INSERT INTO mgmt_profiles (ticker,promoter_pct,promoter_who,pledge_note,capital_note,as_of,source_note) VALUES ('GODREJCP',53.0,'Godrej family (Adi Godrej, Nadir Godrej and family trusts), plus corporate promoter entities Godrej Industries, Godrej Properties and Godrej Agrovet — 67 entities total','No new encumbrances in FY26; legacy FY20 transfer restrictions on shares held by Burjis, Sohrab and Hormazd Godrej remain, with voting rights vested in Nadir Godrej.','Declared a dividend of ₹5/share for FY26, more modest than some FMCG peers, reflecting continued investment in the ''Speedboats'' growth portfolio and Africa business stabilisation.','Mar 2026','Screener.in; ScanX SEBI filing coverage; InvestyWise Q4 FY26 earnings call transcript; Univest analyst coverage');
INSERT INTO metric_snapshots (ticker,snapshot_date,metric_key,metric_value,metric_unit,metric_label,status) VALUES ('GODREJCP','2026-03-31','market_cap_cr',106786,'crore','Market Capitalisation','verified');
INSERT INTO companies (ticker,name,exchange,sector,sub_sector,compare_group,business_core,source_note,moat_note,value_chain_position,value_chain_note,as_of,fetched_at) VALUES ('UNITDSPR','United Spirits','NSE','FMCG','Alcoholic Beverages','FMCG','United Spirits manufactures, bottles, markets and distributes alcoholic beverages across India, including whisky, rum, vodka, brandy and gin under more than 80 brands spanning popular to luxury price segments. As a subsidiary of global spirits leader Diageo, it combines internationally recognised brands (Johnnie Walker, Smirnoff) with market-leading India-origin brands (McDowell''s No.1, Royal Challenge, Signature), making it India''s largest alcoholic beverage company.','United Spirits FY26 & Q4 FY26 results coverage (MarketsMojo, Univest, INDmoney); Screener.in; Kotak Neo','Market leadership as India''s largest spirits company, combined with access to Diageo''s global brand portfolio and international distribution expertise — a scale and brand-access advantage that would be extremely difficult for a standalone Indian competitor to replicate.','United Spirits manufactures, bottles and distributes alcoholic beverages — whisky, rum, vodka, brandy and gin — across more than 80 brands spanning popular to luxury price segments, leveraging parent Diageo''s global brand portfolio (Johnnie Walker, Smirnoff) alongside its own India-origin brands (McDowell''s, Royal Challenge, Signature).','As a subsidiary of the world''s largest spirits company, United Spirits benefits from global brand access and international distribution relationships that a standalone Indian competitor could not easily replicate, but its category is also uniquely exposed to state-by-state Indian alcohol regulation — a patchwork of excise duties and restrictions unlike almost any other consumer category in this dataset.','FY26 (year ended 31 Mar 2026)','2026-07-03');
INSERT INTO metric_snapshots (ticker,snapshot_date,metric_key,metric_value,metric_unit,metric_label,metric_note,status) VALUES ('UNITDSPR','2026-03-31','pat_growth_pct',28.03,'%','PAT Growth (Q4 YoY)',NULL,'verified');
INSERT INTO metric_snapshots (ticker,snapshot_date,metric_key,metric_value,metric_unit,metric_label,metric_note,status) VALUES ('UNITDSPR','2026-03-31','revenue_growth_pct',3.67,'%','Revenue Growth (Q4 YoY)','Modest YoY growth; revenue fell 17.26% sequentially due to normal post-festive seasonality.','verified');
INSERT INTO metric_snapshots (ticker,snapshot_date,metric_key,metric_value,metric_unit,metric_label,metric_note,status) VALUES ('UNITDSPR','2026-03-31','roe_pct',20.74,'%','Return on Equity','Well above industry average, reflecting strong capital efficiency.','verified');
INSERT INTO metric_snapshots (ticker,snapshot_date,metric_key,metric_value,metric_unit,metric_label,metric_note,status) VALUES ('UNITDSPR','2026-03-31','pat_margin_pct',18.6,'%','PAT Margin (Q4)','Up sharply from 15.55% a year earlier.','verified');
INSERT INTO bull_bear_cases (ticker,snapshot_date,case_type,case_text,case_order) VALUES ('UNITDSPR','2026-03-31','bull','Q4 FY26 net profit surged 28.03% YoY to ₹539 crore with PAT margin expanding to 18.60% from 15.55%, reflecting genuine operational efficiency gains and effective cost management, not just favourable one-offs.',1);
INSERT INTO bull_bear_cases (ticker,snapshot_date,case_type,case_text,case_order) VALUES ('UNITDSPR','2026-03-31','bull','As India''s largest spirits company and a subsidiary of global leader Diageo, United Spirits combines an unmatched portfolio (Johnnie Walker, McDowell''s No.1, Royal Challenge, Signature, Black Dog) with the parent''s global distribution expertise and brand-building capability.',2);
INSERT INTO bull_bear_cases (ticker,snapshot_date,case_type,case_text,case_order) VALUES ('UNITDSPR','2026-03-31','bull','Return on equity of 20.74%, well above the industry average, and a stable, unchanged 56.67% promoter holding from Diageo Relay B.V. across five straight quarters reflect both strong capital efficiency and long-term parent commitment.',3);
INSERT INTO bull_bear_cases (ticker,snapshot_date,case_type,case_text,case_order) VALUES ('UNITDSPR','2026-03-31','bear','Revenue growth of just 3.67% YoY significantly lagged profit growth, and profit before tax excluding other income actually declined 7.50% versus the trailing four-quarter average — the headline profit surge looks stronger than core operating performance.',1);
INSERT INTO bull_bear_cases (ticker,snapshot_date,case_type,case_text,case_order) VALUES ('UNITDSPR','2026-03-31','bear','Interest costs more than tripled to ₹69 crore in Q4 FY26 from ₹22 crore a year earlier despite the company maintaining a net cash position, a genuinely puzzling detail worth understanding rather than dismissing.',2);
INSERT INTO bull_bear_cases (ticker,snapshot_date,case_type,case_text,case_order) VALUES ('UNITDSPR','2026-03-31','bear','The Indian alcoholic beverages industry faces persistent regulatory headwinds — state-level excise duty changes, periodic prohibition discussions, and advertising restrictions — creating an operating environment private consumer companies in less-regulated categories don''t face.',3);
INSERT INTO tech_geo_tags (ticker,label,tag_type,is_active) VALUES ('UNITDSPR','State-level excise duty increases and intensifying competition in key markets like Karnataka, Telangana and Maharashtra have periodically compressed margins, a recurring regulatory risk specific to the alcoholic beverages category','risk',TRUE);
INSERT INTO tech_geo_tags (ticker,label,tag_type,is_active) VALUES ('UNITDSPR','Rising disposable incomes and premiumisation trends support continued growth in the prestige and premium segments (Royal Challenge, Signature, Black Dog), a structural tailwind for the category','tailwind',TRUE);
INSERT INTO tech_geo_tags (ticker,label,tag_type,is_active) VALUES ('UNITDSPR','A sharp, unexplained tripling of interest costs despite a net cash position raises questions about short-term working capital or borrowing patterns worth monitoring in coming quarters','risk',TRUE);
INSERT INTO chain_nodes (ticker,direction,node_name,tag,note) VALUES ('UNITDSPR','upstream','Grain, molasses & glass bottle suppliers',NULL,NULL);
INSERT INTO chain_nodes (ticker,direction,node_name,tag,note) VALUES ('UNITDSPR','upstream','Diageo global brand licensing & distribution network',NULL,NULL);
INSERT INTO chain_nodes (ticker,direction,node_name,tag,note) VALUES ('UNITDSPR','downstream','State-regulated retail & on-trade distribution networks','risk','alcohol distribution and taxation vary significantly by Indian state');
INSERT INTO chain_nodes (ticker,direction,node_name,tag,note) VALUES ('UNITDSPR','downstream','Premium & luxury segment consumers','tailwind','premiumisation trend supports margin-accretive brand mix shift');
INSERT INTO mgmt_profiles (ticker,promoter_pct,promoter_who,pledge_note,capital_note,as_of,source_note) VALUES ('UNITDSPR',56.67,'Diageo Relay B.V. (55.88%), part of global spirits leader Diageo PLC','No pledge; promoter holding has been completely stable at 56.67% across five straight quarters.','Declared a dividend of ₹11/share for FY26, maintaining a consistent, shareholder-friendly payout policy alongside continued investment in premiumisation.','Mar 2026','Screener.in; MarketsMojo Q4 FY26 result analysis; INDmoney; Kotak Neo');
INSERT INTO metric_snapshots (ticker,snapshot_date,metric_key,metric_value,metric_unit,metric_label,status) VALUES ('UNITDSPR','2026-03-31','market_cap_cr',96694,'crore','Market Capitalisation','verified');
INSERT INTO companies (ticker,name,exchange,sector,sub_sector,compare_group,business_core,source_note,moat_note,value_chain_position,value_chain_note,as_of,fetched_at) VALUES ('VBL','Varun Beverages','NSE','FMCG','Beverages (PepsiCo Franchisee)','FMCG','Varun Beverages is PepsiCo''s largest franchisee outside the United States, manufacturing, bottling and distributing PepsiCo''s carbonated soft drinks, juices and packaged water across India and a growing footprint of international territories including Africa. It is India''s largest beverages company by market capitalisation, with a business model built on exclusive bottling rights rather than brand ownership.','Varun Beverages FY26 & Q4 FY26 results coverage (MarketsMojo, Business Standard, Kotak Neo); Screener.in','Exclusive, deeply entrenched PepsiCo bottling rights across India and expanding international territories, combined with extensive manufacturing and cold-chain distribution infrastructure that would take a new entrant many years and enormous capital to replicate.','Varun Beverages bottles, manufactures and distributes PepsiCo beverages (colas, juices, packaged water) under an exclusive franchise agreement across India and a growing set of international territories, sitting downstream of PepsiCo''s brand ownership and upstream of the retail and on-trade outlets that sell to consumers.','As a franchise bottler rather than a brand owner, VBL''s growth ceiling and brand strategy are ultimately set by PepsiCo''s global decisions, even as VBL itself controls manufacturing scale, distribution execution and geographic expansion — a structurally different position from brand-owning FMCG peers like Britannia or Godrej Consumer elsewhere in this dataset.','FY26 (year ended 31 Mar 2026)','2026-07-03');
INSERT INTO metric_snapshots (ticker,snapshot_date,metric_key,metric_value,metric_unit,metric_label,metric_note,status) VALUES ('VBL','2026-03-31','revenue_growth_pct',18.3,'%','Revenue Growth (Q4 YoY)','FY26 full-year revenue reached ₹22,693 crore.','verified');
INSERT INTO metric_snapshots (ticker,snapshot_date,metric_key,metric_value,metric_unit,metric_label,metric_note,status) VALUES ('VBL','2026-03-31','volume_growth_pct',16.3,'%','Case Volume Growth (Q4 YoY)','India +14.4%, international territories +21.4% — international growing faster than domestic.','verified');
INSERT INTO metric_snapshots (ticker,snapshot_date,metric_key,metric_value,metric_unit,metric_label,metric_note,status) VALUES ('VBL','2026-03-31','ebitda_margin_pct',23.26,'%','EBITDA Margin (Q4)','Up from 22.70% a year earlier.','verified');
INSERT INTO metric_snapshots (ticker,snapshot_date,metric_key,metric_value,metric_unit,metric_label,metric_note,status) VALUES ('VBL','2026-03-31','roe_pct',22.82,'%','Return on Equity','Among the highest in the beverages sector.','verified');
INSERT INTO bull_bear_cases (ticker,snapshot_date,case_type,case_text,case_order) VALUES ('VBL','2026-03-31','bull','Q4 FY26 (peak summer quarter) net profit grew 20.08% YoY to ₹872 crore with revenue up 18.3% and EBITDA margin expanding to 23.26%, showing that scale is translating directly into profitability, not just volume.',1);
INSERT INTO bull_bear_cases (ticker,snapshot_date,case_type,case_text,case_order) VALUES ('VBL','2026-03-31','bull','International territories grew case volume 21.4% YoY, faster than India''s 14.4%, and the company continues expanding geographically — including a full acquisition of South Africa''s Crickley Dairy and a new partnership with Asahi to launch CALPIS in India — giving VBL multiple growth vectors beyond its core PepsiCo bottling business.',2);
INSERT INTO bull_bear_cases (ticker,snapshot_date,case_type,case_text,case_order) VALUES ('VBL','2026-03-31','bull','A five-year sales CAGR of 27.27% and EBIT CAGR of 44.29%, combined with a conservative debt-to-EBITDA of ~1.13-1.30x, reflect a genuinely fast-growing, financially disciplined business — a rare combination.',3);
INSERT INTO bull_bear_cases (ticker,snapshot_date,case_type,case_text,case_order) VALUES ('VBL','2026-03-31','bear','The beverages business is highly seasonal — Q3 FY26 (winter) PAT margin compressed to just 6.18% from Q2''s 15.22%, and investors need to look at full-year, not single-quarter, numbers to judge the business properly.',1);
INSERT INTO bull_bear_cases (ticker,snapshot_date,case_type,case_text,case_order) VALUES ('VBL','2026-03-31','bear','At a P/E near 55x, the stock prices in continued rapid growth, and FII holdings have declined for two consecutive quarters (from a peak of 25.26% to under 20%), suggesting some international investors are booking profits or growing cautious at current valuations.',2);
INSERT INTO bull_bear_cases (ticker,snapshot_date,case_type,case_text,case_order) VALUES ('VBL','2026-03-31','bear','As the largest PepsiCo franchisee outside the US, VBL''s fortunes are structurally tied to a single global brand licensor — any change in that franchise relationship would be a material risk that a company with owned brands wouldn''t face.',3);
INSERT INTO tech_geo_tags (ticker,label,tag_type,is_active) VALUES ('VBL','Continued geographic expansion — including the Crickley Dairy acquisition in South Africa and a new Asahi partnership to launch CALPIS in India — diversifies VBL''s growth beyond its core PepsiCo carbonated beverages franchise','tailwind',TRUE);
INSERT INTO tech_geo_tags (ticker,label,tag_type,is_active) VALUES ('VBL','Pronounced seasonality between summer and winter quarters means single-quarter results can be highly misleading without full-year context, a structural feature of the beverages category','neutral',TRUE);
INSERT INTO tech_geo_tags (ticker,label,tag_type,is_active) VALUES ('VBL','As a franchise bottler rather than a brand owner, VBL''s long-term strategic direction remains ultimately dependent on PepsiCo''s global brand and licensing decisions','risk',TRUE);
INSERT INTO chain_nodes (ticker,direction,node_name,tag,note) VALUES ('VBL','upstream','PepsiCo brand licensing & concentrate supply',NULL,NULL);
INSERT INTO chain_nodes (ticker,direction,node_name,tag,note) VALUES ('VBL','upstream','Sugar, PET packaging & water inputs',NULL,NULL);
INSERT INTO chain_nodes (ticker,direction,node_name,tag,note) VALUES ('VBL','downstream','Retail & on-trade distribution across India',NULL,NULL);
INSERT INTO chain_nodes (ticker,direction,node_name,tag,note) VALUES ('VBL','downstream','International territories, incl. Africa','tailwind','international volume growth (21.4%) outpaced India (14.4%) in Q4 FY26');
INSERT INTO chain_nodes (ticker,direction,node_name,tag,note) VALUES ('VBL','downstream','New category expansion, incl. dairy (Crickley) and CALPIS partnership with Asahi','tailwind','diversification beyond core PepsiCo carbonated beverages');
INSERT INTO mgmt_profiles (ticker,promoter_pct,promoter_who,pledge_note,capital_note,as_of,source_note) VALUES ('VBL',59.4,'RJ Corp Limited (25.28%), Ravi Kant Jaipuria (16.71%) and Varun Jaipuria (15.43%)','No pledge flagged; promoter holding has declined modestly over three years (down 4.45%), reflecting gradual public float expansion rather than promoter selling pressure.','Declared an interim dividend of ₹0.50/share for FY26, retaining most capital for continued capacity expansion and international acquisitions like Crickley Dairy.','Mar 2026','Screener.in; MarketsMojo Q4 & Q3 FY26 result analyses; Business Standard & Kotak Neo Q4 FY26 coverage');
INSERT INTO metric_snapshots (ticker,snapshot_date,metric_key,metric_value,metric_unit,metric_label,status) VALUES ('VBL','2026-03-31','market_cap_cr',174662,'crore','Market Capitalisation','verified');


-- ---------------------------------------------------------------------------
-- SECTION 11: Healthcare (DIVISLAB, TORNTPHARM, ZYDUSLIFE)
-- ---------------------------------------------------------------------------
-- InvestorLens India — Batch 9 (Healthcare)

INSERT INTO companies (ticker,name,exchange,sector,sub_sector,compare_group,business_core,source_note,moat_note,value_chain_position,value_chain_note,as_of,fetched_at) VALUES ('DIVISLAB','Divi''s Laboratories','NSE','Pharma','API & Custom Synthesis Manufacturing','Pharma','Divi''s Laboratories manufactures active pharmaceutical ingredients (APIs), pharmaceutical intermediates and nutraceutical ingredients (carotenoids, vitamins) for global pharmaceutical and nutraceutical companies. It operates as a specialist, behind-the-scenes supplier rather than a branded drug maker, earning revenue through generic API sales, custom synthesis contract manufacturing for Big Pharma, and nutraceutical ingredient supply.','Divi''s Laboratories FY26 & Q4 FY26 results coverage (Zerodha/Reuters, Alpha Spread investor relations); Screener.in','World''s largest manufacturer for 10 major generic APIs, combined with decade-plus relationships with 12 of the top 20 global Big Pharma companies — regulatory trust, quality consistency and manufacturing complexity that took decades to build and cannot be replicated quickly.','Divi''s Laboratories sits upstream in the pharmaceutical value chain as a specialist manufacturer — it makes the active pharmaceutical ingredients (APIs) and intermediates that global pharmaceutical companies then formulate into finished, branded or generic medicines, rather than selling any drugs under its own brand.','Because Divi''s manufactures the building blocks rather than the final medicine, its fortunes are tied to global pharma companies'' sourcing and pricing decisions — both a strength (deep, long-term customer relationships with Big Pharma) and a structural exposure (generic API pricing pressure that finished-drug companies can pass upstream).','FY26 (year ended 31 Mar 2026)','2026-07-03');
INSERT INTO metric_snapshots (ticker,snapshot_date,metric_key,metric_value,metric_unit,metric_label,metric_note,status) VALUES ('DIVISLAB','2026-03-31','pat_growth_pct',13.4,'%','PAT Growth (Q4 YoY)','Driven by strong performance in custom synthesis and nutraceuticals.','verified');
INSERT INTO metric_snapshots (ticker,snapshot_date,metric_key,metric_value,metric_unit,metric_label,metric_note,status) VALUES ('DIVISLAB','2026-03-31','custom_synthesis_mix_pct',53,'%','Custom Synthesis Share of Product Mix',NULL,'verified');
INSERT INTO metric_snapshots (ticker,snapshot_date,metric_key,metric_value,metric_unit,metric_label,metric_note,status) VALUES ('DIVISLAB','2026-03-31','roe_pct',16.19,'%','Return on Equity',NULL,'verified');
INSERT INTO metric_snapshots (ticker,snapshot_date,metric_key,metric_value,metric_unit,metric_label,metric_note,status) VALUES ('DIVISLAB','2026-03-31','capex_cr',1544,'crore','Capex Capitalized (FY26)','Funding new dedicated customer projects; management expects capex to normalise next year.','verified');
INSERT INTO bull_bear_cases (ticker,snapshot_date,case_type,case_text,case_order) VALUES ('DIVISLAB','2026-03-31','bull','Q4 FY26 consolidated profit grew 13.4% YoY on strong performance in custom synthesis and nutraceuticals, with custom synthesis now contributing 53% of the product mix — a genuine shift toward higher-value, relationship-driven manufacturing rather than commodity generics.',1);
INSERT INTO bull_bear_cases (ticker,snapshot_date,case_type,case_text,case_order) VALUES ('DIVISLAB','2026-03-31','bull','Divi''s is the world''s largest API manufacturer for 10 generic APIs, exports to 100+ countries, and counts 12 of the top 20 global Big Pharma companies as customers with relationships spanning 10+ years — exceptional customer stickiness in a business built on trust and regulatory compliance.',2);
INSERT INTO bull_bear_cases (ticker,snapshot_date,case_type,case_text,case_order) VALUES ('DIVISLAB','2026-03-31','bull','Investment in next-generation technology platforms (solid phase peptide synthesis, flow chemistry, biocatalysis) has attracted strong multinational interest for GLP-1-related peptide capacity — positioning Divi''s to capture a slice of the global obesity-drug manufacturing boom.',3);
INSERT INTO bull_bear_cases (ticker,snapshot_date,case_type,case_text,case_order) VALUES ('DIVISLAB','2026-03-31','bear','Despite no production stoppages, West Asia-related logistics disruption and force majeure issues made raw material sourcing genuinely harder in Q4 FY26 — a live geopolitical supply chain risk the company had to actively manage around, not merely a theoretical one.',1);
INSERT INTO bull_bear_cases (ticker,snapshot_date,case_type,case_text,case_order) VALUES ('DIVISLAB','2026-03-31','bear','Generic segment pricing pressure and elevated freight/logistics costs have compressed gross margins for several consecutive quarters, and management has been reluctant to give a precise margin outlook, citing ongoing uncertainty.',2);
INSERT INTO bull_bear_cases (ticker,snapshot_date,case_type,case_text,case_order) VALUES ('DIVISLAB','2026-03-31','bear','At a P/E near 70x, the stock prices in continued exceptional execution, while capex remains very high (₹1,544 crore capitalized in FY26 alone) to fund new dedicated customer projects whose commercial payoff depends on customer timelines Divi''s doesn''t fully control.',3);
INSERT INTO tech_geo_tags (ticker,label,tag_type,is_active) VALUES ('DIVISLAB','West Asia-related logistics disruption made raw material sourcing harder in Q4 FY26, forcing greater reliance on domestic suppliers, though without production stoppages or revenue loss','risk',TRUE);
INSERT INTO tech_geo_tags (ticker,label,tag_type,is_active) VALUES ('DIVISLAB','Strong multinational interest in Divi''s new peptide manufacturing capacity, particularly for GLP-1-related (obesity/diabetes) projects, positions the company to benefit from one of pharma''s fastest-growing global drug categories','tailwind',TRUE);
INSERT INTO tech_geo_tags (ticker,label,tag_type,is_active) VALUES ('DIVISLAB','Persistent generic API pricing pressure globally continues to compress margins in the base generics business, even as custom synthesis and nutraceuticals partially offset the impact','risk',TRUE);
INSERT INTO chain_nodes (ticker,direction,node_name,tag,note) VALUES ('DIVISLAB','upstream','Chemical raw material suppliers, incl. domestic sourcing amid West Asia disruption','risk','geopolitical logistics disruption forced greater reliance on domestic suppliers in Q4 FY26');
INSERT INTO chain_nodes (ticker,direction,node_name,tag,note) VALUES ('DIVISLAB','upstream','Backward-integrated intermediate production, incl. Kakinada Unit 3',NULL,NULL);
INSERT INTO chain_nodes (ticker,direction,node_name,tag,note) VALUES ('DIVISLAB','downstream','Global Big Pharma companies — custom synthesis contracts',NULL,NULL);
INSERT INTO chain_nodes (ticker,direction,node_name,tag,note) VALUES ('DIVISLAB','downstream','Generic drug makers — API supply',NULL,NULL);
INSERT INTO chain_nodes (ticker,direction,node_name,tag,note) VALUES ('DIVISLAB','downstream','Food, beverage & dietary supplement manufacturers — nutraceuticals',NULL,NULL);
INSERT INTO mgmt_profiles (ticker,promoter_pct,promoter_who,pledge_note,capital_note,as_of,source_note) VALUES ('DIVISLAB',51.9,'Divi family (Murali K. Divi and family)','No pledge flagged; promoter holding stable at 51.88-51.9% across recent quarters.','Very high capex (₹1,544 crore capitalized in FY26, capital work-in-progress at ₹2,113 crore) funding new dedicated customer projects; management indicates capex should normalise next year absent new major projects.','Mar 2026','Screener.in; Zerodha; Alpha Spread investor relations coverage');
INSERT INTO metric_snapshots (ticker,snapshot_date,metric_key,metric_value,metric_unit,metric_label,status) VALUES ('DIVISLAB','2026-03-31','market_cap_cr',173762,'crore','Market Capitalisation','verified');
INSERT INTO companies (ticker,name,exchange,sector,sub_sector,compare_group,business_core,source_note,moat_note,value_chain_position,value_chain_note,as_of,fetched_at) VALUES ('TORNTPHARM','Torrent Pharmaceuticals','NSE','Pharma','Branded Generics & Generics','Pharma','Torrent Pharmaceuticals develops, manufactures and markets branded generic pharmaceutical formulations across cardiovascular, central nervous system, gastrointestinal, diabetes and other therapeutic areas, primarily in India and Brazil, alongside a generics business in regulated markets like the US and Europe. Following its January 2026 acquisition of a controlling stake in JB Chemicals & Pharmaceuticals, it has significantly expanded its scale and market presence.','Torrent Pharmaceuticals FY26 & Q4 FY26 results coverage (InvestyWise, Tickertape); Screener.in; Yahoo Finance','Strong branded generics positioning in India and Brazil built over decades, now reinforced by the JB Pharma acquisition''s complementary portfolio and manufacturing scale — brand trust with prescribing physicians that is difficult and slow for new entrants to build.','Torrent Pharmaceuticals develops, manufactures and markets branded generic and generic pharmaceutical formulations across therapeutic areas including cardiovascular, central nervous system, and diabetes, selling primarily in India and Brazil under its own brands, plus generics in regulated markets like the US and Europe — and now, following the JB Pharma acquisition, an expanded India and international branded generics footprint.','The JB Pharma acquisition is a genuine structural shift in Torrent''s value chain position — rather than only building organically, the company is now consolidating scale through M&A, which changes both its growth profile and its balance sheet risk simultaneously.','FY26 (year ended 31 Mar 2026)','2026-07-03');
INSERT INTO metric_snapshots (ticker,snapshot_date,metric_key,metric_value,metric_unit,metric_label,metric_note,status) VALUES ('TORNTPHARM','2026-03-31','revenue_growth_pct',21,'%','Revenue Growth (FY26)','Q4 alone grew 42% YoY, reflecting the JB Pharma acquisition consolidation.','verified');
INSERT INTO metric_snapshots (ticker,snapshot_date,metric_key,metric_value,metric_unit,metric_label,metric_note,status) VALUES ('TORNTPHARM','2026-03-31','pat_growth_pct',11.9,'%','PAT Growth (FY26)',NULL,'verified');
INSERT INTO metric_snapshots (ticker,snapshot_date,metric_key,metric_value,metric_unit,metric_label,metric_note,status) VALUES ('TORNTPHARM','2026-03-31','ebitda_margin_pct',32.3,'%','EBITDA Margin (Q4)',NULL,'verified');
INSERT INTO metric_snapshots (ticker,snapshot_date,metric_key,metric_value,metric_unit,metric_label,metric_note,status) VALUES ('TORNTPHARM','2026-03-31','debt_equity_pct',85.45,'%','Debt / Equity','Meaningfully leveraged, largely reflecting the JB Pharma acquisition financing.','verified');
INSERT INTO bull_bear_cases (ticker,snapshot_date,case_type,case_text,case_order) VALUES ('TORNTPHARM','2026-03-31','bull','FY26 consolidated revenue grew 21% to ₹13,980 crore with Q4 alone surging 42% YoY, driven by the acquisition of a controlling stake in JB Chemicals & Pharmaceuticals (effective January 2026) — a transformative, revenue-accretive deal, not just organic growth.',1);
INSERT INTO bull_bear_cases (ticker,snapshot_date,case_type,case_text,case_order) VALUES ('TORNTPHARM','2026-03-31','bull','Geographic growth was broad-based: India base business +15%, US +24%, Brazil +24%, and even Germany grew 10% despite supply chain challenges — strength across multiple markets, not dependent on any single region.',2);
INSERT INTO bull_bear_cases (ticker,snapshot_date,case_type,case_text,case_order) VALUES ('TORNTPHARM','2026-03-31','bull','A zero-observation US FDA inspection in April 2026 (no Form 483 issued) at a key facility signals strong regulatory compliance, particularly supportive of the oncology portfolio''s US market standing.',3);
INSERT INTO bull_bear_cases (ticker,snapshot_date,case_type,case_text,case_order) VALUES ('TORNTPHARM','2026-03-31','bear','Debt-to-equity of 85.45% is meaningfully elevated, largely a function of financing the JB Pharma acquisition — successful integration and deleveraging execution now matter as much as the underlying pharma business.',1);
INSERT INTO bull_bear_cases (ticker,snapshot_date,case_type,case_text,case_order) VALUES ('TORNTPHARM','2026-03-31','bear','The approved ₹5,000 crore QIP fundraising plan signals the company may need additional equity capital, which could dilute existing shareholders depending on how and when it''s executed.',2);
INSERT INTO bull_bear_cases (ticker,snapshot_date,case_type,case_text,case_order) VALUES ('TORNTPHARM','2026-03-31','bear','At a P/E near 72-73x, the stock already prices in successful JB Pharma integration and continued strong execution, leaving limited room for integration missteps or delays.',3);
INSERT INTO tech_geo_tags (ticker,label,tag_type,is_active) VALUES ('TORNTPHARM','The completed acquisition of a controlling stake in JB Chemicals & Pharmaceuticals (effective January 2026) is the single largest structural event in Torrent''s recent history, reshaping both its revenue base and its balance sheet','tailwind',TRUE);
INSERT INTO tech_geo_tags (ticker,label,tag_type,is_active) VALUES ('TORNTPHARM','A zero-observation US FDA inspection in April 2026 strengthens Torrent''s regulatory standing in the US market, particularly for its oncology portfolio','tailwind',TRUE);
INSERT INTO tech_geo_tags (ticker,label,tag_type,is_active) VALUES ('TORNTPHARM','Elevated leverage from the JB Pharma acquisition, combined with a planned ₹5,000 crore QIP fundraise, means integration execution and capital structure management are now as important to the investment case as underlying drug demand','risk',TRUE);
INSERT INTO chain_nodes (ticker,direction,node_name,tag,note) VALUES ('TORNTPHARM','upstream','Active pharmaceutical ingredient suppliers, incl. peers like Divi''s Laboratories elsewhere in this dataset',NULL,NULL);
INSERT INTO chain_nodes (ticker,direction,node_name,tag,note) VALUES ('TORNTPHARM','upstream','JB Chemicals & Pharmaceuticals manufacturing base, post-acquisition',NULL,NULL);
INSERT INTO chain_nodes (ticker,direction,node_name,tag,note) VALUES ('TORNTPHARM','downstream','Prescribing physicians & pharmacies — India & Brazil branded generics',NULL,NULL);
INSERT INTO chain_nodes (ticker,direction,node_name,tag,note) VALUES ('TORNTPHARM','downstream','US & European generic drug distribution',NULL,NULL);
INSERT INTO chain_nodes (ticker,direction,node_name,tag,note) VALUES ('TORNTPHARM','downstream','Co-marketing partnership with Zydus Lifesciences for semaglutide products','tailwind','a direct commercial link to a peer elsewhere in this dataset');
INSERT INTO mgmt_profiles (ticker,promoter_pct,promoter_who,pledge_note,capital_note,as_of,source_note) VALUES ('TORNTPHARM',68.3,'Torrent Group (Mehta family)','No pledge flagged in current shareholding trackers.','Declared a final dividend of ₹9/share; board approved raising up to ₹5,000 crore via QIP to support growth and manage the balance sheet following the JB Pharma acquisition.','Mar 2026','Screener.in; InvestyWise Q4 FY26 results coverage; Tickertape');
INSERT INTO metric_snapshots (ticker,snapshot_date,metric_key,metric_value,metric_unit,metric_label,status) VALUES ('TORNTPHARM','2026-03-31','market_cap_cr',158196,'crore','Market Capitalisation','verified');
INSERT INTO companies (ticker,name,exchange,sector,sub_sector,compare_group,business_core,source_note,moat_note,value_chain_position,value_chain_note,as_of,fetched_at) VALUES ('ZYDUSLIFE','Zydus Lifesciences','NSE','Pharma','Diversified Pharma & Consumer Wellness','Pharma','Zydus Lifesciences develops, manufactures and markets pharmaceutical formulations across North America generics, India branded formulations, international markets, and a growing biosimilars pipeline, alongside a distinct Consumer Wellness division selling market-leading over-the-counter brands (Glucon-D, Nycil, Sugar Free, Complan, Nutralite). It is one of India''s most diversified pharmaceutical and consumer health companies, ranking 3rd among US generic companies by prescription volume.','Zydus Lifesciences FY26 & Q4 FY26 results coverage (Business Standard, Groww, InvestyWise); Screener.in','Rare diversification across prescription generics, branded formulations, biosimilars and market-leading consumer wellness brands (Glucon-D, Sugar Free, Nycil all rank #1 in their categories) — a breadth of moats across genuinely different businesses that few pure pharmaceutical peers can match.','Zydus Lifesciences develops, manufactures and sells pharmaceutical formulations across generics (primarily North America), branded formulations (India), consumer wellness products, and international markets, alongside an increasingly important biosimilars pipeline — a diversified pharmaceutical and consumer health company spanning both prescription and over-the-counter products.','Zydus''s Consumer Wellness segment (Glucon-D, Nycil, Sugar Free, Complan, Nutralite) is an unusual feature among pure pharmaceutical companies in this dataset — it gives Zydus a direct-to-consumer branded goods business layered on top of its core prescription drug manufacturing, diversifying its value chain position beyond a typical pharma company''s B2B-heavy model.','FY26 (year ended 31 Mar 2026)','2026-07-03');
INSERT INTO metric_snapshots (ticker,snapshot_date,metric_key,metric_value,metric_unit,metric_label,metric_note,status) VALUES ('ZYDUSLIFE','2026-03-31','revenue_growth_pct',17,'%','Revenue Growth (FY26)',NULL,'verified');
INSERT INTO metric_snapshots (ticker,snapshot_date,metric_key,metric_value,metric_unit,metric_label,metric_note,status) VALUES ('ZYDUSLIFE','2026-03-31','pat_growth_pct',11,'%','PAT Growth (FY26)','Q4 alone grew a more modest 8.7% YoY.','verified');
INSERT INTO metric_snapshots (ticker,snapshot_date,metric_key,metric_value,metric_unit,metric_label,metric_note,status) VALUES ('ZYDUSLIFE','2026-03-31','us_revenue_share_pct',40,'%','North America Share of Q4 Revenue','Zydus ranks 3rd among US generic companies by prescription volume (TRx).','verified');
INSERT INTO metric_snapshots (ticker,snapshot_date,metric_key,metric_value,metric_unit,metric_label,metric_note,status) VALUES ('ZYDUSLIFE','2026-03-31','consumer_wellness_share_pct',20,'%','Consumer Wellness Share of Q4 Revenue','Includes market-leading brands Glucon-D, Sugar Free and Nycil.','verified');
INSERT INTO bull_bear_cases (ticker,snapshot_date,case_type,case_text,case_order) VALUES ('ZYDUSLIFE','2026-03-31','bull','FY26 revenue grew 17% to ₹27,148 crore with PAT up 11% to ₹5,124 crore, and the company ranks 3rd among US generic companies by prescription volume (TRx) — a genuine, improving competitive position in the world''s largest pharma market, not just a domestic growth story.',1);
INSERT INTO bull_bear_cases (ticker,snapshot_date,case_type,case_text,case_order) VALUES ('ZYDUSLIFE','2026-03-31','bull','A truly diversified business — North America formulations (40% of revenue), India formulations (24%), Consumer Wellness (20%, with #1-ranked brands like Glucon-D, Sugar Free and Nycil), and International Markets (11%) — means no single segment or geography dominates the risk profile.',2);
INSERT INTO bull_bear_cases (ticker,snapshot_date,case_type,case_text,case_order) VALUES ('ZYDUSLIFE','2026-03-31','bull','Real innovation momentum: launched Tishtha (the world''s first Nivolumab biosimilar) and Anyra (India''s first indigenous Aflibercept biosimilar), plus semaglutide injections under three brands, entering co-marketing partnerships with Lupin and Torrent Pharmaceuticals — positioning Zydus at the frontier of India''s biosimilar and obesity-drug capabilities.',3);
INSERT INTO bull_bear_cases (ticker,snapshot_date,case_type,case_text,case_order) VALUES ('ZYDUSLIFE','2026-03-31','bear','Q4 FY26 PAT growth of just 8.7% lagged the 16% revenue growth, and full-year PAT growth (11%) also trailed revenue growth (17%) — a persistent margin dilution pattern worth watching even amid otherwise strong results.',1);
INSERT INTO bull_bear_cases (ticker,snapshot_date,case_type,case_text,case_order) VALUES ('ZYDUSLIFE','2026-03-31','bear','The $166.4 million acquisition of US-based Assertio (gaining oncology drug Rolvedon and a US specialty platform) adds real integration execution risk on top of Zydus''s existing complexity across four business segments and multiple geographies.',2);
INSERT INTO bull_bear_cases (ticker,snapshot_date,case_type,case_text,case_order) VALUES ('ZYDUSLIFE','2026-03-31','bear','The Consumer Wellness segment, while market-leading in its niches, operates in mature, low-growth categories (glucose supplements, prickly heat powder, sugar substitutes) that cap the segment''s contribution to overall company growth regardless of market share dominance.',3);
INSERT INTO tech_geo_tags (ticker,label,tag_type,is_active) VALUES ('ZYDUSLIFE','Zydus''s launch of Tishtha (world''s first Nivolumab biosimilar) and Anyra (India''s first indigenous Aflibercept biosimilar) positions the company at the frontier of India''s growing biosimilars industry, a high-value, high-complexity manufacturing niche','tailwind',TRUE);
INSERT INTO tech_geo_tags (ticker,label,tag_type,is_active) VALUES ('ZYDUSLIFE','Entry into the obesity/diabetes therapy segment with semaglutide injections, including co-marketing partnerships with Lupin and Torrent Pharmaceuticals, taps directly into pharma''s fastest-growing global drug category','tailwind',TRUE);
INSERT INTO tech_geo_tags (ticker,label,tag_type,is_active) VALUES ('ZYDUSLIFE','The $166.4 million Assertio acquisition expands Zydus''s US specialty drug platform but adds cross-border integration complexity on top of an already multi-segment, multi-geography business','neutral',TRUE);
INSERT INTO chain_nodes (ticker,direction,node_name,tag,note) VALUES ('ZYDUSLIFE','upstream','Active pharmaceutical ingredient & biosimilar manufacturing inputs',NULL,NULL);
INSERT INTO chain_nodes (ticker,direction,node_name,tag,note) VALUES ('ZYDUSLIFE','upstream','Assertio (US) — recently acquired oncology drug platform',NULL,NULL);
INSERT INTO chain_nodes (ticker,direction,node_name,tag,note) VALUES ('ZYDUSLIFE','downstream','US pharmacy & prescription drug distribution — 40% of Q4 revenue',NULL,NULL);
INSERT INTO chain_nodes (ticker,direction,node_name,tag,note) VALUES ('ZYDUSLIFE','downstream','India retail pharmacy & consumer wellness distribution',NULL,NULL);
INSERT INTO chain_nodes (ticker,direction,node_name,tag,note) VALUES ('ZYDUSLIFE','downstream','Co-marketing partnership with Torrent Pharmaceuticals for semaglutide','tailwind','a direct commercial link to a peer elsewhere in this dataset');
INSERT INTO mgmt_profiles (ticker,promoter_pct,promoter_who,pledge_note,capital_note,as_of,source_note) VALUES ('ZYDUSLIFE',75.0,'Zydus Family Trust and related promoter entities','No pledge flagged; promoter group participated in a ₹1,100 crore share buyback via tender offer at ₹1,260/share, with Zydus Family Trust''s stake rising slightly from 74.96% to 74.98% post-buyback.','Completed a ₹1,100 crore share buyback via tender offer, alongside continued investment in biosimilars R&D and the $166.4 million Assertio acquisition to expand US specialty drug capabilities.','Mar 2026','Screener.in; Business Standard Q4 FY26 results coverage; Groww buyback coverage; InvestyWise');
INSERT INTO metric_snapshots (ticker,snapshot_date,metric_key,metric_value,metric_unit,metric_label,status) VALUES ('ZYDUSLIFE','2026-03-31','market_cap_cr',110701,'crore','Market Capitalisation','verified');


-- ---------------------------------------------------------------------------
-- SECTION 12: Consumer Services (DMART, INDHOTEL, NAUKRI)
-- ---------------------------------------------------------------------------
-- InvestorLens India — Batch 10 (Consumer Services)

INSERT INTO companies (ticker,name,exchange,sector,sub_sector,compare_group,business_core,source_note,moat_note,value_chain_position,value_chain_note,as_of,fetched_at) VALUES ('DMART','Avenue Supermarts (DMart)','NSE','Consumer Services','Value Retail','Consumer Services','Avenue Supermarts operates the DMart chain of value-format supermarkets across India, selling food, non-food FMCG and general merchandise & apparel under an ''Everyday Low Cost - Everyday Low Price'' strategy built on owned real estate, bulk procurement and operational efficiency. It is India''s most profitable large-format organised retailer, though it also operates DMart Ready, a still-developing e-commerce and quick-commerce-adjacent channel.','Avenue Supermarts (DMart) FY26 & Q4 FY26 results coverage (Angel One, ScanX, Univest, Multibagg AI); Screener.in','Industry-leading store-level economics from owned (not leased) real estate and disciplined bulk procurement, built over two decades and extremely difficult for a new entrant to replicate at DMart''s scale and cost structure.','Avenue Supermarts operates the DMart chain of large-format, owned-real-estate supermarkets, buying in bulk directly from manufacturers and suppliers to offer everyday low prices, then selling directly to consumers — a value-retailing model built on owning (rather than leasing) store real estate and minimising operating costs at every step.','DMart''s traditional moat — owned real estate and bulk procurement driving the lowest cost-per-unit in Indian retail — is now being tested by quick commerce players who compete on convenience and speed rather than price, forcing DMart to build out DMart Ready even though that channel doesn''t yet match its physical stores'' economics.','FY26 (year ended 31 Mar 2026)','2026-07-03');
INSERT INTO metric_snapshots (ticker,snapshot_date,metric_key,metric_value,metric_unit,metric_label,metric_note,status) VALUES ('DMART','2026-03-31','revenue_growth_pct',18.9,'%','Revenue Growth (Q4 YoY)','FY26 full-year revenue reached ₹68,821 crore.','verified');
INSERT INTO metric_snapshots (ticker,snapshot_date,metric_key,metric_value,metric_unit,metric_label,metric_note,status) VALUES ('DMART','2026-03-31','pat_growth_pct',19.18,'%','PAT Growth (Q4 YoY)','Full-year PAT growth was more modest at 9.7%.','verified');
INSERT INTO metric_snapshots (ticker,snapshot_date,metric_key,metric_value,metric_unit,metric_label,metric_note,status) VALUES ('DMART','2026-03-31','store_count',500,'stores','Store Count','Record 85 stores added in FY26, including a record 58 in Q4 alone.','verified');
INSERT INTO metric_snapshots (ticker,snapshot_date,metric_key,metric_value,metric_unit,metric_label,metric_note,status) VALUES ('DMART','2026-03-31','roe_pct',13.6,'%','Return on Equity','Modest for a stock trading near 80-85x earnings.','verified');
INSERT INTO bull_bear_cases (ticker,snapshot_date,case_type,case_text,case_order) VALUES ('DMART','2026-03-31','bull','Q4 FY26 revenue grew 18.9% and profit 19.18% YoY, with the company crossing a landmark 500-store milestone after adding a record 85 stores in FY26 — genuine, accelerating physical expansion.',1);
INSERT INTO bull_bear_cases (ticker,snapshot_date,case_type,case_text,case_order) VALUES ('DMART','2026-03-31','bull','Two-year-and-older stores grew same-store sales 10.8% in Q4, up from 8.1% a year earlier, showing DMart''s core ''Everyday Low Price'' value proposition still resonates even as quick commerce competition intensifies.',2);
INSERT INTO bull_bear_cases (ticker,snapshot_date,case_type,case_text,case_order) VALUES ('DMART','2026-03-31','bull','Management''s long-term ambition of 2,000-2,200 full-fledged stores, against just 500 today, implies a multi-decade runway for physical expansion if the model continues to work in smaller Tier 2-3 cities.',3);
INSERT INTO bull_bear_cases (ticker,snapshot_date,case_type,case_text,case_order) VALUES ('DMART','2026-03-31','bear','Same-store sales growth has structurally decelerated from 12-15% in FY22-23 to a much lower range now, as post-COVID normalisation completes — the easy growth phase appears over.',1);
INSERT INTO bull_bear_cases (ticker,snapshot_date,case_type,case_text,case_order) VALUES ('DMART','2026-03-31','bear','DMart Ready (e-commerce) remains loss-making and, as its share of revenue grows, creates a blended margin drag versus DMart''s industry-leading physical-store economics — a genuine strategic tension between defending against quick commerce and protecting margins.',2);
INSERT INTO bull_bear_cases (ticker,snapshot_date,case_type,case_text,case_order) VALUES ('DMART','2026-03-31','bear','Free cash flow turned negative and debt has risen as capex accelerates to fund store growth, while at a P/E near 80-85x, the stock prices in flawless execution with essentially no dividend to cushion any disappointment.',3);
INSERT INTO tech_geo_tags (ticker,label,tag_type,is_active) VALUES ('DMART','Intensifying quick commerce competition is reshaping Indian retail toward convenience and speed, a structural threat to DMart''s traditional value-and-bulk-buying model that management is countering with DMart Ready, still loss-making','risk',TRUE);
INSERT INTO tech_geo_tags (ticker,label,tag_type,is_active) VALUES ('DMART','A brief geopolitical-tension-driven buying spike in March 2026 temporarily boosted sales before normalising, illustrating how even a value retailer''s short-term numbers can be swayed by external shocks unrelated to its core business','neutral',TRUE);
INSERT INTO tech_geo_tags (ticker,label,tag_type,is_active) VALUES ('DMART','Deliberate expansion into smaller Tier 2-3 cities, where quick commerce competition is less intense, opens a large long-term store count runway but comes with lower per-household spending power than DMart''s established metro markets','tailwind',TRUE);
INSERT INTO chain_nodes (ticker,direction,node_name,tag,note) VALUES ('DMART','upstream','FMCG, food & general merchandise manufacturers — bulk direct procurement',NULL,NULL);
INSERT INTO chain_nodes (ticker,direction,node_name,tag,note) VALUES ('DMART','upstream','Owned real estate & store construction',NULL,NULL);
INSERT INTO chain_nodes (ticker,direction,node_name,tag,note) VALUES ('DMART','downstream','Physical retail customers across 500 stores in 17 states/UTs',NULL,NULL);
INSERT INTO chain_nodes (ticker,direction,node_name,tag,note) VALUES ('DMART','downstream','DMart Ready e-commerce customers','risk','still loss-making; margin-dilutive as its revenue share grows');
INSERT INTO chain_nodes (ticker,direction,node_name,tag,note) VALUES ('DMART','downstream','Tier 2-3 city expansion','tailwind','lower quick-commerce competition intensity, though also lower spending power per household');
INSERT INTO mgmt_profiles (ticker,promoter_pct,promoter_who,pledge_note,capital_note,as_of,source_note) VALUES ('DMART',74.5,'Radhakishan Damani and family','No pledge flagged in current shareholding trackers.','Pays no dividend, reinvesting all capital into store expansion (capex rose sharply in FY26) and continued investment in DMart Ready and the DMart miniMAX small-format concept, both still loss-making.','Mar 2026','Screener.in; Angel One & ScanX FY26 results coverage; Univest analyst coverage; Axis Securities Q3 FY26 result update');
INSERT INTO metric_snapshots (ticker,snapshot_date,metric_key,metric_value,metric_unit,metric_label,status) VALUES ('DMART','2026-03-31','market_cap_cr',260667,'crore','Market Capitalisation','verified');
INSERT INTO companies (ticker,name,exchange,sector,sub_sector,compare_group,business_core,source_note,moat_note,value_chain_position,value_chain_note,as_of,fetched_at) VALUES ('INDHOTEL','Indian Hotels Company (IHCL)','NSE','Consumer Services','Hotels & Hospitality','Consumer Services','The Indian Hotels Company (IHCL) owns, operates and manages hotels under the Taj, Vivanta, SeleQtions and Ginger brands across India and internationally, alongside adjacent hospitality businesses including F&B delivery (Qmin), boutique home stays (amã Stays & Trails) and resorts (Tree of Life). It is India''s largest and most storied hospitality company, part of the Tata Group, with an accelerating shift toward asset-light, management-fee-based growth.','Indian Hotels Company (IHCL) FY26 & Q4 FY26 results coverage (Hotelier India, MarketsMojo); Screener.in','The Taj brand''s century-plus reputation for luxury Indian hospitality, combined with an accelerating asset-light management-contract growth model that extends the brand''s reach without proportional capital investment — a durable, increasingly capital-efficient moat.','Indian Hotels Company (IHCL) owns, operates and manages hotels under the Taj, Vivanta, SeleQtions and Ginger brands, plus adjacent hospitality businesses (F&B delivery via Qmin, boutique stays via amã, resorts via Tree of Life), earning revenue from room bookings, food & beverage, and management fees on hotels it operates but doesn''t own — positioning it at the direct consumer-facing end of India''s hospitality and tourism value chain.','IHCL''s growing management-fee income (+22% in FY26) reflects a deliberate shift toward an asset-light growth model — expanding its brand footprint into hotels it manages but doesn''t own — a structurally different, higher-return growth path than the capital-intensive owned-hotel model that built the Taj brand originally.','FY26 (year ended 31 Mar 2026)','2026-07-03');
INSERT INTO metric_snapshots (ticker,snapshot_date,metric_key,metric_value,metric_unit,metric_label,metric_note,status) VALUES ('INDHOTEL','2026-03-31','revenue_growth_pct',16,'%','Revenue Growth (FY26)','FY26 consolidated revenue reached ₹9,971 crore.','verified');
INSERT INTO metric_snapshots (ticker,snapshot_date,metric_key,metric_value,metric_unit,metric_label,metric_note,status) VALUES ('INDHOTEL','2026-03-31','ebitda_margin_pct',34.9,'%','EBITDA Margin (FY26)','All-time high EBITDA of ₹3,477 crore.','verified');
INSERT INTO metric_snapshots (ticker,snapshot_date,metric_key,metric_value,metric_unit,metric_label,metric_note,status) VALUES ('INDHOTEL','2026-03-31','pat_cr',2084,'crore','PAT (FY26)','Best-ever annual profit; 16th consecutive quarter of record performance.','verified');
INSERT INTO metric_snapshots (ticker,snapshot_date,metric_key,metric_value,metric_unit,metric_label,metric_note,status) VALUES ('INDHOTEL','2026-03-31','debt_equity',0.03,'x','Debt / Equity','Dramatically deleveraged from levels above 1x just a few years ago.','verified');
INSERT INTO bull_bear_cases (ticker,snapshot_date,case_type,case_text,case_order) VALUES ('INDHOTEL','2026-03-31','bull','FY26 delivered the company''s best-ever annual PAT of ₹2,084 crore on revenue of ₹9,971 crore (+16% YoY) and an all-time high EBITDA of ₹3,477 crore — the 16th consecutive quarter of record performance, an exceptional run of consistency.',1);
INSERT INTO bull_bear_cases (ticker,snapshot_date,case_type,case_text,case_order) VALUES ('INDHOTEL','2026-03-31','bull','The balance sheet has been aggressively deleveraged, with debt-to-equity falling to a negligible 0.03x from much higher levels just a few years ago — rare financial discipline for a capital-intensive hospitality business, freeing up capacity for growth investment.',2);
INSERT INTO bull_bear_cases (ticker,snapshot_date,case_type,case_text,case_order) VALUES ('INDHOTEL','2026-03-31','bull','Diversification beyond core hotels is real and growing: Qmin (100+ F&B outlets), amã Stays & Trails (370 bungalows), and Tree of Life (34 resorts) all expanding, alongside 22% growth in management fee income — a genuine asset-light growth engine layered on top of owned-hotel operations.',3);
INSERT INTO bull_bear_cases (ticker,snapshot_date,case_type,case_text,case_order) VALUES ('INDHOTEL','2026-03-31','bear','Q4 FY26 PAT margin collapsed to 22.61% from 32.88% in Q3 FY26 — a 1,027 basis point sequential contraction — reflecting hospitality''s structural seasonality (Q3 winter travel peak vs Q4 lean season) that investors must factor into any single-quarter read.',1);
INSERT INTO bull_bear_cases (ticker,snapshot_date,case_type,case_text,case_order) VALUES ('INDHOTEL','2026-03-31','bear','Management explicitly acknowledged the West Asia conflict as a headwind during FY26, a reminder that international travel demand and hospitality revenue can be directly affected by geopolitical events outside the company''s control.',2);
INSERT INTO bull_bear_cases (ticker,snapshot_date,case_type,case_text,case_order) VALUES ('INDHOTEL','2026-03-31','bear','Rising employee costs (up to 23.74% of sales from 22.57%) alongside continued heavy capital expenditure on hotel renovation and expansion mean margin compression during any demand softening is a real, recurring risk, not a one-off.',3);
INSERT INTO tech_geo_tags (ticker,label,tag_type,is_active) VALUES ('INDHOTEL','Management explicitly cited the West Asia conflict as a FY26 headwind, directly linking Middle East geopolitical tensions to Indian hospitality demand and international travel patterns','risk',TRUE);
INSERT INTO tech_geo_tags (ticker,label,tag_type,is_active) VALUES ('INDHOTEL','Growth in management fee income (+22%) and new hotel signings reflect an accelerating shift toward an asset-light expansion model, adding hotels to the portfolio without the capital intensity of ownership','tailwind',TRUE);
INSERT INTO tech_geo_tags (ticker,label,tag_type,is_active) VALUES ('INDHOTEL','Hospitality''s structural seasonality — Q3 winter peak versus Q4 lean season — means single-quarter margin swings are a normal, recurring feature of the business rather than a sign of deteriorating fundamentals','neutral',TRUE);
INSERT INTO chain_nodes (ticker,direction,node_name,tag,note) VALUES ('INDHOTEL','upstream','Hotel real estate & renovation capex, incl. owned and leased properties',NULL,NULL);
INSERT INTO chain_nodes (ticker,direction,node_name,tag,note) VALUES ('INDHOTEL','upstream','Hotel management contracts — asset-light brand extension',NULL,NULL);
INSERT INTO chain_nodes (ticker,direction,node_name,tag,note) VALUES ('INDHOTEL','downstream','Domestic & international leisure and business travellers',NULL,NULL);
INSERT INTO chain_nodes (ticker,direction,node_name,tag,note) VALUES ('INDHOTEL','downstream','F&B delivery (Qmin) & boutique stays (amã, Tree of Life) customers',NULL,NULL);
INSERT INTO chain_nodes (ticker,direction,node_name,tag,note) VALUES ('INDHOTEL','downstream','Airline & institutional catering — 16% FY26 growth',NULL,NULL);
INSERT INTO mgmt_profiles (ticker,promoter_pct,promoter_who,pledge_note,capital_note,as_of,source_note) VALUES ('INDHOTEL',38.1,'Tata Sons and related Tata group entities','No pledge flagged in current shareholding trackers.','Proposed a dividend of 25% of consolidated PAT before exceptional items, including a special dividend commemorating IHCL''s 125th AGM; maintains a near debt-free balance sheet with ₹4,345 crore gross cash supporting continued expansion.','Mar 2026','Screener.in; MarketsMojo Q4 FY26 result analysis; Hotelier India coverage of IHCL''s own FY26 results release');
INSERT INTO metric_snapshots (ticker,snapshot_date,metric_key,metric_value,metric_unit,metric_label,status) VALUES ('INDHOTEL','2026-03-31','market_cap_cr',102537,'crore','Market Capitalisation','verified');
INSERT INTO companies (ticker,name,exchange,sector,sub_sector,compare_group,business_core,source_note,moat_note,value_chain_position,value_chain_note,as_of,fetched_at) VALUES ('NAUKRI','Info Edge (Naukri)','NSE','Consumer Services','Online Classifieds & Marketplaces','Consumer Services','Info Edge (India) operates India''s leading online classifieds platforms — Naukri.com (recruitment), 99acres.com (real estate), Jeevansathi.com (matrimony) and Shiksha.com (education) — while also functioning as an active startup investor and incubator, holding significant stakes in companies including Eternal (Zomato) and PolicyBazaar. Founded by Sanjeev Bikhchandani in 1995, it pioneered India''s internet classifieds industry.','Info Edge FY26 & Q4 FY26 results coverage (Upstox, Storyboard18, Tickertape); Choice & Tijori Finance shareholding data; Bajaj Finserv company history','Category-leading network effects across Naukri''s 115-million-resume database and dominant brand recall in recruitment, reinforced by a two-decade head start and a startup investment track record (including an early stake in Eternal/Zomato) that gives Info Edge insight into and capital exposure to India''s broader digital economy.','Info Edge operates a portfolio of online classifieds and marketplace platforms — Naukri (recruitment), 99acres (real estate), Jeevansathi (matrimony), and Shiksha (education) — connecting job seekers, property buyers, and consumers with employers, property listings and educational institutions, while also acting as an investment holding vehicle for stakes in startups it has incubated or funded, most notably Eternal (Zomato).','Info Edge''s dual identity — an operating classifieds business plus a startup investment arm — means its value chain position spans both a direct-to-consumer digital marketplace and an indirect stake in companies like Eternal, already present elsewhere in this dataset, creating a real financial link between two companies that look unrelated on the surface.','FY26 (year ended 31 Mar 2026)','2026-07-03');
INSERT INTO metric_snapshots (ticker,snapshot_date,metric_key,metric_value,metric_unit,metric_label,metric_note,status) VALUES ('NAUKRI','2026-03-31','recruitment_revenue_growth_pct',12.05,'%','Recruitment Revenue Growth (Q4 YoY)','Naukri remains the largest contributor to overall revenue growth.','verified');
INSERT INTO metric_snapshots (ticker,snapshot_date,metric_key,metric_value,metric_unit,metric_label,metric_note,status) VALUES ('NAUKRI','2026-03-31','annual_pat_growth_pct',9,'%','Consolidated PAT Growth (FY26)','FY26 profit reached ₹2,121 crore; quarterly profit is volatile due to investment gains/losses on stakes like Eternal (Zomato).','verified');
INSERT INTO metric_snapshots (ticker,snapshot_date,metric_key,metric_value,metric_unit,metric_label,metric_note,status) VALUES ('NAUKRI','2026-03-31','naukri_resume_db_mn',115,'million','Naukri Resume Database Size','Growing by ~21,000 resumes added daily.','verified');
INSERT INTO metric_snapshots (ticker,snapshot_date,metric_key,metric_value,metric_unit,metric_label,metric_note,status) VALUES ('NAUKRI','2026-03-31','dividend_growth_pct',40,'%','Total FY26 Dividend Growth','Reflects management''s stated focus on increased cash returns to shareholders.','verified');
INSERT INTO bull_bear_cases (ticker,snapshot_date,case_type,case_text,case_order) VALUES ('NAUKRI','2026-03-31','bull','The core Recruitment Solutions business (Naukri) remains a clear earnings engine with ~40% operating margins and durable monetisation, backed by a database of 115 million resumes growing by ~21,000 daily — a genuine, hard-to-replicate data and network moat.',1);
INSERT INTO bull_bear_cases (ticker,snapshot_date,case_type,case_text,case_order) VALUES ('NAUKRI','2026-03-31','bull','99acres and Jeevansathi both continued gaining market share and strengthening their positions in FY26, with 99acres'' web traffic time-share rising to 49% — real evidence of category leadership beyond just the flagship Naukri brand.',2);
INSERT INTO bull_bear_cases (ticker,snapshot_date,case_type,case_text,case_order) VALUES ('NAUKRI','2026-03-31','bull','Total FY26 dividend payout rose 40%, reflecting management''s explicit commitment to increased cash returns to shareholders even while continuing to fund AI investment and new product development.',3);
INSERT INTO bull_bear_cases (ticker,snapshot_date,case_type,case_text,case_order) VALUES ('NAUKRI','2026-03-31','bear','Recruitment billings growth decelerated materially after a strong FY25, and the Naukri Gulf business specifically slowed due to geopolitical headwinds in the Middle East, after delivering 20%+ growth in the first nine months of the year — a real, current external risk to a core growth driver.',1);
INSERT INTO bull_bear_cases (ticker,snapshot_date,case_type,case_text,case_order) VALUES ('NAUKRI','2026-03-31','bear','The education business (Shiksha) saw billings decline 13% YoY even as revenue grew, driven partly by AI-driven changes in how students search for education content online — a structural disruption risk specific to that vertical.',2);
INSERT INTO bull_bear_cases (ticker,snapshot_date,case_type,case_text,case_order) VALUES ('NAUKRI','2026-03-31','bear','Info Edge''s reported quarterly profit is heavily distorted by investment gains and losses on its stakes in companies like Eternal (Zomato) and PolicyBazaar, making quarter-to-quarter profit comparisons genuinely difficult to interpret without separating the core classifieds business from the investment portfolio.',3);
INSERT INTO tech_geo_tags (ticker,label,tag_type,is_active) VALUES ('NAUKRI','Geopolitical headwinds in the Middle East slowed the Naukri Gulf recruitment business in Q4 FY26, after 20%+ growth in the first nine months of the year, directly linking regional tensions to a core India-adjacent revenue stream','risk',TRUE);
INSERT INTO tech_geo_tags (ticker,label,tag_type,is_active) VALUES ('NAUKRI','AI-driven changes in how students search for educational content online are disrupting the Shiksha business, causing billings to decline even as reported revenue grew — an early signal of AI''s disruptive effect on traditional lead-generation business models','risk',TRUE);
INSERT INTO tech_geo_tags (ticker,label,tag_type,is_active) VALUES ('NAUKRI','Info Edge''s dating platform Aisle grew more than 30% in Q4 FY26, a small but genuinely fast-growing new vertical beyond the company''s four established classifieds businesses','tailwind',TRUE);
INSERT INTO chain_nodes (ticker,direction,node_name,tag,note) VALUES ('NAUKRI','upstream','Employer, property-lister & institution customers posting listings',NULL,NULL);
INSERT INTO chain_nodes (ticker,direction,node_name,tag,note) VALUES ('NAUKRI','upstream','AI & technology investment for matching and search improvements',NULL,NULL);
INSERT INTO chain_nodes (ticker,direction,node_name,tag,note) VALUES ('NAUKRI','downstream','Job seekers, property buyers, matrimony & education-seeking consumers',NULL,NULL);
INSERT INTO chain_nodes (ticker,direction,node_name,tag,note) VALUES ('NAUKRI','downstream','Startup investment portfolio, incl. a stake in Eternal (Zomato)','tailwind','a direct financial link to a peer already in this dataset');
INSERT INTO chain_nodes (ticker,direction,node_name,tag,note) VALUES ('NAUKRI','downstream','Naukri Gulf & international recruitment markets','risk','growth slowed due to Middle East geopolitical headwinds in Q4 FY26');
INSERT INTO mgmt_profiles (ticker,promoter_pct,promoter_who,pledge_note,capital_note,as_of,source_note) VALUES ('NAUKRI',37.59,'Sanjeev Bikhchandani (Founder, ~24.15%) and Hitesh Oberoi (CEO, ~4.94%), plus family entities','No pledge flagged in current shareholding trackers.','Recommended a final dividend of ₹3.60/share, taking total FY26 payout up 40% YoY, alongside continued AI investment in matching technology and new product development expected to add incremental revenue over a multi-year horizon.','Mar/Apr 2026','Screener.in; Choice & Tijori Finance shareholding data; Info Edge SEBI shareholding filing; Storyboard18 & Tickertape Q4 FY26 results coverage');
INSERT INTO metric_snapshots (ticker,snapshot_date,metric_key,metric_value,metric_unit,metric_label,status) VALUES ('NAUKRI','2026-03-31','market_cap_cr',64424,'crore','Market Capitalisation','verified');


-- ---------------------------------------------------------------------------
-- SECTION 13: Metals, Cement, Chemicals (HINDZINC, JINDALSTEL, VEDL, AMBUJACEM, SHREECEM, SOLARINDS)
-- ---------------------------------------------------------------------------
-- InvestorLens India — Batch 11 (Metals, Cement, Chemicals)

INSERT INTO companies (ticker,name,exchange,sector,sub_sector,compare_group,business_core,source_note,moat_note,value_chain_position,value_chain_note,as_of,fetched_at) VALUES ('HINDZINC','Hindustan Zinc','NSE','Metals & Mining','Zinc, Lead & Silver Mining','Metals & Mining','Hindustan Zinc mines and refines zinc, lead and silver from integrated operations in Rajasthan, selling refined metal domestically and internationally. It is the world''s largest integrated zinc producer and among the top global silver producers, operating as a majority-owned subsidiary of Vedanta Limited, with the Government of India holding a significant minority stake.','Hindustan Zinc FY26 & Q4 FY26 results coverage (Sahi, Univest, MarketsMojo, Upstox); Screener.in','World''s largest integrated zinc producer with a best-in-class, low-cost operating structure and decades of mining rights across Rajasthan''s Zawar, Rajpura Dariba, Kayad, Rampura Agucha and Sindesar Khurd mines — scale and resource access that would take a competitor decades to replicate.','Hindustan Zinc mines zinc, lead and silver ore, then smelts and refines it into finished metal, selling into steel galvanisation (zinc''s primary end-use), battery and industrial applications (lead), and jewellery, electronics and solar/EV manufacturing (silver) — an integrated upstream-to-refined-metal producer rather than a pure miner.','As a majority-owned subsidiary of Vedanta Limited, Hindustan Zinc''s capital allocation — including how much cash gets paid out as dividends versus reinvested — is significantly influenced by its parent''s own financial needs, a structural governance dynamic that doesn''t apply to standalone metals companies.','FY26 (year ended 31 Mar 2026)','2026-07-03');
INSERT INTO metric_snapshots (ticker,snapshot_date,metric_key,metric_value,metric_unit,metric_label,metric_note,status) VALUES ('HINDZINC','2026-03-31','revenue_growth_pct',19.8,'%','Revenue Growth (FY26)','FY26 revenue reached ₹40,844 crore; Q4 alone grew 49% YoY.','verified');
INSERT INTO metric_snapshots (ticker,snapshot_date,metric_key,metric_value,metric_unit,metric_label,metric_note,status) VALUES ('HINDZINC','2026-03-31','pat_growth_pct',33.6,'%','PAT Growth (FY26)','Record FY26 PAT of ₹13,832 crore; Q4 alone grew 68% YoY.','verified');
INSERT INTO metric_snapshots (ticker,snapshot_date,metric_key,metric_value,metric_unit,metric_label,metric_note,status) VALUES ('HINDZINC','2026-03-31','silver_revenue_growth_pct',61,'%','Silver Revenue Growth (FY26)','Silver EBIT nearly matched the entire zinc-lead segment''s profit contribution in Q4 — the real driver behind this year''s results.','verified');
INSERT INTO metric_snapshots (ticker,snapshot_date,metric_key,metric_value,metric_unit,metric_label,metric_note,status) VALUES ('HINDZINC','2026-03-31','net_debt_equity',0.36,'x','Debt / Equity','Improved sharply from 0.80x a year earlier.','verified');
INSERT INTO bull_bear_cases (ticker,snapshot_date,case_type,case_text,case_order) VALUES ('HINDZINC','2026-03-31','bull','Record FY26 PAT of ₹13,832 crore (+33.6% YoY) and Q4 EBITDA margin of 57% reflect exceptional operating leverage, with net worth growing 70% in a single year driven almost entirely by retained earnings.',1);
INSERT INTO bull_bear_cases (ticker,snapshot_date,case_type,case_text,case_order) VALUES ('HINDZINC','2026-03-31','bull','Silver, not zinc, was the real story: FY26 silver revenue grew 61% to ₹9,841 crore on a global price surge (industrial demand from solar, EVs and electronics, plus safe-haven buying), with Q4 silver EBIT of ₹3,396 crore roughly matching the entire zinc-lead business''s profit.',2);
INSERT INTO bull_bear_cases (ticker,snapshot_date,case_type,case_text,case_order) VALUES ('HINDZINC','2026-03-31','bull','Debt-to-equity improved sharply to 0.36x from 0.80x, and the company is targeting a doubling of metal production to 2 MTPA by 2030, backed by a strong pipeline including roaster and fertiliser plant projects and new critical minerals bidding.',3);
INSERT INTO bull_bear_cases (ticker,snapshot_date,case_type,case_text,case_order) VALUES ('HINDZINC','2026-03-31','bear','Parent Vedanta Limited has been extracting aggressive special dividends from Hindustan Zinc (over ₹8,000 crore in FY25-26 alone) to help service its own group debt — minority shareholders, including the Government of India, have raised concerns this prioritises the parent''s needs over long-term reinvestment in the subsidiary.',1);
INSERT INTO bull_bear_cases (ticker,snapshot_date,case_type,case_text,case_order) VALUES ('HINDZINC','2026-03-31','bear','Promoter Vedanta has been steadily reducing its stake (from 63.42% to 60.71% over the year), which some analysts read as a signal of monetising near peak valuations rather than long-term conviction.',2);
INSERT INTO bull_bear_cases (ticker,snapshot_date,case_type,case_text,case_order) VALUES ('HINDZINC','2026-03-31','bear','Mining royalties rose 47% YoY in Q4 as they scale directly with metal prices — an unavoidable cost drag that grows precisely when the business looks most profitable, and the exceptional Q4 growth rate is unlikely to repeat if global zinc or silver prices normalise.',3);
INSERT INTO tech_geo_tags (ticker,label,tag_type,is_active) VALUES ('HINDZINC','A global silver price surge, driven by industrial demand from solar, EVs and electronics plus safe-haven buying, has made silver roughly as profitable as the entire zinc-lead business for Hindustan Zinc — India''s largest silver producer','tailwind',TRUE);
INSERT INTO tech_geo_tags (ticker,label,tag_type,is_active) VALUES ('HINDZINC','Parent Vedanta''s pattern of extracting large special dividends to service its own debt has drawn minority shareholder concern about whether Hindustan Zinc is being managed for long-term value creation or short-term cash extraction','risk',TRUE);
INSERT INTO tech_geo_tags (ticker,label,tag_type,is_active) VALUES ('HINDZINC','Short-seller allegations against Vedanta group entities, including Hindustan Zinc, remain unresolved; auditors signed off without qualification and management calls them baseless, but the matter is worth continued monitoring','neutral',TRUE);
INSERT INTO chain_nodes (ticker,direction,node_name,tag,note) VALUES ('HINDZINC','upstream','Zawar, Rajpura Dariba, Kayad, Rampura Agucha & Sindesar Khurd mines (Rajasthan)',NULL,NULL);
INSERT INTO chain_nodes (ticker,direction,node_name,tag,note) VALUES ('HINDZINC','upstream','Smelting & refining operations',NULL,NULL);
INSERT INTO chain_nodes (ticker,direction,node_name,tag,note) VALUES ('HINDZINC','downstream','Steel industry — zinc for galvanisation',NULL,NULL);
INSERT INTO chain_nodes (ticker,direction,node_name,tag,note) VALUES ('HINDZINC','downstream','Solar, EV & electronics manufacturers — silver demand','tailwind','the primary driver of FY26''s exceptional results');
INSERT INTO chain_nodes (ticker,direction,node_name,tag,note) VALUES ('HINDZINC','downstream','Parent Vedanta Limited — dividend upstreaming','risk','large special dividends to Vedanta have drawn minority shareholder concern');
INSERT INTO mgmt_profiles (ticker,promoter_pct,promoter_who,pledge_note,capital_note,as_of,source_note) VALUES ('HINDZINC',60.71,'Vedanta Limited','No pledge flagged; promoter (Vedanta) has been reducing its stake, down from 63.42% to 60.71% over the past year.','Declared an early FY27 interim dividend of ₹11/share (₹4,648 crore total, of which Vedanta receives ~₹2,821 crore as majority owner); simultaneously funding mine expansion toward a 2 MTPA production target by 2030.','Mar 2026','Screener.in; Sahi & Univest FY26 results analysis; DSIJ & Upstox coverage');
INSERT INTO metric_snapshots (ticker,snapshot_date,metric_key,metric_value,metric_unit,metric_label,status) VALUES ('HINDZINC','2026-03-31','market_cap_cr',223371,'crore','Market Capitalisation','verified');
INSERT INTO companies (ticker,name,exchange,sector,sub_sector,compare_group,business_core,source_note,moat_note,value_chain_position,value_chain_note,as_of,fetched_at) VALUES ('JINDALSTEL','Jindal Steel','NSE','Metals & Mining','Integrated Steel','Metals & Mining','Jindal Steel manufactures and sells steel products across flat and long categories, with integrated captive iron ore, thermal coal and coking coal mining operations that secure raw material supply and provide cost advantages. Recently renamed from Jindal Steel & Power after separating its power business, it is one of India''s major integrated steel producers, undergoing a significant capacity expansion at its Angul facility.','Jindal Steel FY26 & Q4 FY26 results coverage (InvestyWise, MarketsMojo); Screener.in; company Q4 FY26 earnings presentation','Vertical integration across captive iron ore, thermal coal and coking coal mining feeding directly into steelmaking, combined with a newly doubled capacity base at Angul — raw material security and scale that pure steelmakers without captive mines cannot match on cost.','Jindal Steel mines its own iron ore, coal and coking coal, then converts these raw materials into finished steel products (flats and longs) at its integrated plants, selling to construction, infrastructure and industrial customers — a vertically integrated model that captures value from raw material extraction through to finished steel.','The company''s captive mining operations for iron ore, thermal coal and coking coal reduce its exposure to volatile global raw material markets compared to steel producers that must buy these inputs externally, a structural cost advantage reinforced by the recently completed Angul capacity doubling.','FY26 (year ended 31 Mar 2026)','2026-07-03');
INSERT INTO metric_snapshots (ticker,snapshot_date,metric_key,metric_value,metric_unit,metric_label,metric_note,status) VALUES ('JINDALSTEL','2026-03-31','production_growth_pct',14,'%','Production Growth (FY26)','FY26 production reached 9.25 million tonnes; sales grew 9% to 8.68 million tonnes.','verified');
INSERT INTO metric_snapshots (ticker,snapshot_date,metric_key,metric_value,metric_unit,metric_label,metric_note,status) VALUES ('JINDALSTEL','2026-03-31','ebitda_per_tonne',10482,'₹/tonne','Adjusted EBITDA per Tonne','FY26 adjusted EBITDA of ₹9,099 crore.','verified');
INSERT INTO metric_snapshots (ticker,snapshot_date,metric_key,metric_value,metric_unit,metric_label,metric_note,status) VALUES ('JINDALSTEL','2026-03-31','pat_growth_pct',18,'%','PAT Growth (FY26)','Q4 alone saw a 448% sequential surge from a weak Q3, though YoY comparisons are distorted by an exceptional prior-year base.','verified');
INSERT INTO metric_snapshots (ticker,snapshot_date,metric_key,metric_value,metric_unit,metric_label,metric_note,status) VALUES ('JINDALSTEL','2026-03-31','net_debt_ebitda',1.5,'x','Net Debt / EBITDA Target','Company''s stated ceiling for this ratio as it pursues continued deleveraging.','verified');
INSERT INTO bull_bear_cases (ticker,snapshot_date,case_type,case_text,case_order) VALUES ('JINDALSTEL','2026-03-31','bull','The Angul facility expansion from 6.0 to 12.0 MTPA was successfully completed in FY26, doubling capacity at the company''s key growth site, alongside the successful ramp-up of the 1,050 MW captive Shree Bhoomi Power Plant.',1);
INSERT INTO bull_bear_cases (ticker,snapshot_date,case_type,case_text,case_order) VALUES ('JINDALSTEL','2026-03-31','bull','FY26 production of 9.25 million tonnes (+14% YoY) met guidance despite a volatile global demand environment, with captive iron ore, thermal coal and coking coal mines reinforcing raw material security and cost advantages across the value chain.',2);
INSERT INTO bull_bear_cases (ticker,snapshot_date,case_type,case_text,case_order) VALUES ('JINDALSTEL','2026-03-31','bull','The company is pursuing genuine AI-driven operational transformation — including ''JARVIS'' for real-time visibility and autonomous plant initiatives at Raigarh and Angul — aimed at optimising production planning, safety and supply chain reliability.',3);
INSERT INTO bull_bear_cases (ticker,snapshot_date,case_type,case_text,case_order) VALUES ('JINDALSTEL','2026-03-31','bear','Q4 FY26 profit of ₹1,044.75 crore, while a dramatic sequential recovery from a weak Q3, actually declined sharply on a year-on-year basis versus an exceptionally strong prior-year quarter — the headline growth narrative depends heavily on which comparison period is used.',1);
INSERT INTO bull_bear_cases (ticker,snapshot_date,case_type,case_text,case_order) VALUES ('JINDALSTEL','2026-03-31','bear','10.91% of promoter shares are pledged, a real liquidity and governance signal worth monitoring even though overall promoter holding (62.7%) has remained stable.',2);
INSERT INTO bull_bear_cases (ticker,snapshot_date,case_type,case_text,case_order) VALUES ('JINDALSTEL','2026-03-31','bear','Return on equity of just 9.84% over the past three years is modest for a capital-intensive steel producer that has invested heavily in expansion, and FY26 capital expenditure exceeded operating cash flow, requiring debt funding for growth.',3);
INSERT INTO tech_geo_tags (ticker,label,tag_type,is_active) VALUES ('JINDALSTEL','Global trade uncertainty and a volatile demand environment created headwinds throughout FY26, even as the company still met its production guidance through captive raw material security and operational discipline','risk',TRUE);
INSERT INTO tech_geo_tags (ticker,label,tag_type,is_active) VALUES ('JINDALSTEL','The completed Angul expansion (6 to 12 MTPA) and successful Shree Bhoomi captive power plant ramp-up materially increase both capacity and cost competitiveness heading into FY27','tailwind',TRUE);
INSERT INTO tech_geo_tags (ticker,label,tag_type,is_active) VALUES ('JINDALSTEL','AI-driven initiatives like ''JARVIS'' and autonomous plant operations at Raigarh and Angul represent a genuine operational technology upgrade aimed at safety, efficiency and supply chain reliability','tailwind',TRUE);
INSERT INTO chain_nodes (ticker,direction,node_name,tag,note) VALUES ('JINDALSTEL','upstream','Captive iron ore, thermal coal & coking coal mines',NULL,NULL);
INSERT INTO chain_nodes (ticker,direction,node_name,tag,note) VALUES ('JINDALSTEL','upstream','Angul integrated steel facility (recently expanded to 12 MTPA)',NULL,NULL);
INSERT INTO chain_nodes (ticker,direction,node_name,tag,note) VALUES ('JINDALSTEL','downstream','Construction & infrastructure steel customers',NULL,NULL);
INSERT INTO chain_nodes (ticker,direction,node_name,tag,note) VALUES ('JINDALSTEL','downstream','Value-added flat steel products — 61% of Q4 FY26 sales mix',NULL,NULL);
INSERT INTO chain_nodes (ticker,direction,node_name,tag,note) VALUES ('JINDALSTEL','downstream','Export & domestic industrial steel buyers',NULL,NULL);
INSERT INTO mgmt_profiles (ticker,promoter_pct,promoter_who,pledge_note,capital_note,as_of,source_note) VALUES ('JINDALSTEL',62.7,'Jindal family, via OPJ Trading Private Limited (18.47%) and other promoter entities','10.91% of promoter shares are pledged, a factor worth monitoring despite otherwise stable promoter holding.','Invested ₹9,574-12,322 crore in FY26 capex (source estimates vary) for the Angul expansion and raw material integration; targets keeping net debt/EBITDA below 1.5x while pursuing continued growth.','Mar 2026','Screener.in; MarketsMojo Q4 FY26 result analysis; company Q4 FY26 earnings presentation');
INSERT INTO metric_snapshots (ticker,snapshot_date,metric_key,metric_value,metric_unit,metric_label,status) VALUES ('JINDALSTEL','2026-03-31','market_cap_cr',104947,'crore','Market Capitalisation','verified');
INSERT INTO companies (ticker,name,exchange,sector,sub_sector,compare_group,business_core,source_note,moat_note,value_chain_position,value_chain_note,as_of,fetched_at) VALUES ('VEDL','Vedanta Limited','NSE','Metals & Mining','Diversified Natural Resources','Metals & Mining','Vedanta Limited is India''s leading diversified natural resources company, historically spanning zinc, aluminium, oil & gas, power and iron & steel. In FY26, Vedanta completed one of the largest corporate restructurings in Indian corporate history, demerging its aluminium, oil & gas, power, and iron & steel businesses into separately listed entities, leaving the remaining Vedanta Limited more narrowly focused, while it continues to hold a majority stake in separately-listed Hindustan Zinc.','Vedanta FY26 & Q4 FY26 results coverage (Tickertape); Screener.in','Majority ownership of Hindustan Zinc, the world''s largest integrated zinc producer, remains Vedanta''s core enduring asset post-demerger — a stake built over decades that would be effectively impossible to reassemble today.','Following the FY26 demerger, Vedanta Limited''s most significant remaining asset is its majority stake in Hindustan Zinc, alongside residual natural resources operations; the aluminium, oil & gas, power and iron & steel businesses that once made Vedanta a fully diversified conglomerate now operate as independent, separately listed companies.','Vedanta''s relationship with Hindustan Zinc is now the central value chain link for the parent company — dividends flowing up from Hindustan Zinc to Vedanta (and from Vedanta further up to Twin Star Holdings and ultimately Vedanta Resources) are a direct, quantifiable financial connection between two companies in this dataset.','FY26 (year ended 31 Mar 2026)','2026-07-03');
INSERT INTO metric_snapshots (ticker,snapshot_date,metric_key,metric_value,metric_unit,metric_label,metric_note,status) VALUES ('VEDL','2026-03-31','revenue_growth_pct',47.48,'%','Revenue Growth (Q4 YoY)','Q4 FY26 revenue of ₹24,609 crore; FY26 full-year revenue reached ₹78,437 crore.','verified');
INSERT INTO metric_snapshots (ticker,snapshot_date,metric_key,metric_value,metric_unit,metric_label,metric_note,status) VALUES ('VEDL','2026-03-31','pat_growth_pct',88.51,'%','PAT Growth (Q4 YoY)','Q4 FY26 consolidated net profit of ₹9,352 crore.','verified');
INSERT INTO metric_snapshots (ticker,snapshot_date,metric_key,metric_value,metric_unit,metric_label,metric_note,status) VALUES ('VEDL','2026-03-31','promoter_pct_ref',56.38,'%','Promoter Group Holding (context metric)','Twin Star Holdings alone holds 40.02%; also recorded in the management profile.','verified');
INSERT INTO metric_snapshots (ticker,snapshot_date,metric_key,metric_value,metric_unit,metric_label,metric_note,status) VALUES ('VEDL','2026-03-31','market_cap_growth_pct',62.6,'%','Market Cap Growth (1-Year)','Reflects value unlocked through the FY26 demerger, though tempered by recent promoter share-sale news.','verified');
INSERT INTO bull_bear_cases (ticker,snapshot_date,case_type,case_text,case_order) VALUES ('VEDL','2026-03-31','bull','Q4 FY26 consolidated net profit surged 88.51% YoY to ₹9,352 crore on 47.48% revenue growth, and the completed demerger of aluminium, oil & gas, power and iron & steel into separately listed entities has been credited with unlocking real shareholder value — market cap grew 62.6% over the past year.',1);
INSERT INTO bull_bear_cases (ticker,snapshot_date,case_type,case_text,case_order) VALUES ('VEDL','2026-03-31','bull','The remaining Vedanta Limited retains a majority stake in Hindustan Zinc, a genuinely high-quality, high-margin business elsewhere in this dataset, giving continuing shareholders direct exposure to the zinc-silver story without the complexity of the pre-demerger conglomerate structure.',2);
INSERT INTO bull_bear_cases (ticker,snapshot_date,case_type,case_text,case_order) VALUES ('VEDL','2026-03-31','bull','The demerger itself created independent, sector-focused entities that can now be valued and managed on their own merits, addressing a long-standing conglomerate discount that affected the pre-restructuring Vedanta.',3);
INSERT INTO bull_bear_cases (ticker,snapshot_date,case_type,case_text,case_order) VALUES ('VEDL','2026-03-31','bear','Promoter entity Twin Star Holdings was reported to be offloading up to 6.5 crore shares via block deal at a discount to the prevailing price just weeks after the demerger completed — the stock crashed 7.76% in a single session on this news, a genuinely current and material promoter-selling event.',1);
INSERT INTO bull_bear_cases (ticker,snapshot_date,case_type,case_text,case_order) VALUES ('VEDL','2026-03-31','bear','Screening tools flag that Vedanta may be capitalising interest costs, an accounting practice that can make reported profitability look stronger than underlying cash generation — worth independent scrutiny.',2);
INSERT INTO bull_bear_cases (ticker,snapshot_date,case_type,case_text,case_order) VALUES ('VEDL','2026-03-31','bear','Post-demerger, Vedanta Limited''s business scope and historical financial comparisons are fundamentally altered, making it genuinely difficult to assess the ''new'' Vedanta against its own multi-year track record without careful adjustment for what businesses have been spun off.',3);
INSERT INTO tech_geo_tags (ticker,label,tag_type,is_active) VALUES ('VEDL','The completed FY26 demerger into separately listed aluminium, oil & gas, power and iron & steel entities is one of the largest corporate restructurings in Indian history, fundamentally reshaping what ''Vedanta Limited'' now represents as an investment','neutral',TRUE);
INSERT INTO tech_geo_tags (ticker,label,tag_type,is_active) VALUES ('VEDL','Promoter entity Twin Star Holdings'' reported share sale, just weeks after the demerger, triggered a sharp single-day stock decline and raises questions about near-term promoter conviction even as the group highlights long-term value creation','risk',TRUE);
INSERT INTO tech_geo_tags (ticker,label,tag_type,is_active) VALUES ('VEDL','Continuing majority ownership of Hindustan Zinc means Vedanta''s own results remain closely tied to global zinc and silver prices, the same commodity exposure driving Hindustan Zinc''s results elsewhere in this dataset','neutral',TRUE);
INSERT INTO chain_nodes (ticker,direction,node_name,tag,note) VALUES ('VEDL','upstream','Majority stake in Hindustan Zinc','tailwind','the core remaining high-quality asset post-demerger');
INSERT INTO chain_nodes (ticker,direction,node_name,tag,note) VALUES ('VEDL','upstream','Residual natural resources operations not yet demerged',NULL,NULL);
INSERT INTO chain_nodes (ticker,direction,node_name,tag,note) VALUES ('VEDL','downstream','Dividend upstreaming to Twin Star Holdings & Vedanta Resources','risk','group-level debt servicing needs influence capital allocation decisions');
INSERT INTO chain_nodes (ticker,direction,node_name,tag,note) VALUES ('VEDL','downstream','Independently listed demerged entities (aluminium, oil & gas, power, iron & steel)',NULL,NULL);
INSERT INTO mgmt_profiles (ticker,promoter_pct,promoter_who,pledge_note,capital_note,as_of,source_note) VALUES ('VEDL',56.38,'Twin Star Holdings (40.02%) and the broader Vedanta Resources promoter group (Anil Agarwal family)','Reports indicate Twin Star Holdings sought to sell up to 6.5 crore shares via block deal with a 90-day lock-up on its remaining stake — a notable, current promoter liquidity event worth monitoring closely.','Completed the FY26 demerger restructuring; continues to rely significantly on dividend upstreaming from majority-owned Hindustan Zinc to support group-level capital needs, including Vedanta Resources'' international debt servicing.','Mar 2026','Screener.in; Tickertape FY26 results & promoter transaction coverage');
INSERT INTO metric_snapshots (ticker,snapshot_date,metric_key,metric_value,metric_unit,metric_label,status) VALUES ('VEDL','2026-03-31','market_cap_cr',107985,'crore','Market Capitalisation','verified');
INSERT INTO companies (ticker,name,exchange,sector,sub_sector,compare_group,business_core,source_note,moat_note,value_chain_position,value_chain_note,as_of,fetched_at) VALUES ('AMBUJACEM','Ambuja Cements','NSE','Cement','Cement Manufacturing (Adani Group)','Cement','Ambuja Cements manufactures, markets and sells cement and ready-mix concrete to home builders, developers, institutional clients, masons, contractors and construction professionals across India. Part of the Adani Group''s cement platform (which also includes ACC, Sanghi and Penna Cement, recently consolidated under a ''One Cement Platform'' strategy), it is one of India''s largest cement producers by volume.','Ambuja Cements FY26 & Q4 FY26 results coverage (Upstox, Tribune India, ScanX earnings call, TradeBrains); Screener.in','Scale as part of the Adani Group''s consolidated cement platform (Ambuja, ACC, Sanghi, Penna), a debt-free balance sheet with the highest credit ratings in the sector, and an extensive pan-India plant and distribution network built over decades.','Ambuja Cements mines limestone and other raw materials, manufactures cement and clinker at integrated plants and grinding units across India, and sells finished cement and ready-mix concrete to builders, contractors and institutional construction customers — a vertically integrated cement manufacturer within the broader Adani Group materials portfolio.','As part of Adani Group''s cement consolidation strategy (Ambuja, ACC, Sanghi, Penna, Orient all being merged under one platform), Ambuja''s value chain now includes integrating recently acquired plants whose cost structures and regional demand exposure (like Penna''s South India concentration) differ meaningfully from its legacy assets.','FY26 (year ended 31 Mar 2026)','2026-07-03');
INSERT INTO metric_snapshots (ticker,snapshot_date,metric_key,metric_value,metric_unit,metric_label,metric_note,status) VALUES ('AMBUJACEM','2026-03-31','volume_growth_pct',16,'%','Sales Volume Growth (FY26)','Record annual volume of 73.7 million tonnes.','verified');
INSERT INTO metric_snapshots (ticker,snapshot_date,metric_key,metric_value,metric_unit,metric_label,metric_note,status) VALUES ('AMBUJACEM','2026-03-31','normalized_pat_growth_pct',17,'%','Normalised PAT Growth (FY26)','Reported PAT growth of 6% included one-time accounting adjustments; normalised PAT of ₹2,647 crore better reflects core performance.','verified');
INSERT INTO metric_snapshots (ticker,snapshot_date,metric_key,metric_value,metric_unit,metric_label,metric_note,status) VALUES ('AMBUJACEM','2026-03-31','ebitda_per_tonne',887,'₹/tonne','EBITDA per Tonne (FY26)','Q4 alone saw EBITDA/tonne fall to ₹735 from ₹1,028 a year earlier, due to rising fuel, freight and packaging costs.','verified');
INSERT INTO metric_snapshots (ticker,snapshot_date,metric_key,metric_value,metric_unit,metric_label,metric_note,status) VALUES ('AMBUJACEM','2026-03-31','capacity_mtpa',109,'MTPA','Current Cement Capacity','Targeting 119 MTPA by FY27 and 155 MTPA by FY30.','verified');
INSERT INTO bull_bear_cases (ticker,snapshot_date,case_type,case_text,case_order) VALUES ('AMBUJACEM','2026-03-31','bull','FY26 delivered record annual volume of 73.7 million tonnes (+16% YoY) and normalised EBITDA growth of 31% to ₹6,539 crore, with volumes growing well ahead of the broader industry despite a genuinely challenging demand environment.',1);
INSERT INTO bull_bear_cases (ticker,snapshot_date,case_type,case_text,case_order) VALUES ('AMBUJACEM','2026-03-31','bull','The company completed the amalgamation of Sanghi Industries and Penna Cement under its ''One Cement Platform'' strategy, consolidating the Adani Group''s cement assets, while remaining completely debt-free with a net worth of ₹71,846 crore.',2);
INSERT INTO bull_bear_cases (ticker,snapshot_date,case_type,case_text,case_order) VALUES ('AMBUJACEM','2026-03-31','bull','Capacity expansion is on track toward 119 MTPA by FY27 and a longer-term target of 155 MTPA by FY30, with the company targeting a ₹150-200 per tonne cost reduction through better fuel mix, renewable energy and logistics optimisation.',3);
INSERT INTO bull_bear_cases (ticker,snapshot_date,case_type,case_text,case_order) VALUES ('AMBUJACEM','2026-03-31','bear','Q4 FY26 EBITDA margin fell sharply to 13.2-13.4% from 18-18.7% a year earlier, and EBITDA per tonne dropped to ₹735 from ₹1,028, driven by West Asia conflict-linked packing cost escalations, higher freight, and a weaker rupee — real, current cost pressures management expects to persist into H1 FY27.',1);
INSERT INTO bull_bear_cases (ticker,snapshot_date,case_type,case_text,case_order) VALUES ('AMBUJACEM','2026-03-31','bear','Recently acquired Penna and Sanghi assets (19 million tonnes of combined capacity) are dragging down blended profitability — normalised EBITDA per tonne for legacy Ambuja and ACC assets alone is at least ₹800, meaning the acquired plants are a genuine, quantifiable integration drag.',2);
INSERT INTO bull_bear_cases (ticker,snapshot_date,case_type,case_text,case_order) VALUES ('AMBUJACEM','2026-03-31','bear','Reported FY26 PAT growth of 6% included one-time and accounting-related adjustments, meaning investors need to look at the normalised 17% growth figure to understand true underlying performance — a reminder that headline numbers require careful reading.',3);
INSERT INTO tech_geo_tags (ticker,label,tag_type,is_active) VALUES ('AMBUJACEM','West Asia conflict-linked cost escalations in packing materials, freight and a weaker rupee pushed Q4 FY26 production costs to a peak of ₹4,500 per tonne, directly linking Middle East geopolitics to Indian cement industry costs','risk',TRUE);
INSERT INTO tech_geo_tags (ticker,label,tag_type,is_active) VALUES ('AMBUJACEM','GST 2.0 reforms and industry consolidation reshaped the competitive and cost landscape for cement companies during FY26, alongside adverse weather and state elections affecting regional demand patterns','neutral',TRUE);
INSERT INTO tech_geo_tags (ticker,label,tag_type,is_active) VALUES ('AMBUJACEM','A below-normal monsoon forecast for FY27 is expected to constrain industry cement demand growth to around 5%, below Ambuja''s own targeted 8% volume growth, meaning the company is targeting share gains rather than relying purely on market growth','risk',TRUE);
INSERT INTO chain_nodes (ticker,direction,node_name,tag,note) VALUES ('AMBUJACEM','upstream','Limestone mining & raw material extraction',NULL,NULL);
INSERT INTO chain_nodes (ticker,direction,node_name,tag,note) VALUES ('AMBUJACEM','upstream','Coal, petcoke & alternative fuel supply','risk','West Asia conflict-linked freight and packing cost escalations hit Q4 FY26 costs');
INSERT INTO chain_nodes (ticker,direction,node_name,tag,note) VALUES ('AMBUJACEM','downstream','Individual home builders, masons & contractors',NULL,NULL);
INSERT INTO chain_nodes (ticker,direction,node_name,tag,note) VALUES ('AMBUJACEM','downstream','Institutional & developer construction clients',NULL,NULL);
INSERT INTO chain_nodes (ticker,direction,node_name,tag,note) VALUES ('AMBUJACEM','downstream','Ready-Mix Concrete customers — a growing adjacent business',NULL,NULL);
INSERT INTO mgmt_profiles (ticker,promoter_pct,promoter_who,pledge_note,capital_note,as_of,source_note) VALUES ('AMBUJACEM',67.3,'Adani Group','No pledge flagged in current shareholding trackers.','Declared a dividend of ₹2/share; remains debt-free while funding capacity expansion (10.7 MTPA of new grinding capacity and 7 MTPA of clinker capacity commissioned in FY26) entirely through internal accruals.','Mar 2026','Screener.in; Upstox & Tribune India FY26 results coverage; ScanX JM Financial-hosted earnings call summary');
INSERT INTO metric_snapshots (ticker,snapshot_date,metric_key,metric_value,metric_unit,metric_label,status) VALUES ('AMBUJACEM','2026-03-31','market_cap_cr',106586,'crore','Market Capitalisation','verified');
INSERT INTO companies (ticker,name,exchange,sector,sub_sector,compare_group,business_core,source_note,moat_note,value_chain_position,value_chain_note,as_of,fetched_at) VALUES ('SHREECEM','Shree Cement','NSE','Cement','Cement Manufacturing','Cement','Shree Cement manufactures and sells cement, with a growing Ready-Mix Concrete (RMC) business and a strong premium products push, positioning itself as India''s third-largest cement producer by capacity. The company is known for industry-leading green energy usage and cost discipline, recently commissioning a new integrated plant in Karnataka to expand its national footprint.','Shree Cement FY26 & Q4 FY26 results coverage (Angel One, ScanX, MarketsMojo, Alpha Spread earnings call); Screener.in','Industry-leading cost discipline anchored in extensive captive green power capacity (888.6 MW) and water-positive operations, combined with a premiumising product mix and a multi-decade reputation for capital efficiency in cement manufacturing.','Shree Cement manufactures cement and clinker at integrated plants across India, increasingly supplemented by a growing Ready-Mix Concrete business, selling to builders, contractors and institutional construction customers — a traditional cement manufacturer now diversifying into higher-value adjacent concrete products.','Shree Cement''s heavy investment in captive green power (888.6 MW, 61% of consumption) and water-positive, zero-liquid-discharge operations reflects a genuine sustainability-driven cost strategy, distinct from peers competing primarily on scale or acquisition-led consolidation.','FY26 (year ended 31 Mar 2026)','2026-07-03');
INSERT INTO metric_snapshots (ticker,snapshot_date,metric_key,metric_value,metric_unit,metric_label,metric_note,status) VALUES ('SHREECEM','2026-03-31','volume_growth_pct',11,'%','Cement Volume Growth (Q4 YoY)','Premium products rose to 22% of trade volume from 16% a year earlier.','verified');
INSERT INTO metric_snapshots (ticker,snapshot_date,metric_key,metric_value,metric_unit,metric_label,metric_note,status) VALUES ('SHREECEM','2026-03-31','revenue_growth_pct',10.29,'%','Revenue Growth (Q4 YoY)','Q4 net sales of ₹6,101 crore, up 27.09% sequentially from a weak Q3.','verified');
INSERT INTO metric_snapshots (ticker,snapshot_date,metric_key,metric_value,metric_unit,metric_label,metric_note,status) VALUES ('SHREECEM','2026-03-31','operating_margin_pct',22.68,'%','Operating Margin (Q4)','Down 314 basis points YoY from 25.82%, though up 295 bps sequentially.','verified');
INSERT INTO metric_snapshots (ticker,snapshot_date,metric_key,metric_value,metric_unit,metric_label,metric_note,status) VALUES ('SHREECEM','2026-03-31','roe_pct',7.66,'%','Return on Equity','Deteriorating from a 10.04% average, signalling weakening capital efficiency despite volume growth.','verified');
INSERT INTO bull_bear_cases (ticker,snapshot_date,case_type,case_text,case_order) VALUES ('SHREECEM','2026-03-31','bull','Q4 FY26 profit surged 97.11% sequentially to ₹525.69 crore, reversing three consecutive quarters of subdued performance, with cement volume up 11% YoY and premium product mix rising to 22% of trade volume from 16% a year earlier.',1);
INSERT INTO bull_bear_cases (ticker,snapshot_date,case_type,case_text,case_order) VALUES ('SHREECEM','2026-03-31','bull','The company commissioned its Kodla integrated project in Karnataka, lifting installed capacity to 69.3 MTPA, while maintaining a genuinely strong balance sheet: zero promoter pledging, net cash position, and a debt-to-EBITDA of just 0.55x.',2);
INSERT INTO bull_bear_cases (ticker,snapshot_date,case_type,case_text,case_order) VALUES ('SHREECEM','2026-03-31','bull','Total FY26 dividend rose 36% to ₹150/share, and green electricity reached 61% of total consumption in Q4 — among the highest in the Indian cement industry, backed by 888.6 MW of captive green power capacity.',3);
INSERT INTO bull_bear_cases (ticker,snapshot_date,case_type,case_text,case_order) VALUES ('SHREECEM','2026-03-31','bear','Despite the strong sequential recovery, Q4 FY26 profit actually declined 8.47% year-on-year, and operating margin compressed 314 basis points YoY — the headline ''strong quarter'' narrative depends heavily on which comparison period investors focus on.',1);
INSERT INTO bull_bear_cases (ticker,snapshot_date,case_type,case_text,case_order) VALUES ('SHREECEM','2026-03-31','bear','Return on equity has deteriorated from a 10.04% average to 7.66% latest, and five-year EBIT growth stands at -5.66% — genuine, multi-year evidence of sustained margin and capital efficiency pressure, not just a one-quarter blip.',2);
INSERT INTO bull_bear_cases (ticker,snapshot_date,case_type,case_text,case_order) VALUES ('SHREECEM','2026-03-31','bear','At a P/E near 50x and P/BV of 4.01x, the stock carries an extremely premium valuation despite these underlying profitability challenges, and analyst opinion is genuinely split — Citi maintains Buy while Morgan Stanley maintains Underweight on the same results.',3);
INSERT INTO tech_geo_tags (ticker,label,tag_type,is_active) VALUES ('SHREECEM','West Asia conflict-linked cost inflation in fuel, freight and packaging is a shared industry-wide pressure also affecting Ambuja Cements elsewhere in this dataset, though Shree''s captive green power partially insulates it from fuel cost volatility','risk',TRUE);
INSERT INTO tech_geo_tags (ticker,label,tag_type,is_active) VALUES ('SHREECEM','Management narrowed its pricing gap with the largest industry peer from roughly ₹50 to ₹15-20 per bag, choosing a volume-focused strategy over initiating a price war, a deliberate competitive positioning choice','neutral',TRUE);
INSERT INTO tech_geo_tags (ticker,label,tag_type,is_active) VALUES ('SHREECEM','A moderate monsoon forecast and geopolitical tensions are flagged as short-term risks to FY27 demand, even as the company guides to 10% YoY volume growth','risk',TRUE);
INSERT INTO chain_nodes (ticker,direction,node_name,tag,note) VALUES ('SHREECEM','upstream','Limestone mining & raw material extraction',NULL,NULL);
INSERT INTO chain_nodes (ticker,direction,node_name,tag,note) VALUES ('SHREECEM','upstream','Captive green power (888.6 MW)','tailwind','partially insulates the company from fuel cost volatility');
INSERT INTO chain_nodes (ticker,direction,node_name,tag,note) VALUES ('SHREECEM','downstream','Builders, contractors & institutional construction customers',NULL,NULL);
INSERT INTO chain_nodes (ticker,direction,node_name,tag,note) VALUES ('SHREECEM','downstream','Ready-Mix Concrete (RMC) customers — expanding to 36 plants','tailwind','a nascent but growing higher-value adjacent business');
INSERT INTO mgmt_profiles (ticker,promoter_pct,promoter_who,pledge_note,capital_note,as_of,source_note) VALUES ('SHREECEM',60,'Bangur family (exact current promoter percentage not independently disclosed in available results coverage; institutional holdings of 24.97% and public holding of 15.32% imply a promoter stake of roughly 60%)','No promoter share encumbrance confirmed for FY26 per SEBI Reg 31(4) filing.','Declared a total FY26 dividend of ₹150/share, up 36% YoY, while guiding FY27 capex of approximately ₹1,500 crore focused on RMC plants, railway sidings and the Meghalaya project.','Mar 2026','ScanX regulatory filing coverage; Angel One & MarketsMojo Q4 FY26 result analysis; Alpha Spread earnings call summary');
INSERT INTO metric_snapshots (ticker,snapshot_date,metric_key,metric_value,metric_unit,metric_label,status) VALUES ('SHREECEM','2026-03-31','market_cap_cr',92908,'crore','Market Capitalisation','verified');
INSERT INTO companies (ticker,name,exchange,sector,sub_sector,compare_group,business_core,source_note,moat_note,value_chain_position,value_chain_note,as_of,fetched_at) VALUES ('SOLARINDS','Solar Industries India','NSE','Chemicals','Industrial Explosives & Defence','Chemicals','Solar Industries India manufactures industrial explosives and initiating devices used in mining, infrastructure and defence applications, and has expanded into defence ordnance and specialty chemicals manufacturing. It is India''s largest manufacturer in its category, serving both domestic and growing international markets.','Solar Industries Q4 FY26 results coverage (MarketsMojo); Screener.in','India''s largest manufacturer of industrial explosives and initiating devices, with deep regulatory approvals, safety certifications and manufacturing scale that are extremely difficult and slow for a new entrant to replicate in this tightly regulated industry.','Solar Industries manufactures industrial explosives, initiating devices and defence ordnance, selling to mining companies (for rock blasting), infrastructure contractors (for construction and demolition), and defence customers (ordnance and munitions) — an upstream industrial input supplier whose products enable extraction and construction activity elsewhere in the economy.','Solar Industries'' expansion into defence ordnance manufacturing represents a deliberate diversification beyond its traditional commercial explosives business, tapping into India''s growing indigenous defence manufacturing push alongside companies like HAL and Mazagon Dock elsewhere in this dataset.','FY26 (year ended 31 Mar 2026)','2026-07-03');
INSERT INTO metric_snapshots (ticker,snapshot_date,metric_key,metric_value,metric_unit,metric_label,metric_note,status) VALUES ('SOLARINDS','2026-03-31','revenue_growth_pct',40.9,'%','Revenue Growth (Q4 YoY)','All-time high quarterly net sales of ₹3,052.75 crore; significantly accelerated from FY25''s 24.20% annual growth rate.','verified');
INSERT INTO metric_snapshots (ticker,snapshot_date,metric_key,metric_value,metric_unit,metric_label,metric_note,status) VALUES ('SOLARINDS','2026-03-31','pat_growth_pct',69.95,'%','PAT Growth (Q4 YoY)',NULL,'verified');
INSERT INTO metric_snapshots (ticker,snapshot_date,metric_key,metric_value,metric_unit,metric_label,metric_note,status) VALUES ('SOLARINDS','2026-03-31','operating_margin_pct',27.06,'%','Operating Margin (Q4)','Within the company''s historical 24-28% range despite inflationary pressures.','verified');
INSERT INTO metric_snapshots (ticker,snapshot_date,metric_key,metric_value,metric_unit,metric_label,metric_note,status) VALUES ('SOLARINDS','2026-03-31','pat_margin_pct',18.21,'%','PAT Margin (Q4)','Expanded from 15.98% a year earlier.','verified');
INSERT INTO bull_bear_cases (ticker,snapshot_date,case_type,case_text,case_order) VALUES ('SOLARINDS','2026-03-31','bull','Q4 FY26 net sales hit an all-time high of ₹3,052.75 crore, up 40.90% YoY — a significant acceleration from FY25''s already-strong 24.20% annual growth rate, driven by robust demand across defence, infrastructure and mining segments.',1);
INSERT INTO bull_bear_cases (ticker,snapshot_date,case_type,case_text,case_order) VALUES ('SOLARINDS','2026-03-31','bull','PAT grew even faster than revenue (69.95% YoY) with PAT margin expanding to 18.21% from 15.98%, demonstrating genuine operating leverage and pricing power rather than just volume-driven growth.',2);
INSERT INTO bull_bear_cases (ticker,snapshot_date,case_type,case_text,case_order) VALUES ('SOLARINDS','2026-03-31','bull','A stable, high promoter holding of 73.15% with minimal pledging (1.76%) and consistent execution across recent quarters reflect strong governance and management confidence in the company''s expanding defence and industrial explosives franchise.',3);
INSERT INTO bull_bear_cases (ticker,snapshot_date,case_type,case_text,case_order) VALUES ('SOLARINDS','2026-03-31','bear','The business is inherently tied to cyclical mining, infrastructure and defence procurement cycles — the exceptional 40%+ revenue growth rate seen in Q4 FY26 may not be sustainable at the same pace if any of these underlying demand drivers slow.',1);
INSERT INTO bull_bear_cases (ticker,snapshot_date,case_type,case_text,case_order) VALUES ('SOLARINDS','2026-03-31','bear','As a manufacturer of explosives and defence ordnance, Solar Industries operates in a highly regulated, safety-sensitive industry where any operational incident or regulatory change could have outsized reputational and financial consequences.',2);
INSERT INTO bull_bear_cases (ticker,snapshot_date,case_type,case_text,case_order) VALUES ('SOLARINDS','2026-03-31','bear','Foreign institutional investor holdings have been gradually declining for three consecutive quarters (from 7.11% to 6.60%), which, while likely profit-booking after a strong rally, is worth monitoring for signs of waning international conviction.',3);
INSERT INTO tech_geo_tags (ticker,label,tag_type,is_active) VALUES ('SOLARINDS','Strong order books and expanding international operations reflect Solar Industries'' growing role beyond India''s domestic mining and infrastructure explosives market','tailwind',TRUE);
INSERT INTO tech_geo_tags (ticker,label,tag_type,is_active) VALUES ('SOLARINDS','India''s defence indigenisation push provides a structural tailwind for Solar Industries'' expanding defence ordnance manufacturing business, part of a broader domestic defence manufacturing ecosystem','tailwind',TRUE);
INSERT INTO tech_geo_tags (ticker,label,tag_type,is_active) VALUES ('SOLARINDS','As a safety-sensitive explosives and ordnance manufacturer, the company operates under continuous regulatory scrutiny where any incident or policy shift could materially affect operations','risk',TRUE);
INSERT INTO chain_nodes (ticker,direction,node_name,tag,note) VALUES ('SOLARINDS','upstream','Chemical raw material inputs for explosives manufacturing',NULL,NULL);
INSERT INTO chain_nodes (ticker,direction,node_name,tag,note) VALUES ('SOLARINDS','upstream','Defence ordnance component supply chains',NULL,NULL);
INSERT INTO chain_nodes (ticker,direction,node_name,tag,note) VALUES ('SOLARINDS','downstream','Mining companies — rock blasting explosives',NULL,NULL);
INSERT INTO chain_nodes (ticker,direction,node_name,tag,note) VALUES ('SOLARINDS','downstream','Infrastructure & construction contractors',NULL,NULL);
INSERT INTO chain_nodes (ticker,direction,node_name,tag,note) VALUES ('SOLARINDS','downstream','Defence customers, incl. India''s indigenisation push','tailwind','a structural tailwind shared with HAL and Mazagon Dock elsewhere in this dataset');
INSERT INTO mgmt_profiles (ticker,promoter_pct,promoter_who,pledge_note,capital_note,as_of,source_note) VALUES ('SOLARINDS',73.15,'Manish Satyanarayan Nuwal (38.93%) and the Sohan Devi Nand Lal Nuwal Family Trust (29.23%)','Minimal pledging at 1.76% of total shares; promoter holding stable across five quarters.','Continues reinvesting strongly in capacity and defence ordnance expansion, funded by robust internal cash generation from accelerating revenue growth.','Mar 2026','MarketsMojo Q4 FY26 result analysis; Screener.in');
INSERT INTO metric_snapshots (ticker,snapshot_date,metric_key,metric_value,metric_unit,metric_label,status) VALUES ('SOLARINDS','2026-03-31','market_cap_cr',149263,'crore','Market Capitalisation','verified');


-- ---------------------------------------------------------------------------
-- SECTION 14: Final set (GAIL, IOC, HAVELLS, CGPOWER, LTIM, ENRIN, LODHA)
-- ---------------------------------------------------------------------------
-- InvestorLens India — Batch 12 (Final: Oil&Gas, Consumer Durables, Capital Goods, IT, Power, Realty)

INSERT INTO companies (ticker,name,exchange,sector,sub_sector,compare_group,business_core,source_note,moat_note,value_chain_position,value_chain_note,as_of,fetched_at) VALUES ('GAIL','GAIL (India)','NSE','Oil & Gas','Natural Gas Transmission & Marketing (PSU)','Oil & Gas','GAIL (India) transports natural gas through its pipeline network (Natural Gas Transmission), buys and resells gas to industrial and commercial customers (Natural Gas Marketing), distributes gas to households and vehicles (City Gas), and converts gas into petrochemical products. It is India''s largest natural gas transmission and marketing company, majority-owned by the Government of India.','GAIL FY26 & Q4 FY26 results coverage (ChartAlert, Univest, PSU Connect); Screener.in','An extensive, largely irreplaceable national natural gas pipeline network built over decades with government backing — a genuine infrastructure moat in the regulated transmission business, even though the marketing and petrochemical segments face open commodity competition.','GAIL sits in the middle of India''s natural gas value chain — it transports gas from producers (like ONGC) through its pipeline network, markets and resells gas to industrial customers, distributes gas to city consumers, and converts a portion into petrochemical products, making it both an infrastructure operator and a commodity trader within the same company.','GAIL''s dual nature — part regulated infrastructure utility (transmission, which behaves like a toll road), part commodity trader (marketing and petrochemicals, which behaves like a volatile trading business) — means its overall results can look confusing unless these segments are understood separately, exactly as FY26 demonstrated.','FY26 (year ended 31 Mar 2026)','2026-07-03');
INSERT INTO metric_snapshots (ticker,snapshot_date,metric_key,metric_value,metric_unit,metric_label,metric_note,status) VALUES ('GAIL','2026-03-31','transmission_ebit_growth_pct',13.5,'%','Natural Gas Transmission EBIT Growth','The one structural bright spot — regulated, annuity-like earnings grew steadily even as other segments struggled.','verified');
INSERT INTO metric_snapshots (ticker,snapshot_date,metric_key,metric_value,metric_unit,metric_label,metric_note,status) VALUES ('GAIL','2026-03-31','pat_margin_pct',5.3,'%','PAT Margin (FY26)','Down sharply from 8.8% in FY25.','verified');
INSERT INTO metric_snapshots (ticker,snapshot_date,metric_key,metric_value,metric_unit,metric_label,metric_note,status) VALUES ('GAIL','2026-03-31','petrochem_ebit_cr',-1410,'crore','Petrochemicals EBIT (FY26)','Swung to a deep loss from near-breakeven the prior year.','verified');
INSERT INTO metric_snapshots (ticker,snapshot_date,metric_key,metric_value,metric_unit,metric_label,metric_note,status) VALUES ('GAIL','2026-03-31','operating_cf_growth_pct',-28.5,'%','Operating Cash Flow Growth (FY26)','A genuine decline in cash generation quality alongside falling earnings.','verified');
INSERT INTO bull_bear_cases (ticker,snapshot_date,case_type,case_text,case_order) VALUES ('GAIL','2026-03-31','bull','Natural Gas Transmission, GAIL''s regulated and highest-quality segment, grew EBIT 13.5% YoY — durable, annuity-like earnings that provide a floor under an otherwise volatile business.',1);
INSERT INTO bull_bear_cases (ticker,snapshot_date,case_type,case_text,case_order) VALUES ('GAIL','2026-03-31','bull','City Gas revenue grew 22.3% YoY, the strongest growth vector across all segments, reflecting genuine expansion in household and vehicle gas distribution.',2);
INSERT INTO bull_bear_cases (ticker,snapshot_date,case_type,case_text,case_order) VALUES ('GAIL','2026-03-31','bull','Active capex cycle (gross block additions of ~₹10,071 crore) is building future pipeline capacity and transmission tariff income, which should support a structural re-rating if gas volume throughput scales as planned.',3);
INSERT INTO bull_bear_cases (ticker,snapshot_date,case_type,case_text,case_order) VALUES ('GAIL','2026-03-31','bear','Natural Gas Marketing EBIT crashed 59.3% and Petrochemicals swung to a ₹1,410 crore loss — together these two commodity-linked segments erased more than ₹6,000 crore of EBIT in FY26, overwhelming strength in the regulated businesses.',1);
INSERT INTO bull_bear_cases (ticker,snapshot_date,case_type,case_text,case_order) VALUES ('GAIL','2026-03-31','bear','FY26 dividend payouts exceeded free cash flow and were funded by incremental borrowing — explicitly flagged as unsustainable without an FY27 earnings recovery, a genuine capital allocation concern.',2);
INSERT INTO bull_bear_cases (ticker,snapshot_date,case_type,case_text,case_order) VALUES ('GAIL','2026-03-31','bear','The Middle East conflict directly hampered gas supply during Q4 FY26, forcing GAIL to buy spot LNG cargoes (including from Oman) to cover shortages — a live, current geopolitical disruption to core operations, not a theoretical risk.',3);
INSERT INTO tech_geo_tags (ticker,label,tag_type,is_active) VALUES ('GAIL','The Middle East conflict directly disrupted gas supply in Q4 FY26, forcing GAIL to source spot LNG cargoes including from Oman to cover shortages, a live geopolitical impact on core operations','risk',TRUE);
INSERT INTO tech_geo_tags (ticker,label,tag_type,is_active) VALUES ('GAIL','Natural Gas Marketing spread compression and Petrochemicals losses together erased over ₹6,000 crore of EBIT in FY26, showing how exposed GAIL''s non-regulated segments are to commodity price swings','risk',TRUE);
INSERT INTO tech_geo_tags (ticker,label,tag_type,is_active) VALUES ('GAIL','India''s structural push toward greater natural gas usage in the energy mix, reflected in City Gas''s 22.3% revenue growth, remains a genuine long-term tailwind for GAIL''s distribution infrastructure','tailwind',TRUE);
INSERT INTO chain_nodes (ticker,direction,node_name,tag,note) VALUES ('GAIL','upstream','Domestic gas producers, incl. ONGC elsewhere in this dataset',NULL,NULL);
INSERT INTO chain_nodes (ticker,direction,node_name,tag,note) VALUES ('GAIL','upstream','Spot LNG imports, incl. Omani cargoes','risk','sourced to cover Middle East conflict-driven supply shortfalls');
INSERT INTO chain_nodes (ticker,direction,node_name,tag,note) VALUES ('GAIL','downstream','Industrial & commercial gas marketing customers','risk','marketing spreads compressed sharply in FY26');
INSERT INTO chain_nodes (ticker,direction,node_name,tag,note) VALUES ('GAIL','downstream','City gas distribution — households & vehicles','tailwind','22.3% revenue growth, the strongest segment in FY26');
INSERT INTO chain_nodes (ticker,direction,node_name,tag,note) VALUES ('GAIL','downstream','Petrochemical product buyers','risk','segment swung to a deep loss in FY26');
INSERT INTO mgmt_profiles (ticker,promoter_pct,promoter_who,pledge_note,capital_note,as_of,source_note) VALUES ('GAIL',51.9,'Government of India','Not applicable — the promoter is the sovereign.','Paid an interim dividend of ₹5/share during FY26; plans to borrow ₹50-60 billion in FY27 to fund pipeline capex and cover the gap between dividend payouts and free cash flow.','Mar 2026','Screener.in; ChartAlert analysis of company filings; PSU Connect & Univest FY26 results coverage');
INSERT INTO metric_snapshots (ticker,snapshot_date,metric_key,metric_value,metric_unit,metric_label,status) VALUES ('GAIL','2026-03-31','market_cap_cr',114630,'crore','Market Capitalisation','verified');
INSERT INTO companies (ticker,name,exchange,sector,sub_sector,compare_group,business_core,source_note,moat_note,value_chain_position,value_chain_note,as_of,fetched_at) VALUES ('IOC','Indian Oil Corporation','NSE','Oil & Gas','Oil Refining & Marketing (PSU)','Oil & Gas','Indian Oil Corporation refines crude oil into petrol, diesel, LPG, aviation fuel and other products at its extensive refinery network, then sells them through India''s largest fuel retail network, alongside petrochemicals and gas distribution businesses. As India''s largest oil marketing company and a Maharatna PSU, its earnings are driven by refining margins and steady domestic fuel demand.','Indian Oil Corporation FY26 & Q4 FY26 results coverage (InvestyWise, PSU Connect); Screener.in; Yahoo Finance','Scale as India''s largest oil refiner and fuel retailer, with an extensive refinery network and retail distribution footprint built over decades of PSU investment that would be effectively impossible for a private competitor to replicate at comparable scale.','Indian Oil Corporation refines crude oil into petrol, diesel, LPG and other fuels at its extensive refinery network, then sells them through India''s largest retail fuel network, alongside petrochemicals and gas distribution — a fully integrated downstream oil major spanning refining through to the retail pump.','IOC''s scale advantage — both in refining throughput and retail distribution reach — gives it structural cost and market-access advantages that smaller private refiners and marketers cannot easily replicate, even though its pricing remains subject to government policy influence.','FY26 (year ended 31 Mar 2026)','2026-07-03');
INSERT INTO metric_snapshots (ticker,snapshot_date,metric_key,metric_value,metric_unit,metric_label,metric_note,status) VALUES ('IOC','2026-03-31','revenue_cr',784415,'crore','Revenue (FY26)','The largest company by revenue in this entire dataset.','verified');
INSERT INTO metric_snapshots (ticker,snapshot_date,metric_key,metric_value,metric_unit,metric_label,metric_note,status) VALUES ('IOC','2026-03-31','refinery_throughput_mmt',75.451,'MMT','Refinery Throughput (FY26)','Domestic product sales reached 99.904 MMT for the year.','verified');
INSERT INTO metric_snapshots (ticker,snapshot_date,metric_key,metric_value,metric_unit,metric_label,metric_note,status) VALUES ('IOC','2026-03-31','roe_pct',20.97,'%','Return on Equity','Genuinely strong despite the stock''s very low valuation multiple.','verified');
INSERT INTO metric_snapshots (ticker,snapshot_date,metric_key,metric_value,metric_unit,metric_label,metric_note,status) VALUES ('IOC','2026-03-31','pe_ratio',4.57,'x','P/E Ratio','Extremely cheap, typical of PSU oil marketing companies.','verified');
INSERT INTO bull_bear_cases (ticker,snapshot_date,case_type,case_text,case_order) VALUES ('IOC','2026-03-31','bull','IOC''s Q4 FY26 performance remained largely insulated from Middle East supply uncertainty due to strategic inventory procurement completed prior to the geopolitical tensions — genuinely proactive risk management, not luck.',1);
INSERT INTO bull_bear_cases (ticker,snapshot_date,case_type,case_text,case_order) VALUES ('IOC','2026-03-31','bull','Return on equity of 20.97% is strong for a company trading at just 4.57x earnings, a valuation gap that reflects the market''s structural discount on PSU oil marketing companies rather than weak underlying profitability.',2);
INSERT INTO bull_bear_cases (ticker,snapshot_date,case_type,case_text,case_order) VALUES ('IOC','2026-03-31','bull','As India''s largest fuel retail network with 99.904 million tonnes of domestic product sales in FY26, IOC has unmatched scale and distribution reach across the country''s oil marketing landscape.',3);
INSERT INTO bull_bear_cases (ticker,snapshot_date,case_type,case_text,case_order) VALUES ('IOC','2026-03-31','bear','As a PSU oil marketing company, IOC''s fuel pricing and subsidy exposure are ultimately subject to government policy rather than pure market economics, a structural constraint private refiners don''t carry.',1);
INSERT INTO bull_bear_cases (ticker,snapshot_date,case_type,case_text,case_order) VALUES ('IOC','2026-03-31','bear','Refining margins (GRM) remain volatile and dependent on global crude dynamics; analyst estimates for the sector broadly assumed some sequential moderation in profitability due to softer margins even before results were confirmed.',2);
INSERT INTO bull_bear_cases (ticker,snapshot_date,case_type,case_text,case_order) VALUES ('IOC','2026-03-31','bear','The petrochemicals segment, while smaller than core petroleum products, adds commodity-cycle exposure on top of the already-volatile refining business, similar to challenges seen at peer GAIL elsewhere in this dataset.',3);
INSERT INTO tech_geo_tags (ticker,label,tag_type,is_active) VALUES ('IOC','Strategic inventory procurement ahead of Middle East geopolitical tensions in early 2026 insulated IOC''s Q4 FY26 performance from supply disruptions that affected less-prepared competitors','tailwind',TRUE);
INSERT INTO tech_geo_tags (ticker,label,tag_type,is_active) VALUES ('IOC','Global crude price volatility from West Asia tensions and OPEC+ policy decisions remain the dominant swing factor for IOC''s refining margins and overall profitability','risk',TRUE);
INSERT INTO tech_geo_tags (ticker,label,tag_type,is_active) VALUES ('IOC','As India''s largest PSU oil marketing company, IOC''s retail fuel pricing carries government policy influence that private-sector refiners do not face, a structural characteristic shared with peers like BPCL elsewhere in this dataset','neutral',TRUE);
INSERT INTO chain_nodes (ticker,direction,node_name,tag,note) VALUES ('IOC','upstream','Crude oil imports & domestic production, incl. peers like ONGC elsewhere in this dataset',NULL,NULL);
INSERT INTO chain_nodes (ticker,direction,node_name,tag,note) VALUES ('IOC','upstream','Global crude & shipping markets','risk','refining margins swing directly with crude price and freight volatility');
INSERT INTO chain_nodes (ticker,direction,node_name,tag,note) VALUES ('IOC','downstream','India''s largest retail fuel network',NULL,NULL);
INSERT INTO chain_nodes (ticker,direction,node_name,tag,note) VALUES ('IOC','downstream','Petrochemical & gas distribution customers',NULL,NULL);
INSERT INTO chain_nodes (ticker,direction,node_name,tag,note) VALUES ('IOC','downstream','Aviation fuel & industrial bulk customers',NULL,NULL);
INSERT INTO mgmt_profiles (ticker,promoter_pct,promoter_who,pledge_note,capital_note,as_of,source_note) VALUES ('IOC',51.5,'Government of India','Not applicable — the promoter is the sovereign.','Board considered a final FY26 dividend recommendation alongside results; maintains a strong dividend payout history typical of PSU oil marketing companies.','Mar 2026','Screener.in; InvestyWise FY26 results coverage; PSU Connect Q4 FY26 preview');
INSERT INTO metric_snapshots (ticker,snapshot_date,metric_key,metric_value,metric_unit,metric_label,status) VALUES ('IOC','2026-03-31','market_cap_cr',199985,'crore','Market Capitalisation','verified');
INSERT INTO companies (ticker,name,exchange,sector,sub_sector,compare_group,business_core,source_note,moat_note,value_chain_position,value_chain_note,as_of,fetched_at) VALUES ('HAVELLS','Havells India','NSE','Consumer Durables','Electrical Equipment & Appliances','Consumer Durables','Havells India manufactures and sells electrical products across 24 product verticals spanning cables, consumer durables (via its Lloyd brand of air conditioners, washing machines, refrigerators and TVs), electrical fans and appliances, switchgears, and lighting & fixtures. It is one of India''s leading electrical equipment companies, selling to both retail consumers and industrial/infrastructure customers.','Havells India FY26 & Q4 FY26 results coverage (InvestyWise); Screener.in','Decades of brand trust across a diversified electrical products portfolio, from industrial cables to consumer appliances, giving Havells resilience across different demand cycles that narrower single-category competitors lack.','Havells manufactures a broad range of electrical products — cables, switchgears, fans, lighting, and consumer appliances under the Lloyd brand — selling through both retail consumer channels and to industrial/infrastructure project customers, giving it exposure to both steady B2B infrastructure demand and more volatile, weather-sensitive consumer demand.','Havells'' strategic investment in Goldi Solar, a solar equipment maker, gives it indirect exposure to India''s renewable energy build-out — a financial link to the same sector already well-represented elsewhere in this dataset (Adani Green, Waaree, Suzlon, NTPC Green), even though Havells itself doesn''t manufacture solar products directly.','FY26 (year ended 31 Mar 2026)','2026-07-03');
INSERT INTO metric_snapshots (ticker,snapshot_date,metric_key,metric_value,metric_unit,metric_label,metric_note,status) VALUES ('HAVELLS','2026-03-31','revenue_growth_pct',3.3,'%','Revenue Growth (FY26)','FY26 revenue reached ₹22,466 crore; growth was modest overall.','verified');
INSERT INTO metric_snapshots (ticker,snapshot_date,metric_key,metric_value,metric_unit,metric_label,metric_note,status) VALUES ('HAVELLS','2026-03-31','pat_growth_pct',14.5,'%','PAT Growth (FY26)','Q4 alone grew 40.6%, though significantly boosted by a one-time fair value gain.','verified');
INSERT INTO metric_snapshots (ticker,snapshot_date,metric_key,metric_value,metric_unit,metric_label,metric_note,status) VALUES ('HAVELLS','2026-03-31','cables_segment_share_pct',39,'%','Cables Segment Share of Revenue','Up from 33% in FY25 — the largest and fastest-growing segment, driven by industrial infrastructure demand.','verified');
INSERT INTO metric_snapshots (ticker,snapshot_date,metric_key,metric_value,metric_unit,metric_label,metric_note,status) VALUES ('HAVELLS','2026-03-31','lloyd_segment_share_pct',18,'%','Lloyd Consumer (AC/Appliances) Segment Share','Down from 24% in FY25 as a milder summer start hurt cooling product demand.','verified');
INSERT INTO bull_bear_cases (ticker,snapshot_date,case_type,case_text,case_order) VALUES ('HAVELLS','2026-03-31','bull','Cables, Havells'' largest segment, grew to 39% of FY26 revenue from 33% the prior year, directly benefiting from strong industrial infrastructure demand even as consumer-facing categories softened.',1);
INSERT INTO bull_bear_cases (ticker,snapshot_date,case_type,case_text,case_order) VALUES ('HAVELLS','2026-03-31','bull','FY26 PAT grew 14.5% to ₹1,705 crore despite modest revenue growth, reflecting genuine operational discipline; the company also made a strategic ₹600 crore investment in Goldi Solar, a solar equipment maker, diversifying its exposure into renewable energy adjacencies.',2);
INSERT INTO bull_bear_cases (ticker,snapshot_date,case_type,case_text,case_order) VALUES ('HAVELLS','2026-03-31','bull','The company continues investing in capacity expansion, particularly in Cables and Refrigerators, positioning for demand recovery once consumer segments like Lloyd stabilise.',3);
INSERT INTO bull_bear_cases (ticker,snapshot_date,case_type,case_text,case_order) VALUES ('HAVELLS','2026-03-31','bear','A significant portion of Q4 FY26''s 40.6% PAT growth came from a ₹283 crore fair value gain on the Goldi Solar investment, not core operations — underlying operating profit growth was considerably more modest than the headline number suggests.',1);
INSERT INTO bull_bear_cases (ticker,snapshot_date,case_type,case_text,case_order) VALUES ('HAVELLS','2026-03-31','bear','The Lloyd Consumer segment (air conditioners, appliances) fell to 18% of revenue from 24% a year earlier, as a milder start to the summer season directly hurt cooling product stocking and sales — a real, weather-driven demand risk specific to this category.',2);
INSERT INTO bull_bear_cases (ticker,snapshot_date,case_type,case_text,case_order) VALUES ('HAVELLS','2026-03-31','bear','Overall FY26 revenue growth of just 3.3% is modest for a company in a growing electrical equipment market, suggesting demand headwinds extend beyond just the weather-sensitive Lloyd segment.',3);
INSERT INTO tech_geo_tags (ticker,label,tag_type,is_active) VALUES ('HAVELLS','A milder-than-usual start to the FY26 summer season directly reduced cooling product (air conditioner) stocking and demand, a weather-driven risk specific to the Lloyd Consumer segment','risk',TRUE);
INSERT INTO tech_geo_tags (ticker,label,tag_type,is_active) VALUES ('HAVELLS','Strong industrial infrastructure demand drove the Cables segment to its largest-ever share of revenue, reflecting broader momentum in India''s infrastructure and construction capex cycle','tailwind',TRUE);
INSERT INTO tech_geo_tags (ticker,label,tag_type,is_active) VALUES ('HAVELLS','A ₹600 crore strategic investment in Goldi Solar gives Havells indirect financial exposure to India''s renewable energy manufacturing boom, a sector with substantial representation elsewhere in this dataset','tailwind',TRUE);
INSERT INTO chain_nodes (ticker,direction,node_name,tag,note) VALUES ('HAVELLS','upstream','Copper, aluminium & plastic raw material inputs',NULL,NULL);
INSERT INTO chain_nodes (ticker,direction,node_name,tag,note) VALUES ('HAVELLS','upstream','Strategic investment in Goldi Solar','tailwind','indirect exposure to India''s solar manufacturing boom');
INSERT INTO chain_nodes (ticker,direction,node_name,tag,note) VALUES ('HAVELLS','downstream','Retail consumer electrical & appliance customers',NULL,NULL);
INSERT INTO chain_nodes (ticker,direction,node_name,tag,note) VALUES ('HAVELLS','downstream','Industrial & infrastructure project customers — cables & switchgears','tailwind','the fastest-growing segment in FY26');
INSERT INTO chain_nodes (ticker,direction,node_name,tag,note) VALUES ('HAVELLS','downstream','Weather-sensitive cooling product demand (Lloyd)','risk','milder summer directly reduced FY26 segment revenue share');
INSERT INTO mgmt_profiles (ticker,promoter_pct,promoter_who,pledge_note,capital_note,as_of,source_note) VALUES ('HAVELLS',59.4,'Gupta family (Havells promoter group)','No pledge flagged in current shareholding trackers.','Continues investing in capacity expansion in Cables and Refrigerators; the ₹600 crore Goldi Solar investment reflects a deliberate diversification into renewable energy adjacencies.','Mar 2026','Screener.in; InvestyWise Q4 FY26 results coverage');
INSERT INTO metric_snapshots (ticker,snapshot_date,metric_key,metric_value,metric_unit,metric_label,status) VALUES ('HAVELLS','2026-03-31','market_cap_cr',74479,'crore','Market Capitalisation','verified');
INSERT INTO companies (ticker,name,exchange,sector,sub_sector,compare_group,business_core,source_note,moat_note,value_chain_position,value_chain_note,as_of,fetched_at) VALUES ('CGPOWER','CG Power and Industrial Solutions','NSE','Capital Goods','Power & Industrial Equipment','Capital Goods','CG Power and Industrial Solutions manufactures power equipment (transformers, switchgears), industrial motors, and rail transportation systems, and has recently expanded into semiconductor assembly and testing through its CG Semi subsidiary. Part of the Murugappa Group (via Tube Investments of India), it is a major Indian electrical equipment manufacturer undergoing rapid capacity expansion.','CG Power FY26 & Q4 FY26 results coverage (Power Peak Digest, Tickertape); Screener.in','Established brand trust and manufacturing scale in power equipment built over decades under the Murugappa Group umbrella, now reinforced by an early, capital-backed entry into semiconductor assembly and testing — a genuinely differentiated diversification most power equipment peers lack.','CG Power manufactures transformers, switchgears and industrial motors sold to utilities, industrial customers and infrastructure developers, plus rail transportation equipment, and has now added semiconductor assembly and testing services — positioning it both as a traditional power equipment supplier and an emerging participant in India''s electronics manufacturing supply chain.','The move into semiconductor assembly and testing (via CG Semi) is a genuine strategic diversification beyond CG Power''s traditional power equipment business, positioning it to benefit from India''s government-backed semiconductor manufacturing push — a structurally different growth vector than its legacy transformer and motor businesses.','FY26 (year ended 31 Mar 2026)','2026-07-03');
INSERT INTO metric_snapshots (ticker,snapshot_date,metric_key,metric_value,metric_unit,metric_label,metric_note,status) VALUES ('CGPOWER','2026-03-31','revenue_growth_pct',25,'%','Revenue Growth (FY26, Consolidated)','Standalone FY26 revenue grew 21% to ₹11,331 crore.','verified');
INSERT INTO metric_snapshots (ticker,snapshot_date,metric_key,metric_value,metric_unit,metric_label,metric_note,status) VALUES ('CGPOWER','2026-03-31','pat_growth_pct',39,'%','PAT Growth (FY26, before exceptional items)',NULL,'verified');
INSERT INTO metric_snapshots (ticker,snapshot_date,metric_key,metric_value,metric_unit,metric_label,metric_note,status) VALUES ('CGPOWER','2026-03-31','order_backlog_cr',15719,'crore','Unexecuted Order Backlog (Standalone)','Power Systems backlog alone stands at ₹12,644 crore, giving multi-quarter revenue visibility.','verified');
INSERT INTO metric_snapshots (ticker,snapshot_date,metric_key,metric_value,metric_unit,metric_label,metric_note,status) VALUES ('CGPOWER','2026-03-31','working_capital_days',81.6,'days','Working Capital Days','Up sharply from 35.3 days — a genuine cash-conversion concern amid rapid growth.','verified');
INSERT INTO bull_bear_cases (ticker,snapshot_date,case_type,case_text,case_order) VALUES ('CGPOWER','2026-03-31','bull','FY26 consolidated revenue grew 25% to ₹12,418 crore with PAT (before exceptional items) up 39% to ₹1,352 crore, and an unexecuted order backlog of ₹15,719 crore — led by a ₹12,644 crore Power Systems backlog — gives exceptional multi-quarter revenue visibility.',1);
INSERT INTO bull_bear_cases (ticker,snapshot_date,case_type,case_text,case_order) VALUES ('CGPOWER','2026-03-31','bull','Transformer capacity has been ramped from ~17-18k MVA to nearly 65k MVA, targeting roughly 110,000 MVA by year-end, directly capturing India''s power infrastructure build-out demand.',2);
INSERT INTO bull_bear_cases (ticker,snapshot_date,case_type,case_text,case_order) VALUES ('CGPOWER','2026-03-31','bull','CG Semi, the company''s new semiconductor assembly and test subsidiary, commissioned its first facility in Sanand, Gujarat in August 2025 with a second facility underway — a genuine, early-mover position in India''s emerging semiconductor manufacturing ecosystem, backed by a ₹3,000 crore QIP raise.',3);
INSERT INTO bull_bear_cases (ticker,snapshot_date,case_type,case_text,case_order) VALUES ('CGPOWER','2026-03-31','bear','Working capital days nearly tripled from 35.3 to 81.6 — a significant deterioration in cash conversion that often accompanies rapid growth but deserves close monitoring as a potential early warning sign.',1);
INSERT INTO bull_bear_cases (ticker,snapshot_date,case_type,case_text,case_order) VALUES ('CGPOWER','2026-03-31','bear','Investments in the new semiconductor vertical are weighing on near-term margins, and the Industrial Systems segment faces margin pressure from product-mix shifts, competitive rail pricing, and higher material costs.',2);
INSERT INTO bull_bear_cases (ticker,snapshot_date,case_type,case_text,case_order) VALUES ('CGPOWER','2026-03-31','bear','At a P/E near 124x, the stock prices in years of continued exceptional execution across both its traditional power equipment business and its unproven new semiconductor venture — a demanding valuation with little room for missteps.',3);
INSERT INTO tech_geo_tags (ticker,label,tag_type,is_active) VALUES ('CGPOWER','India''s semiconductor manufacturing push, backed by government incentives, is driving CG Power''s diversification into chip assembly and testing through its new CG Semi subsidiary — an early-mover position in a strategically important emerging industry','tailwind',TRUE);
INSERT INTO tech_geo_tags (ticker,label,tag_type,is_active) VALUES ('CGPOWER','Massive transformer capacity expansion (from ~17-18k MVA toward a targeted 110,000 MVA) directly positions CG Power to capture India''s accelerating power infrastructure investment cycle','tailwind',TRUE);
INSERT INTO tech_geo_tags (ticker,label,tag_type,is_active) VALUES ('CGPOWER','Working capital days nearly tripling during a period of rapid growth is a pattern worth monitoring closely, as it can signal either temporary growth-related strain or a more structural cash conversion problem','risk',TRUE);
INSERT INTO chain_nodes (ticker,direction,node_name,tag,note) VALUES ('CGPOWER','upstream','Copper, steel & electronic component inputs',NULL,NULL);
INSERT INTO chain_nodes (ticker,direction,node_name,tag,note) VALUES ('CGPOWER','upstream','Semiconductor manufacturing equipment & materials, incl. new CG Semi facility',NULL,NULL);
INSERT INTO chain_nodes (ticker,direction,node_name,tag,note) VALUES ('CGPOWER','downstream','Power utilities & infrastructure developers — transformers & switchgears',NULL,NULL);
INSERT INTO chain_nodes (ticker,direction,node_name,tag,note) VALUES ('CGPOWER','downstream','Industrial customers — motors',NULL,NULL);
INSERT INTO chain_nodes (ticker,direction,node_name,tag,note) VALUES ('CGPOWER','downstream','Semiconductor assembly & test customers','tailwind','a new, high-growth vertical tied to India''s chip manufacturing push');
INSERT INTO mgmt_profiles (ticker,promoter_pct,promoter_who,pledge_note,capital_note,as_of,source_note) VALUES ('CGPOWER',56.4,'Tube Investments of India Limited (Murugappa Group)','No new encumbrance confirmed for FY26; existing previously-disclosed arrangements unchanged.','Completed a ₹3,000 crore Qualified Institutional Placement; approved a ₹748 crore greenfield switchgear expansion; declared an interim dividend of ₹1.30/share.','Mar 2026','Power Peak Digest FY26 results coverage; ScanX promoter filing coverage; Tickertape Q4 FY26 earnings call summary');
INSERT INTO metric_snapshots (ticker,snapshot_date,metric_key,metric_value,metric_unit,metric_label,status) VALUES ('CGPOWER','2026-03-31','market_cap_cr',151104,'crore','Market Capitalisation','verified');
INSERT INTO companies (ticker,name,exchange,sector,sub_sector,compare_group,business_core,source_note,moat_note,value_chain_position,value_chain_note,as_of,fetched_at) VALUES ('LTIM','LTIMindtree','NSE','IT Services','IT Services & Consulting','IT Services','LTIMindtree provides IT services and consulting across digital transformation, cloud, data and enterprise applications for global clients, as a subsidiary of the Larsen & Toubro Group. It is India''s sixth-largest IT services provider by market capitalisation, formed from the 2022 merger of L&T Infotech and Mindtree.','LTIMindtree Q4 FY26 results coverage (MarketsMojo); Screener.in','Scale as India''s sixth-largest IT services provider with an asset-light, high-return business model (ROCE near 49%), backed by the Larsen & Toubro Group''s brand and relationships, though operating in a competitive market without a structural moat beyond talent and client relationships.','LTIMindtree provides IT services, consulting and digital transformation work to global enterprise clients, converting skilled technology talent into billable services — an asset-light, people-driven business model positioned downstream of client technology budgets rather than any physical supply chain.','As a Larsen & Toubro Group subsidiary, LTIMindtree benefits from the parent''s brand and potential cross-referral relationships, though it operates independently in the globally competitive IT services market alongside peers like TCS, Infosys, HCLTech, Wipro and Tech Mahindra elsewhere in this dataset.','FY26 (year ended 31 Mar 2026)','2026-07-03');
INSERT INTO metric_snapshots (ticker,snapshot_date,metric_key,metric_value,metric_unit,metric_label,metric_note,status) VALUES ('LTIM','2026-03-31','revenue_growth_pct',15.56,'%','Revenue Growth (Q4 YoY)','Q4 FY26 revenue of ₹11,291.70 crore — the highest quarterly sales in company history.','verified');
INSERT INTO metric_snapshots (ticker,snapshot_date,metric_key,metric_value,metric_unit,metric_label,metric_note,status) VALUES ('LTIM','2026-03-31','pat_growth_pct',23.38,'%','PAT Growth (Q4 YoY)',NULL,'verified');
INSERT INTO metric_snapshots (ticker,snapshot_date,metric_key,metric_value,metric_unit,metric_label,metric_note,status) VALUES ('LTIM','2026-03-31','operating_margin_pct',17.47,'%','Operating Margin (Q4)','Down from 18.58% the prior quarter — a 111 basis point sequential compression.','verified');
INSERT INTO metric_snapshots (ticker,snapshot_date,metric_key,metric_value,metric_unit,metric_label,metric_note,status) VALUES ('LTIM','2026-03-31','roce_pct',48.78,'%','Return on Capital Employed','Reflects an asset-light business model earning nearly ₹49 for every ₹100 of capital employed.','verified');
INSERT INTO bull_bear_cases (ticker,snapshot_date,case_type,case_text,case_order) VALUES ('LTIM','2026-03-31','bull','Q4 FY26 revenue reached an all-time high of ₹11,291.70 crore (+15.56% YoY), with consolidated PAT growing even faster at 23.38% YoY — genuine, accelerating momentum rather than a one-off beat.',1);
INSERT INTO bull_bear_cases (ticker,snapshot_date,case_type,case_text,case_order) VALUES ('LTIM','2026-03-31','bull','Return ratios are exceptional: average ROE of 26.97% and ROCE of 48.78% reflect a highly capital-efficient, asset-light business model that significantly outperforms many IT services peers.',2);
INSERT INTO bull_bear_cases (ticker,snapshot_date,case_type,case_text,case_order) VALUES ('LTIM','2026-03-31','bull','A comfortable current ratio above 3.5x and growing treasury investments reflect a genuinely strong balance sheet, providing ample liquidity to fund growth initiatives without financial strain.',3);
INSERT INTO bull_bear_cases (ticker,snapshot_date,case_type,case_text,case_order) VALUES ('LTIM','2026-03-31','bear','Operating margin compressed 111 basis points sequentially to 17.47%, driven by employee costs rising to 61.03% of revenue — wage inflation and talent retention costs are outpacing revenue growth, a genuine and persistent margin headwind.',1);
INSERT INTO bull_bear_cases (ticker,snapshot_date,case_type,case_text,case_order) VALUES ('LTIM','2026-03-31','bear','Despite strong operational performance, the stock has fallen 29.13% year-to-date, reflecting a significant disconnect between fundamentals and market sentiment that investors should understand rather than dismiss.',2);
INSERT INTO bull_bear_cases (ticker,snapshot_date,case_type,case_text,case_order) VALUES ('LTIM','2026-03-31','bear','FY26 operating margins averaged only marginally higher than FY25''s, showing that despite healthy revenue growth, the company has struggled to meaningfully expand margins in an increasingly competitive IT services market.',3);
INSERT INTO tech_geo_tags (ticker,label,tag_type,is_active) VALUES ('LTIM','Rising employee costs (61.03% of revenue, up from 60.75%) reflect ongoing wage inflation and talent retention pressures across the Indian IT services industry, directly compressing margins despite strong revenue growth','risk',TRUE);
INSERT INTO tech_geo_tags (ticker,label,tag_type,is_active) VALUES ('LTIM','Record quarterly revenue despite a challenging global macro environment for technology spending suggests LTIMindtree is winning market share even as overall IT budgets remain cautious','tailwind',TRUE);
INSERT INTO tech_geo_tags (ticker,label,tag_type,is_active) VALUES ('LTIM','A significant disconnect between strong operational results and a 29.13% year-to-date stock decline suggests broader IT services sector sentiment concerns are weighing on the stock beyond company-specific fundamentals','neutral',TRUE);
INSERT INTO chain_nodes (ticker,direction,node_name,tag,note) VALUES ('LTIM','upstream','Technology talent & skilled workforce',NULL,NULL);
INSERT INTO chain_nodes (ticker,direction,node_name,tag,note) VALUES ('LTIM','upstream','Larsen & Toubro Group brand & relationships',NULL,NULL);
INSERT INTO chain_nodes (ticker,direction,node_name,tag,note) VALUES ('LTIM','downstream','Global enterprise clients — digital transformation & IT services',NULL,NULL);
INSERT INTO chain_nodes (ticker,direction,node_name,tag,note) VALUES ('LTIM','downstream','Cloud, data & enterprise application consulting engagements',NULL,NULL);
INSERT INTO mgmt_profiles (ticker,promoter_pct,promoter_who,pledge_note,capital_note,as_of,source_note) VALUES ('LTIM',68,'Larsen & Toubro Group (exact current percentage not independently disclosed in available results coverage)','No pledge flagged in current shareholding trackers.','Continues investing in talent and capability development amid competitive wage pressure; maintains strong liquidity with current ratio above 3.5x.','Mar 2026','MarketsMojo Q4 FY26 result analysis; Screener.in');
INSERT INTO metric_snapshots (ticker,snapshot_date,metric_key,metric_value,metric_unit,metric_label,status) VALUES ('LTIM','2026-03-31','market_cap_cr',127448,'crore','Market Capitalisation','verified');
INSERT INTO companies (ticker,name,exchange,sector,sub_sector,compare_group,business_core,source_note,moat_note,value_chain_position,value_chain_note,as_of,fetched_at) VALUES ('ENRIN','Siemens Energy India','NSE','Power','Power Transmission & Generation Equipment (MNC)','Power','Siemens Energy India designs and supplies power transmission and power generation equipment, including grid technologies and turbines, to utilities and industrial customers. The company was demerged from Siemens Ltd''s India operations in March 2025, becoming an independently listed entity focused specifically on the energy equipment business that Siemens Ltd previously housed internally.','Siemens Energy India results coverage (Business Standard, ScanX); Screener.in','Siemens global engineering technology and brand trust in power transmission and generation equipment, combined with deep, longstanding utility customer relationships inherited from its time as part of Siemens Ltd''s India operations.','Siemens Energy India manufactures and supplies power transmission equipment (grid technologies, transformers) and power generation equipment (turbines) to utility and industrial customers, positioning it as a critical equipment supplier to the same power generation and transmission companies covered elsewhere in this dataset.','As a demerged entity from Siemens Ltd (also in this dataset), Siemens Energy India''s separate listing is itself a real, current structural event — the two companies share a corporate history but now operate, report and trade completely independently, a useful example of how corporate structures in this dataset can change over time.','Quarter ended Mar 2026 (SEIL follows an Oct-Sep fiscal year)','2026-07-03');
INSERT INTO metric_snapshots (ticker,snapshot_date,metric_key,metric_value,metric_unit,metric_label,metric_note,status) VALUES ('ENRIN','2026-03-31','revenue_growth_pct',27.4,'%','Revenue Growth (Quarter YoY)','Revenue of ₹2,394 crore for the quarter ended March 2026.','verified');
INSERT INTO metric_snapshots (ticker,snapshot_date,metric_key,metric_value,metric_unit,metric_label,metric_note,status) VALUES ('ENRIN','2026-03-31','pat_growth_pct',52.4,'%','PAT Growth (Quarter YoY)','Net profit of ₹375 crore, up from ₹246 crore a year earlier.','verified');
INSERT INTO metric_snapshots (ticker,snapshot_date,metric_key,metric_value,metric_unit,metric_label,metric_note,status) VALUES ('ENRIN','2026-03-31','order_backlog_growth_pct',22.2,'%','Order Backlog Growth (YoY)','Order backlog expanded to ₹18,433 crore.','verified');
INSERT INTO metric_snapshots (ticker,snapshot_date,metric_key,metric_value,metric_unit,metric_label,metric_note,status) VALUES ('ENRIN','2026-03-31','pb_ratio',26.3,'x','Price / Book Ratio','Reflects a very premium valuation for a newly-independent, high-growth entity.','verified');
INSERT INTO bull_bear_cases (ticker,snapshot_date,case_type,case_text,case_order) VALUES ('ENRIN','2026-03-31','bull','Revenue grew 27.4% and net profit surged 52.4% YoY for the quarter ended March 2026, with EBIT margin improving 160 basis points YoY — genuine, accelerating profitable growth since becoming independently listed.',1);
INSERT INTO bull_bear_cases (ticker,snapshot_date,case_type,case_text,case_order) VALUES ('ENRIN','2026-03-31','bull','Order backlog expanded 22.2% YoY to ₹18,433 crore, driven by robust growth in both Power Transmission and Power Generation segments, providing strong multi-quarter revenue visibility.',2);
INSERT INTO bull_bear_cases (ticker,snapshot_date,case_type,case_text,case_order) VALUES ('ENRIN','2026-03-31','bull','The company is investing in significant capacity expansion — including a new Greenfield Transformer factory — directly positioning it to capture India''s accelerating power infrastructure and grid modernisation investment cycle.',3);
INSERT INTO bull_bear_cases (ticker,snapshot_date,case_type,case_text,case_order) VALUES ('ENRIN','2026-03-31','bear','As a newly demerged entity (separated from Siemens Ltd in March 2025), Siemens Energy India has limited independent trading history, making multi-year historical comparisons and valuation benchmarking genuinely difficult.',1);
INSERT INTO bull_bear_cases (ticker,snapshot_date,case_type,case_text,case_order) VALUES ('ENRIN','2026-03-31','bear','At a P/B ratio of 26.3x, the stock is priced at a significant premium, leaving little room for execution missteps as the company builds out its independent operating track record.',2);
INSERT INTO bull_bear_cases (ticker,snapshot_date,case_type,case_text,case_order) VALUES ('ENRIN','2026-03-31','bear','New Power Transmission orders showed a sequential decline in the first half of the fiscal year compared to the prior year, raising questions about whether order intake momentum can be sustained at the pace embedded in current valuations.',3);
INSERT INTO tech_geo_tags (ticker,label,tag_type,is_active) VALUES ('ENRIN','India''s grid modernisation and power infrastructure investment cycle is directly driving order growth for Siemens Energy India''s transmission and generation equipment, mirroring the capacity expansion themes seen at power sector peers elsewhere in this dataset','tailwind',TRUE);
INSERT INTO tech_geo_tags (ticker,label,tag_type,is_active) VALUES ('ENRIN','As a recently demerged, independently listed entity, the company''s short trading history and evolving investor understanding of its standalone financials add a distinct layer of valuation uncertainty','neutral',TRUE);
INSERT INTO tech_geo_tags (ticker,label,tag_type,is_active) VALUES ('ENRIN','Investment in a new Greenfield Transformer factory signals confidence in sustained multi-year demand for grid equipment as India''s transmission network expands to accommodate renewable energy integration','tailwind',TRUE);
INSERT INTO chain_nodes (ticker,direction,node_name,tag,note) VALUES ('ENRIN','upstream','Siemens Energy global engineering & technology transfer',NULL,NULL);
INSERT INTO chain_nodes (ticker,direction,node_name,tag,note) VALUES ('ENRIN','upstream','Electrical steel, copper & transformer component inputs',NULL,NULL);
INSERT INTO chain_nodes (ticker,direction,node_name,tag,note) VALUES ('ENRIN','downstream','Power utilities & grid operators, incl. peers like Power Grid elsewhere in this dataset',NULL,NULL);
INSERT INTO chain_nodes (ticker,direction,node_name,tag,note) VALUES ('ENRIN','downstream','Power generation companies — turbines and generation equipment','tailwind','direct equipment supplier to the power sector capacity expansion covered elsewhere in this dataset');
INSERT INTO mgmt_profiles (ticker,promoter_pct,promoter_who,pledge_note,capital_note,as_of,source_note) VALUES ('ENRIN',75.0,'Siemens AG (Germany), via Siemens Energy global structure','No pledge flagged in current shareholding trackers.','Investing significantly in capacity expansion, including a new Greenfield Transformer factory, to capture India''s power infrastructure investment cycle.','Mar 2026','Business Standard & ScanX results coverage; Screener.in');
INSERT INTO metric_snapshots (ticker,snapshot_date,metric_key,metric_value,metric_unit,metric_label,status) VALUES ('ENRIN','2026-03-31','market_cap_cr',126405,'crore','Market Capitalisation','verified');
INSERT INTO companies (ticker,name,exchange,sector,sub_sector,compare_group,business_core,source_note,moat_note,value_chain_position,value_chain_note,as_of,fetched_at) VALUES ('LODHA','Lodha (Macrotech Developers)','NSE','Realty','Residential Real Estate Developer','Realty','Lodha (formerly Macrotech Developers) develops residential and commercial real estate primarily in Mumbai, Pune and Bengaluru, under the LODHA, LODHA LUXURY and PALAVA brand names, with recent expansion into Delhi NCR. It is one of India''s largest listed real estate developers by pre-sales, with a stated goal of accelerating both sales and profit growth over the coming years.','Lodha (Macrotech Developers) FY26 results coverage (5paisa, company Q4 FY26 earnings transcript); Screener.in','A premium brand built over decades in India''s most valuable residential real estate markets (Mumbai Metropolitan Region), combined with a large land bank and demonstrated execution capability that new entrants would need many years and enormous capital to replicate.','Lodha acquires land, develops residential and commercial real estate projects, and sells completed or under-construction units to homebuyers and investors, primarily in India''s most expensive metro markets (Mumbai, Pune, Bengaluru, and now Delhi NCR) — a large-scale, brand-driven residential developer positioned at the premium end of India''s real estate market.','Lodha''s expansion into Delhi NCR represents a genuine geographic diversification beyond its historical Mumbai Metropolitan Region stronghold, a strategic shift that broadens its addressable market but also introduces execution risk in markets where the brand has less established presence.','FY26 (year ended 31 Mar 2026)','2026-07-03');
INSERT INTO metric_snapshots (ticker,snapshot_date,metric_key,metric_value,metric_unit,metric_label,metric_note,status) VALUES ('LODHA','2026-03-31','presales_growth_pct',28,'%','Pre-Sales CAGR (FY21-FY26)','Pre-sales grew from ₹6,000 crore (FY21) to ₹20,500 crore (FY26).','verified');
INSERT INTO metric_snapshots (ticker,snapshot_date,metric_key,metric_value,metric_unit,metric_label,metric_note,status) VALUES ('LODHA','2026-03-31','pat_growth_pct',24.02,'%','PAT Growth (FY26)','FY26 PAT reached ₹3,431 crore.','verified');
INSERT INTO metric_snapshots (ticker,snapshot_date,metric_key,metric_value,metric_unit,metric_label,metric_note,status) VALUES ('LODHA','2026-03-31','pat_margin_pct',20,'%','PAT Margin (FY26)',NULL,'verified');
INSERT INTO metric_snapshots (ticker,snapshot_date,metric_key,metric_value,metric_unit,metric_label,metric_note,status) VALUES ('LODHA','2026-03-31','roe_pct',13.8,'%','Return on Equity','Modest relative to the company''s strong reported margins, reflecting a large capital base.','verified');
INSERT INTO bull_bear_cases (ticker,snapshot_date,case_type,case_text,case_order) VALUES ('LODHA','2026-03-31','bull','FY26 pre-sales reached ₹20,500 crore, a 28% CAGR since FY21''s COVID-low base of ₹6,000 crore, with PAT growing more than six-fold over the same period to ₹3,431 crore at a 20% margin.',1);
INSERT INTO bull_bear_cases (ticker,snapshot_date,case_type,case_text,case_order) VALUES ('LODHA','2026-03-31','bull','Management has set an explicit medium-term target of 20% PAT CAGR, aiming to grow annual profit from ₹3,400 crore (FY26) to more than ₹8,500 crore by FY31 — a clearly communicated, ambitious growth roadmap.',2);
INSERT INTO bull_bear_cases (ticker,snapshot_date,case_type,case_text,case_order) VALUES ('LODHA','2026-03-31','bull','The company is actively expanding beyond its core Mumbai/Pune/Bengaluru markets into Delhi NCR, with ~₹19,000 crore of new project launches planned across its existing core cities, diversifying its geographic growth base.',3);
INSERT INTO bull_bear_cases (ticker,snapshot_date,case_type,case_text,case_order) VALUES ('LODHA','2026-03-31','bear','Return on equity of just 13.8% is modest for a company reporting 20% PAT margins, suggesting a large capital base that isn''t yet generating proportionate shareholder returns — worth watching as the company scales.',1);
INSERT INTO bull_bear_cases (ticker,snapshot_date,case_type,case_text,case_order) VALUES ('LODHA','2026-03-31','bear','A former director of the company (prior to its rename from Macrotech Developers) was reported arrested by Mumbai crime branch on matters unrelated to routine business operations — while not a company-wide financial concern, it is a governance matter worth being aware of.',2);
INSERT INTO bull_bear_cases (ticker,snapshot_date,case_type,case_text,case_order) VALUES ('LODHA','2026-03-31','bear','Real estate developer earnings are inherently tied to property market cycles and project completion timing; sustaining a 20% PAT CAGR through FY31 requires consistent execution across multiple new geographic markets simultaneously.',3);
INSERT INTO tech_geo_tags (ticker,label,tag_type,is_active) VALUES ('LODHA','India''s premium residential real estate upcycle continues to support strong pre-sales growth for established developers with strong brands and execution track records, mirroring trends seen at peer DLF elsewhere in this dataset','tailwind',TRUE);
INSERT INTO tech_geo_tags (ticker,label,tag_type,is_active) VALUES ('LODHA','Expansion into Delhi NCR, a new geographic market, tests whether Lodha''s Mumbai-honed brand and execution model can be successfully replicated in a market with different dynamics and established local competitors','neutral',TRUE);
INSERT INTO tech_geo_tags (ticker,label,tag_type,is_active) VALUES ('LODHA','Management''s explicit 20% PAT CAGR target through FY31 sets a clear, trackable benchmark against which future performance can be measured — a level of forward guidance specificity that''s relatively rare in Indian real estate','neutral',TRUE);
INSERT INTO chain_nodes (ticker,direction,node_name,tag,note) VALUES ('LODHA','upstream','Land acquisition across Mumbai, Pune, Bengaluru & new Delhi NCR market',NULL,NULL);
INSERT INTO chain_nodes (ticker,direction,node_name,tag,note) VALUES ('LODHA','upstream','Construction contractors & building material suppliers',NULL,NULL);
INSERT INTO chain_nodes (ticker,direction,node_name,tag,note) VALUES ('LODHA','downstream','Premium & luxury residential homebuyers',NULL,NULL);
INSERT INTO chain_nodes (ticker,direction,node_name,tag,note) VALUES ('LODHA','downstream','Commercial real estate tenants & buyers',NULL,NULL);
INSERT INTO chain_nodes (ticker,direction,node_name,tag,note) VALUES ('LODHA','downstream','New geographic markets — Delhi NCR expansion','tailwind','diversifies beyond the historical Mumbai Metropolitan Region stronghold');
INSERT INTO mgmt_profiles (ticker,promoter_pct,promoter_who,pledge_note,capital_note,as_of,source_note) VALUES ('LODHA',72.3,'Lodha family','No pledge flagged in current shareholding trackers.','Planning approximately ₹19,000 crore of new project launches across Mumbai, Pune and Bengaluru, alongside continued Delhi NCR market entry, funded by strong pre-sales cash flow and a low net debt position.','Mar 2026','Screener.in; 5paisa & company Q4 FY26 earnings call transcript coverage');
INSERT INTO metric_snapshots (ticker,snapshot_date,metric_key,metric_value,metric_unit,metric_label,status) VALUES ('LODHA','2026-03-31','market_cap_cr',101853,'crore','Market Capitalisation','verified');


COMMIT;
